date,sst
1981-09-01,28.829999923706055
1981-09-02,28.829999923706055
1981-09-03,28.81999969482422
1981-09-04,29.939998626708984
1981-09-05,30.739999771118164
1981-09-06,30.719999313354492
1981-09-07,30.56999969482422
1981-09-08,30.529998779296875
1981-09-09,30.420000076293945
1981-09-10,30.309999465942383
1981-09-11,30.26999855041504
1981-09-12,30.229999542236328
1981-09-13,30.899999618530273
1981-09-14,31.149999618530273
1981-09-15,30.979999542236328
1981-09-16,30.479999542236328
1981-09-17,30.40999984741211
1981-09-18,30.34000015258789
1981-09-19,30.279998779296875
1981-09-20,30.079999923706055
1981-09-21,29.670000076293945
1981-09-22,29.559999465942383
1981-09-23,29.67999839782715
1981-09-24,29.60999870300293
1981-09-25,29.51999855041504
1981-09-26,29.459999084472656
1981-09-27,29.420000076293945
1981-09-28,29.40999984741211
1981-09-29,29.399999618530273
1981-09-30,29.3799991607666
1981-10-01,29.489999771118164
1981-10-02,29.40999984741211
1981-10-03,29.349998474121094
1981-10-04,29.469999313354492
1981-10-05,29.459999084472656
1981-10-06,30.26999855041504
1981-10-07,30.010000228881836
1981-10-08,29.959999084472656
1981-10-09,29.969999313354492
1981-10-10,29.979999542236328
1981-10-11,29.979999542236328
1981-10-12,28.85999870300293
1981-10-13,28.579999923706055
1981-10-14,28.549999237060547
1981-10-15,28.619998931884766
1981-10-16,28.939998626708984
1981-10-17,28.959999084472656
1981-10-18,30.809999465942383
1981-10-19,31.329999923706055
1981-10-20,31.469999313354492
1981-10-21,31.31999969482422
1981-10-22,30.729999542236328
1981-10-23,30.489999771118164
1981-10-24,30.309999465942383
1981-10-25,29.639999389648438
1981-10-26,29.739999771118164
1981-10-27,29.78999900817871
1981-10-28,28.869998931884766
1981-10-29,29.170000076293945
1981-10-30,29.369998931884766
1981-10-31,29.649999618530273
1981-11-01,30.619998931884766
1981-11-02,30.739999771118164
1981-11-03,30.719999313354492
1981-11-04,30.67999839782715
1981-11-05,30.639999389648438
1981-11-06,30.59000015258789
1981-11-07,30.649999618530273
1981-11-08,30.90999984741211
1981-11-09,28.510000228881836
1981-11-10,27.869998931884766
1981-11-11,27.5
1981-11-12,27.219999313354492
1981-11-13,27.279998779296875
1981-11-14,27.329999923706055
1981-11-15,27.369998931884766
1981-11-16,27.34000015258789
1981-11-17,27.420000076293945
1981-11-18,27.06999969482422
1981-11-19,27.06999969482422
1981-11-20,27.489999771118164
1981-11-21,27.639999389648438
1981-11-22,27.709999084472656
1981-11-23,27.84000015258789
1981-11-24,29.389999389648438
1981-11-25,29.67999839782715
1981-11-26,29.059999465942383
1981-11-27,28.829999923706055
1981-11-28,28.869998931884766
1981-11-29,28.869998931884766
1981-11-30,28.989999771118164
1981-12-01,28.65999984741211
1981-12-02,28.549999237060547
1981-12-03,28.349998474121094
1981-12-04,26.5
1981-12-05,26.059999465942383
1981-12-06,26.01999855041504
1981-12-07,26.079999923706055
1981-12-08,26.119998931884766
1981-12-09,25.829999923706055
1981-12-10,25.59000015258789
1981-12-11,26.099998474121094
1981-12-12,26.399999618530273
1981-12-13,26.439998626708984
1981-12-14,26.26999855041504
1981-12-15,26.18000030517578
1981-12-16,25.939998626708984
1981-12-17,25.920000076293945
1981-12-18,25.8799991607666
1981-12-19,25.779998779296875
1981-12-20,25.549999237060547
1981-12-21,25.28999900817871
1981-12-22,25.029998779296875
1981-12-23,24.84000015258789
1981-12-24,24.68000030517578
1981-12-25,24.369998931884766
1981-12-26,24.600000381469727
1981-12-27,25.989999771118164
1981-12-28,26.75
1981-12-29,26.78999900817871
1981-12-30,26.209999084472656
1981-12-31,26.03999900817871
1982-01-01,25.8799991607666
1982-01-02,25.799999237060547
1982-01-03,25.51999855041504
1982-01-04,26.099998474121094
1982-01-05,27.19999885559082
1982-01-06,26.849998474121094
1982-01-07,26.439998626708984
1982-01-08,26.3799991607666
1982-01-09,26.06999969482422
1982-01-10,25.76999855041504
1982-01-11,25.719999313354492
1982-01-12,25.809999465942383
1982-01-13,26.599998474121094
1982-01-14,27.0
1982-01-15,27.439998626708984
1982-01-16,26.920000076293945
1982-01-17,26.60999870300293
1982-01-18,26.3799991607666
1982-01-19,26.389999389648438
1982-01-20,26.40999984741211
1982-01-21,27.389999389648438
1982-01-22,27.51999855041504
1982-01-23,27.31999969482422
1982-01-24,27.15999984741211
1982-01-25,26.969999313354492
1982-01-26,26.93000030517578
1982-01-27,26.90999984741211
1982-01-28,26.85999870300293
1982-01-29,26.920000076293945
1982-01-30,27.399999618530273
1982-01-31,27.799999237060547
1982-02-01,27.799999237060547
1982-02-02,27.709999084472656
1982-02-03,27.56999969482422
1982-02-04,27.189998626708984
1982-02-05,27.349998474121094
1982-02-06,27.279998779296875
1982-02-07,27.84000015258789
1982-02-08,27.84000015258789
1982-02-09,27.51999855041504
1982-02-10,27.599998474121094
1982-02-11,28.059999465942383
1982-02-12,28.26999855041504
1982-02-13,28.01999855041504
1982-02-14,28.099998474121094
1982-02-15,28.15999984741211
1982-02-16,28.03999900817871
1982-02-17,27.760000228881836
1982-02-18,27.719999313354492
1982-02-19,27.799999237060547
1982-02-20,28.049999237060547
1982-02-21,28.170000076293945
1982-02-22,28.349998474121094
1982-02-23,28.510000228881836
1982-02-24,28.84000015258789
1982-02-25,29.219999313354492
1982-02-26,29.010000228881836
1982-02-27,29.06999969482422
1982-02-28,29.1299991607666
1982-03-01,28.959999084472656
1982-03-02,28.420000076293945
1982-03-03,28.479999542236328
1982-03-04,29.01999855041504
1982-03-05,29.279998779296875
1982-03-06,29.349998474121094
1982-03-07,29.209999084472656
1982-03-08,29.15999984741211
1982-03-09,28.969999313354492
1982-03-10,29.099998474121094
1982-03-11,29.35999870300293
1982-03-12,29.35999870300293
1982-03-13,29.079999923706055
1982-03-14,29.059999465942383
1982-03-15,28.78999900817871
1982-03-16,28.69999885559082
1982-03-17,28.779998779296875
1982-03-18,29.299999237060547
1982-03-19,29.469999313354492
1982-03-20,29.3799991607666
1982-03-21,29.34000015258789
1982-03-22,29.28999900817871
1982-03-23,29.25
1982-03-24,29.219999313354492
1982-03-25,29.34000015258789
1982-03-26,29.42999839782715
1982-03-27,29.439998626708984
1982-03-28,29.439998626708984
1982-03-29,29.399999618530273
1982-03-30,29.28999900817871
1982-03-31,29.689998626708984
1982-04-01,29.81999969482422
1982-04-02,29.739999771118164
1982-04-03,29.639999389648438
1982-04-04,29.26999855041504
1982-04-05,29.399999618530273
1982-04-06,29.709999084472656
1982-04-07,29.510000228881836
1982-04-08,29.329999923706055
1982-04-09,29.329999923706055
1982-04-10,31.219999313354492
1982-04-11,31.739999771118164
1982-04-12,31.619998931884766
1982-04-13,30.719999313354492
1982-04-14,30.639999389648438
1982-04-15,30.670000076293945
1982-04-16,29.649999618530273
1982-04-17,28.959999084472656
1982-04-18,28.34000015258789
1982-04-19,28.149999618530273
1982-04-20,30.60999870300293
1982-04-21,30.19999885559082
1982-04-22,29.619998931884766
1982-04-23,30.209999084472656
1982-04-24,30.34000015258789
1982-04-25,30.619998931884766
1982-04-26,30.469999313354492
1982-04-27,30.489999771118164
1982-04-28,29.939998626708984
1982-04-29,30.17999839782715
1982-04-30,30.60999870300293
1982-05-01,30.899999618530273
1982-05-02,30.979999542236328
1982-05-03,31.149999618530273
1982-05-04,29.60999870300293
1982-05-05,29.51999855041504
1982-05-06,29.44999885559082
1982-05-07,29.309999465942383
1982-05-08,28.920000076293945
1982-05-09,28.719999313354492
1982-05-10,28.549999237060547
1982-05-11,28.439998626708984
1982-05-12,30.76999855041504
1982-05-13,30.92999839782715
1982-05-14,30.899999618530273
1982-05-15,30.25
1982-05-16,29.90999984741211
1982-05-17,29.84000015258789
1982-05-18,29.849998474121094
1982-05-19,29.849998474121094
1982-05-20,29.69999885559082
1982-05-21,30.079999923706055
1982-05-22,30.189998626708984
1982-05-23,30.299999237060547
1982-05-24,29.69999885559082
1982-05-25,30.119998931884766
1982-05-26,30.229999542236328
1982-05-27,30.149999618530273
1982-05-28,30.119998931884766
1982-05-29,30.10999870300293
1982-05-30,30.09000015258789
1982-05-31,29.989999771118164
1982-06-01,29.739999771118164
1982-06-02,29.619998931884766
1982-06-03,29.599998474121094
1982-06-04,29.670000076293945
1982-06-05,29.979999542236328
1982-06-06,30.309999465942383
1982-06-07,30.44999885559082
1982-06-08,30.469999313354492
1982-06-09,30.369998931884766
1982-06-10,30.25
1982-06-11,30.189998626708984
1982-06-12,30.15999984741211
1982-06-13,30.139999389648438
1982-06-14,30.10999870300293
1982-06-15,30.099998474121094
1982-06-16,29.829999923706055
1982-06-17,29.90999984741211
1982-06-18,30.15999984741211
1982-06-19,30.09000015258789
1982-06-20,29.979999542236328
1982-06-21,29.979999542236328
1982-06-22,29.969999313354492
1982-06-23,29.969999313354492
1982-06-24,29.959999084472656
1982-06-25,29.92999839782715
1982-06-26,29.8799991607666
1982-06-27,29.85999870300293
1982-06-28,29.849998474121094
1982-06-29,29.76999855041504
1982-06-30,29.599998474121094
1982-07-01,29.549999237060547
1982-07-02,29.51999855041504
1982-07-03,29.489999771118164
1982-07-04,29.51999855041504
1982-07-05,29.689998626708984
1982-07-06,29.56999969482422
1982-07-07,29.34000015258789
1982-07-08,29.35999870300293
1982-07-09,29.369998931884766
1982-07-10,29.31999969482422
1982-07-11,30.729999542236328
1982-07-12,31.0
1982-07-13,30.989999771118164
1982-07-14,30.8799991607666
1982-07-15,30.779998779296875
1982-07-16,30.67999839782715
1982-07-17,30.599998474121094
1982-07-18,30.51999855041504
1982-07-19,30.92999839782715
1982-07-20,30.76999855041504
1982-07-21,30.719999313354492
1982-07-22,30.65999984741211
1982-07-23,30.809999465942383
1982-07-24,30.829999923706055
1982-07-25,30.78999900817871
1982-07-26,30.739999771118164
1982-07-27,30.69999885559082
1982-07-28,29.59000015258789
1982-07-29,28.76999855041504
1982-07-30,28.6299991607666
1982-07-31,28.60999870300293
1982-08-01,28.59000015258789
1982-08-02,28.56999969482422
1982-08-03,28.549999237060547
1982-08-04,28.529998779296875
1982-08-05,28.510000228881836
1982-08-06,28.479999542236328
1982-08-07,28.40999984741211
1982-08-08,28.299999237060547
1982-08-09,28.43000030517578
1982-08-10,28.44999885559082
1982-08-11,28.439998626708984
1982-08-12,28.439998626708984
1982-08-13,28.43000030517578
1982-08-14,28.40999984741211
1982-08-15,28.75
1982-08-16,29.170000076293945
1982-08-17,29.209999084472656
1982-08-18,29.17999839782715
1982-08-19,29.15999984741211
1982-08-20,29.139999389648438
1982-08-21,29.119998931884766
1982-08-22,29.099998474121094
1982-08-23,29.079999923706055
1982-08-24,29.059999465942383
1982-08-25,29.049999237060547
1982-08-26,28.69999885559082
1982-08-27,28.709999084472656
1982-08-28,28.69999885559082
1982-08-29,28.68000030517578
1982-08-30,28.670000076293945
1982-08-31,29.92999839782715
1982-09-01,29.979999542236328
1982-09-02,30.099998474121094
1982-09-03,29.889999389648438
1982-09-04,29.81999969482422
1982-09-05,29.65999984741211
1982-09-06,29.510000228881836
1982-09-07,29.459999084472656
1982-09-08,29.619998931884766
1982-09-09,29.549999237060547
1982-09-10,29.489999771118164
1982-09-11,29.469999313354492
1982-09-12,29.5
1982-09-13,30.25
1982-09-14,29.979999542236328
1982-09-15,29.979999542236328
1982-09-16,29.979999542236328
1982-09-17,29.90999984741211
1982-09-18,29.349998474121094
1982-09-19,29.189998626708984
1982-09-20,29.029998779296875
1982-09-21,29.69999885559082
1982-09-22,30.28999900817871
1982-09-23,30.439998626708984
1982-09-24,30.40999984741211
1982-09-25,30.349998474121094
1982-09-26,30.260000228881836
1982-09-27,30.219999313354492
1982-09-28,30.189998626708984
1982-09-29,30.170000076293945
1982-09-30,30.139999389648438
1982-10-01,30.10999870300293
1982-10-02,29.729999542236328
1982-10-03,29.5
1982-10-04,29.649999618530273
1982-10-05,29.76999855041504
1982-10-06,29.920000076293945
1982-10-07,29.779998779296875
1982-10-08,29.44999885559082
1982-10-09,29.309999465942383
1982-10-10,29.299999237060547
1982-10-11,29.28999900817871
1982-10-12,29.279998779296875
1982-10-13,29.15999984741211
1982-10-14,29.099998474121094
1982-10-15,29.209999084472656
1982-10-16,29.299999237060547
1982-10-17,29.299999237060547
1982-10-18,29.260000228881836
1982-10-19,29.239999771118164
1982-10-20,29.06999969482422
1982-10-21,29.309999465942383
1982-10-22,29.69999885559082
1982-10-23,29.719999313354492
1982-10-24,29.69999885559082
1982-10-25,29.709999084472656
1982-10-26,29.719999313354492
1982-10-27,29.969999313354492
1982-10-28,30.44999885559082
1982-10-29,30.51999855041504
1982-10-30,30.649999618530273
1982-10-31,30.26999855041504
1982-11-01,30.219999313354492
1982-11-02,30.31999969482422
1982-11-03,30.26999855041504
1982-11-04,29.84000015258789
1982-11-05,30.799999237060547
1982-11-06,31.5
1982-11-07,30.84000015258789
1982-11-08,30.26999855041504
1982-11-09,30.17999839782715
1982-11-10,30.149999618530273
1982-11-11,30.139999389648438
1982-11-12,29.689998626708984
1982-11-13,29.6299991607666
1982-11-14,30.459999084472656
1982-11-15,30.689998626708984
1982-11-16,30.219999313354492
1982-11-17,29.60999870300293
1982-11-18,28.939998626708984
1982-11-19,28.729999542236328
1982-11-20,30.03999900817871
1982-11-21,30.53999900817871
1982-11-22,30.979999542236328
1982-11-23,30.899999618530273
1982-11-24,30.84000015258789
1982-11-25,30.809999465942383
1982-11-26,29.599998474121094
1982-11-27,29.279998779296875
1982-11-28,29.28999900817871
1982-11-29,29.309999465942383
1982-11-30,29.25
1982-12-01,29.3799991607666
1982-12-02,29.329999923706055
1982-12-03,28.989999771118164
1982-12-04,28.920000076293945
1982-12-05,29.03999900817871
1982-12-06,28.889999389648438
1982-12-07,28.60999870300293
1982-12-08,28.6299991607666
1982-12-09,28.969999313354492
1982-12-10,29.19999885559082
1982-12-11,29.170000076293945
1982-12-12,29.079999923706055
1982-12-13,28.989999771118164
1982-12-14,28.989999771118164
1982-12-15,28.619998931884766
1982-12-16,27.849998474121094
1982-12-17,27.5
1982-12-18,26.959999084472656
1982-12-19,26.649999618530273
1982-12-20,26.26999855041504
1982-12-21,26.239999771118164
1982-12-22,25.979999542236328
1982-12-23,25.85999870300293
1982-12-24,25.56999969482422
1982-12-25,25.84000015258789
1982-12-26,25.689998626708984
1982-12-27,25.420000076293945
1982-12-28,25.350000381469727
1982-12-29,25.25
1982-12-30,25.34000015258789
1982-12-31,25.6299991607666
1983-01-01,25.670000076293945
1983-01-02,25.65999984741211
1983-01-03,25.84000015258789
1983-01-04,26.189998626708984
1983-01-05,26.349998474121094
1983-01-06,26.31999969482422
1983-01-07,26.139999389648438
1983-01-08,26.28999900817871
1983-01-09,26.43000030517578
1983-01-10,27.389999389648438
1983-01-11,27.19999885559082
1983-01-12,26.829999923706055
1983-01-13,27.149999618530273
1983-01-14,27.079999923706055
1983-01-15,26.849998474121094
1983-01-16,27.029998779296875
1983-01-17,27.43000030517578
1983-01-18,28.389999389648438
1983-01-19,28.119998931884766
1983-01-20,27.28999900817871
1983-01-21,27.10999870300293
1983-01-22,26.709999084472656
1983-01-23,26.349998474121094
1983-01-24,26.189998626708984
1983-01-25,26.19999885559082
1983-01-26,25.549999237060547
1983-01-27,25.529998779296875
1983-01-28,25.739999771118164
1983-01-29,25.84000015258789
1983-01-30,25.829999923706055
1983-01-31,25.619998931884766
1983-02-01,25.60999870300293
1983-02-02,25.709999084472656
1983-02-03,25.719999313354492
1983-02-04,25.75
1983-02-05,26.170000076293945
1983-02-06,26.260000228881836
1983-02-07,26.35999870300293
1983-02-08,26.5
1983-02-09,26.35999870300293
1983-02-10,26.420000076293945
1983-02-11,26.799999237060547
1983-02-12,27.239999771118164
1983-02-13,27.3799991607666
1983-02-14,28.26999855041504
1983-02-15,27.8799991607666
1983-02-16,27.809999465942383
1983-02-17,27.76999855041504
1983-02-18,27.76999855041504
1983-02-19,28.059999465942383
1983-02-20,28.309999465942383
1983-02-21,28.43000030517578
1983-02-22,28.239999771118164
1983-02-23,28.34000015258789
1983-02-24,28.43000030517578
1983-02-25,28.5
1983-02-26,28.59000015258789
1983-02-27,28.599998474121094
1983-02-28,28.60999870300293
1983-03-01,28.78999900817871
1983-03-02,28.639999389648438
1983-03-03,28.399999618530273
1983-03-04,28.309999465942383
1983-03-05,28.44999885559082
1983-03-06,28.529998779296875
1983-03-07,28.389999389648438
1983-03-08,28.619998931884766
1983-03-09,28.53999900817871
1983-03-10,28.420000076293945
1983-03-11,28.510000228881836
1983-03-12,28.44999885559082
1983-03-13,28.369998931884766
1983-03-14,28.529998779296875
1983-03-15,28.399999618530273
1983-03-16,28.559999465942383
1983-03-17,28.809999465942383
1983-03-18,29.01999855041504
1983-03-19,29.149999618530273
1983-03-20,28.639999389648438
1983-03-21,28.68000030517578
1983-03-22,29.170000076293945
1983-03-23,29.689998626708984
1983-03-24,30.03999900817871
1983-03-25,30.15999984741211
1983-03-26,29.989999771118164
1983-03-27,29.760000228881836
1983-03-28,29.549999237060547
1983-03-29,29.5
1983-03-30,29.229999542236328
1983-03-31,29.06999969482422
1983-04-01,29.1299991607666
1983-04-02,29.139999389648438
1983-04-03,29.349998474121094
1983-04-04,29.60999870300293
1983-04-05,29.53999900817871
1983-04-06,29.53999900817871
1983-04-07,29.459999084472656
1983-04-08,29.599998474121094
1983-04-09,29.6299991607666
1983-04-10,29.619998931884766
1983-04-11,29.65999984741211
1983-04-12,29.649999618530273
1983-04-13,29.76999855041504
1983-04-14,30.01999855041504
1983-04-15,30.1299991607666
1983-04-16,30.17999839782715
1983-04-17,30.44999885559082
1983-04-18,30.31999969482422
1983-04-19,30.079999923706055
1983-04-20,29.94999885559082
1983-04-21,29.809999465942383
1983-04-22,30.0
1983-04-23,29.969999313354492
1983-04-24,29.969999313354492
1983-04-25,29.969999313354492
1983-04-26,30.0
1983-04-27,30.17999839782715
1983-04-28,30.389999389648438
1983-04-29,30.599998474121094
1983-04-30,30.65999984741211
1983-05-01,30.579999923706055
1983-05-02,30.559999465942383
1983-05-03,30.649999618530273
1983-05-04,30.729999542236328
1983-05-05,31.10999870300293
1983-05-06,31.1299991607666
1983-05-07,31.34000015258789
1983-05-08,31.60999870300293
1983-05-09,31.8799991607666
1983-05-10,31.299999237060547
1983-05-11,31.06999969482422
1983-05-12,31.17999839782715
1983-05-13,30.76999855041504
1983-05-14,30.5
1983-05-15,30.44999885559082
1983-05-16,31.35999870300293
1983-05-17,31.760000228881836
1983-05-18,31.75
1983-05-19,31.869998931884766
1983-05-20,32.07999801635742
1983-05-21,32.05999755859375
1983-05-22,32.130001068115234
1983-05-23,30.809999465942383
1983-05-24,30.510000228881836
1983-05-25,30.459999084472656
1983-05-26,30.399999618530273
1983-05-27,30.369998931884766
1983-05-28,30.329999923706055
1983-05-29,30.28999900817871
1983-05-30,30.25
1983-05-31,30.17999839782715
1983-06-01,29.84000015258789
1983-06-02,29.42999839782715
1983-06-03,29.119998931884766
1983-06-04,30.26999855041504
1983-06-05,30.779998779296875
1983-06-06,30.779998779296875
1983-06-07,30.67999839782715
1983-06-08,30.60999870300293
1983-06-09,30.53999900817871
1983-06-10,30.479999542236328
1983-06-11,30.420000076293945
1983-06-12,30.529998779296875
1983-06-13,30.459999084472656
1983-06-14,30.44999885559082
1983-06-15,31.099998474121094
1983-06-16,31.35999870300293
1983-06-17,31.44999885559082
1983-06-18,31.369998931884766
1983-06-19,30.799999237060547
1983-06-20,30.779998779296875
1983-06-21,30.85999870300293
1983-06-22,30.92999839782715
1983-06-23,30.90999984741211
1983-06-24,30.84000015258789
1983-06-25,30.689998626708984
1983-06-26,30.51999855041504
1983-06-27,30.35999870300293
1983-06-28,30.459999084472656
1983-06-29,30.51999855041504
1983-06-30,30.3799991607666
1983-07-01,30.279998779296875
1983-07-02,30.139999389648438
1983-07-03,30.369998931884766
1983-07-04,30.889999389648438
1983-07-05,30.75
1983-07-06,29.639999389648438
1983-07-07,29.53999900817871
1983-07-08,29.53999900817871
1983-07-09,29.549999237060547
1983-07-10,29.559999465942383
1983-07-11,29.559999465942383
1983-07-12,29.559999465942383
1983-07-13,29.510000228881836
1983-07-14,29.35999870300293
1983-07-15,29.329999923706055
1983-07-16,29.34000015258789
1983-07-17,29.34000015258789
1983-07-18,29.329999923706055
1983-07-19,30.260000228881836
1983-07-20,30.489999771118164
1983-07-21,30.479999542236328
1983-07-22,30.44999885559082
1983-07-23,30.10999870300293
1983-07-24,29.84000015258789
1983-07-25,29.85999870300293
1983-07-26,29.869998931884766
1983-07-27,28.34000015258789
1983-07-28,27.170000076293945
1983-07-29,27.01999855041504
1983-07-30,27.049999237060547
1983-07-31,27.09000015258789
1983-08-01,27.149999618530273
1983-08-02,27.28999900817871
1983-08-03,27.709999084472656
1983-08-04,28.149999618530273
1983-08-05,28.25
1983-08-06,28.260000228881836
1983-08-07,28.279998779296875
1983-08-08,28.28999900817871
1983-08-09,28.299999237060547
1983-08-10,28.309999465942383
1983-08-11,28.329999923706055
1983-08-12,30.219999313354492
1983-08-13,30.729999542236328
1983-08-14,30.81999969482422
1983-08-15,30.939998626708984
1983-08-16,30.939998626708984
1983-08-17,30.889999389648438
1983-08-18,30.84000015258789
1983-08-19,30.78999900817871
1983-08-20,30.739999771118164
1983-08-21,30.689998626708984
1983-08-22,30.639999389648438
1983-08-23,30.60999870300293
1983-08-24,30.549999237060547
1983-08-25,30.439998626708984
1983-08-26,30.389999389648438
1983-08-27,30.469999313354492
1983-08-28,30.329999923706055
1983-08-29,30.149999618530273
1983-08-30,29.739999771118164
1983-08-31,29.649999618530273
1983-09-01,29.85999870300293
1983-09-02,30.049999237060547
1983-09-03,29.75
1983-09-04,29.65999984741211
1983-09-05,29.649999618530273
1983-09-06,29.639999389648438
1983-09-07,29.079999923706055
1983-09-08,29.079999923706055
1983-09-09,29.139999389648438
1983-09-10,29.189998626708984
1983-09-11,29.209999084472656
1983-09-12,29.219999313354492
1983-09-13,29.26999855041504
1983-09-14,31.239999771118164
1983-09-15,31.989999771118164
1983-09-16,31.899999618530273
1983-09-17,31.799999237060547
1983-09-18,31.049999237060547
1983-09-19,30.760000228881836
1983-09-20,30.649999618530273
1983-09-21,30.529998779296875
1983-09-22,30.459999084472656
1983-09-23,30.399999618530273
1983-09-24,30.349998474121094
1983-09-25,30.299999237060547
1983-09-26,30.25
1983-09-27,30.229999542236328
1983-09-28,30.219999313354492
1983-09-29,30.06999969482422
1983-09-30,30.010000228881836
1983-10-01,27.649999618530273
1983-10-02,26.65999984741211
1983-10-03,26.56999969482422
1983-10-04,26.619998931884766
1983-10-05,26.68000030517578
1983-10-06,26.729999542236328
1983-10-07,26.78999900817871
1983-10-08,26.84000015258789
1983-10-09,26.969999313354492
1983-10-10,27.35999870300293
1983-10-11,27.510000228881836
1983-10-12,27.35999870300293
1983-10-13,27.349998474121094
1983-10-14,27.399999618530273
1983-10-15,27.439998626708984
1983-10-16,27.670000076293945
1983-10-17,27.8799991607666
1983-10-18,27.969999313354492
1983-10-19,27.529998779296875
1983-10-20,27.439998626708984
1983-10-21,28.010000228881836
1983-10-22,28.399999618530273
1983-10-23,29.09000015258789
1983-10-24,29.0
1983-10-25,28.299999237060547
1983-10-26,29.010000228881836
1983-10-27,29.10999870300293
1983-10-28,29.029998779296875
1983-10-29,29.10999870300293
1983-10-30,29.6299991607666
1983-10-31,29.670000076293945
1983-11-01,29.479999542236328
1983-11-02,30.67999839782715
1983-11-03,30.989999771118164
1983-11-04,30.989999771118164
1983-11-05,30.920000076293945
1983-11-06,30.779998779296875
1983-11-07,30.459999084472656
1983-11-08,30.31999969482422
1983-11-09,30.229999542236328
1983-11-10,29.459999084472656
1983-11-11,29.209999084472656
1983-11-12,29.19999885559082
1983-11-13,29.309999465942383
1983-11-14,28.81999969482422
1983-11-15,28.59000015258789
1983-11-16,28.479999542236328
1983-11-17,28.34000015258789
1983-11-18,28.119998931884766
1983-11-19,27.869998931884766
1983-11-20,27.849998474121094
1983-11-21,27.639999389648438
1983-11-22,27.309999465942383
1983-11-23,27.309999465942383
1983-11-24,27.31999969482422
1983-11-25,26.899999618530273
1983-11-26,26.8799991607666
1983-11-27,26.099998474121094
1983-11-28,25.5
1983-11-29,25.389999389648438
1983-11-30,25.10999870300293
1983-12-01,24.809999465942383
1983-12-02,24.479999542236328
1983-12-03,24.850000381469727
1983-12-04,25.559999465942383
1983-12-05,25.329999923706055
1983-12-06,24.979999542236328
1983-12-07,24.920000076293945
1983-12-08,25.1299991607666
1983-12-09,25.0
1983-12-10,25.0
1983-12-11,25.03999900817871
1983-12-12,25.06999969482422
1983-12-13,25.15999984741211
1983-12-14,26.349998474121094
1983-12-15,26.90999984741211
1983-12-16,27.40999984741211
1983-12-17,26.959999084472656
1983-12-18,26.849998474121094
1983-12-19,26.849998474121094
1983-12-20,26.93000030517578
1983-12-21,27.59000015258789
1983-12-22,27.619998931884766
1983-12-23,27.349998474121094
1983-12-24,27.15999984741211
1983-12-25,27.059999465942383
1983-12-26,26.779998779296875
1983-12-27,26.51999855041504
1983-12-28,26.099998474121094
1983-12-29,25.799999237060547
1983-12-30,26.239999771118164
1983-12-31,26.479999542236328
1984-01-01,25.43000030517578
1984-01-02,25.18000030517578
1984-01-03,25.25
1984-01-04,25.969999313354492
1984-01-05,26.229999542236328
1984-01-06,26.10999870300293
1984-01-07,25.65999984741211
1984-01-08,25.60999870300293
1984-01-09,25.469999313354492
1984-01-10,24.989999771118164
1984-01-11,24.729999542236328
1984-01-12,24.799999237060547
1984-01-13,24.899999618530273
1984-01-14,25.299999237060547
1984-01-15,25.420000076293945
1984-01-16,26.329999923706055
1984-01-17,26.579999923706055
1984-01-18,26.469999313354492
1984-01-19,25.84000015258789
1984-01-20,26.559999465942383
1984-01-21,26.739999771118164
1984-01-22,26.729999542236328
1984-01-23,26.76999855041504
1984-01-24,26.81999969482422
1984-01-25,26.670000076293945
1984-01-26,26.689998626708984
1984-01-27,27.049999237060547
1984-01-28,27.170000076293945
1984-01-29,28.369998931884766
1984-01-30,29.06999969482422
1984-01-31,29.369998931884766
1984-02-01,29.1299991607666
1984-02-02,29.399999618530273
1984-02-03,28.51999855041504
1984-02-04,28.329999923706055
1984-02-05,28.329999923706055
1984-02-06,28.219999313354492
1984-02-07,27.219999313354492
1984-02-08,27.0
1984-02-09,27.809999465942383
1984-02-10,28.029998779296875
1984-02-11,27.739999771118164
1984-02-12,27.15999984741211
1984-02-13,27.53999900817871
1984-02-14,27.959999084472656
1984-02-15,27.989999771118164
1984-02-16,28.31999969482422
1984-02-17,28.59000015258789
1984-02-18,28.65999984741211
1984-02-19,28.6299991607666
1984-02-20,28.60999870300293
1984-02-21,28.59000015258789
1984-02-22,28.549999237060547
1984-02-23,28.459999084472656
1984-02-24,28.849998474121094
1984-02-25,28.939998626708984
1984-02-26,28.619998931884766
1984-02-27,28.01999855041504
1984-02-28,27.84000015258789
1984-02-29,27.8799991607666
1984-03-01,28.299999237060547
1984-03-02,28.239999771118164
1984-03-03,28.69999885559082
1984-03-04,28.6299991607666
1984-03-05,28.40999984741211
1984-03-06,28.19999885559082
1984-03-07,28.119998931884766
1984-03-08,27.809999465942383
1984-03-09,27.649999618530273
1984-03-10,28.279998779296875
1984-03-11,28.53999900817871
1984-03-12,28.649999618530273
1984-03-13,28.869998931884766
1984-03-14,29.219999313354492
1984-03-15,29.28999900817871
1984-03-16,29.529998779296875
1984-03-17,29.85999870300293
1984-03-18,29.8799991607666
1984-03-19,29.739999771118164
1984-03-20,29.84000015258789
1984-03-21,29.849998474121094
1984-03-22,30.8799991607666
1984-03-23,31.149999618530273
1984-03-24,30.920000076293945
1984-03-25,30.75
1984-03-26,30.559999465942383
1984-03-27,30.28999900817871
1984-03-28,30.209999084472656
1984-03-29,30.149999618530273
1984-03-30,30.10999870300293
1984-03-31,30.09000015258789
1984-04-01,30.779998779296875
1984-04-02,30.739999771118164
1984-04-03,30.719999313354492
1984-04-04,30.899999618530273
1984-04-05,31.049999237060547
1984-04-06,31.029998779296875
1984-04-07,31.0
1984-04-08,30.969999313354492
1984-04-09,30.60999870300293
1984-04-10,30.299999237060547
1984-04-11,30.25
1984-04-12,30.239999771118164
1984-04-13,30.189998626708984
1984-04-14,30.17999839782715
1984-04-15,30.17999839782715
1984-04-16,30.149999618530273
1984-04-17,30.139999389648438
1984-04-18,30.09000015258789
1984-04-19,29.959999084472656
1984-04-20,29.94999885559082
1984-04-21,29.94999885559082
1984-04-22,29.90999984741211
1984-04-23,28.649999618530273
1984-04-24,27.69999885559082
1984-04-25,27.60999870300293
1984-04-26,27.53999900817871
1984-04-27,27.6299991607666
1984-04-28,27.579999923706055
1984-04-29,27.579999923706055
1984-04-30,29.10999870300293
1984-05-01,30.06999969482422
1984-05-02,30.0
1984-05-03,29.639999389648438
1984-05-04,29.399999618530273
1984-05-05,29.34000015258789
1984-05-06,29.6299991607666
1984-05-07,29.869998931884766
1984-05-08,30.44999885559082
1984-05-09,31.28999900817871
1984-05-10,31.529998779296875
1984-05-11,31.28999900817871
1984-05-12,31.010000228881836
1984-05-13,30.989999771118164
1984-05-14,31.15999984741211
1984-05-15,31.549999237060547
1984-05-16,31.639999389648438
1984-05-17,31.60999870300293
1984-05-18,31.709999084472656
1984-05-19,31.459999084472656
1984-05-20,31.420000076293945
1984-05-21,31.349998474121094
1984-05-22,31.15999984741211
1984-05-23,31.059999465942383
1984-05-24,30.920000076293945
1984-05-25,30.85999870300293
1984-05-26,30.939998626708984
1984-05-27,30.829999923706055
1984-05-28,30.689998626708984
1984-05-29,30.619998931884766
1984-05-30,30.579999923706055
1984-05-31,30.099998474121094
1984-06-01,29.829999923706055
1984-06-02,29.809999465942383
1984-06-03,29.92999839782715
1984-06-04,29.899999618530273
1984-06-05,29.670000076293945
1984-06-06,29.689998626708984
1984-06-07,29.649999618530273
1984-06-08,29.67999839782715
1984-06-09,29.709999084472656
1984-06-10,29.69999885559082
1984-06-11,29.6299991607666
1984-06-12,29.579999923706055
1984-06-13,29.56999969482422
1984-06-14,29.559999465942383
1984-06-15,29.53999900817871
1984-06-16,29.51999855041504
1984-06-17,29.5
1984-06-18,29.459999084472656
1984-06-19,29.489999771118164
1984-06-20,29.479999542236328
1984-06-21,29.459999084472656
1984-06-22,29.42999839782715
1984-06-23,30.03999900817871
1984-06-24,30.439998626708984
1984-06-25,30.420000076293945
1984-06-26,30.219999313354492
1984-06-27,29.959999084472656
1984-06-28,29.5
1984-06-29,29.40999984741211
1984-06-30,29.170000076293945
1984-07-01,28.989999771118164
1984-07-02,28.94999885559082
1984-07-03,28.959999084472656
1984-07-04,28.979999542236328
1984-07-05,28.959999084472656
1984-07-06,29.6299991607666
1984-07-07,29.670000076293945
1984-07-08,29.65999984741211
1984-07-09,29.299999237060547
1984-07-10,29.170000076293945
1984-07-11,29.06999969482422
1984-07-12,29.389999389648438
1984-07-13,29.760000228881836
1984-07-14,29.81999969482422
1984-07-15,29.719999313354492
1984-07-16,29.56999969482422
1984-07-17,29.6299991607666
1984-07-18,29.59000015258789
1984-07-19,30.139999389648438
1984-07-20,31.1299991607666
1984-07-21,31.1299991607666
1984-07-22,30.389999389648438
1984-07-23,30.369998931884766
1984-07-24,30.189998626708984
1984-07-25,30.099998474121094
1984-07-26,30.029998779296875
1984-07-27,30.079999923706055
1984-07-28,30.06999969482422
1984-07-29,30.049999237060547
1984-07-30,29.51999855041504
1984-07-31,29.299999237060547
1984-08-01,29.28999900817871
1984-08-02,29.279998779296875
1984-08-03,29.260000228881836
1984-08-04,29.239999771118164
1984-08-05,29.229999542236328
1984-08-06,29.209999084472656
1984-08-07,29.219999313354492
1984-08-08,29.170000076293945
1984-08-09,29.06999969482422
1984-08-10,29.06999969482422
1984-08-11,29.079999923706055
1984-08-12,29.079999923706055
1984-08-13,29.649999618530273
1984-08-14,29.899999618530273
1984-08-15,29.920000076293945
1984-08-16,29.889999389648438
1984-08-17,29.84000015258789
1984-08-18,29.799999237060547
1984-08-19,29.760000228881836
1984-08-20,28.75
1984-08-21,28.0
1984-08-22,27.90999984741211
1984-08-23,28.479999542236328
1984-08-24,29.079999923706055
1984-08-25,29.189998626708984
1984-08-26,29.149999618530273
1984-08-27,29.119998931884766
1984-08-28,29.09000015258789
1984-08-29,29.059999465942383
1984-08-30,29.01999855041504
1984-08-31,29.010000228881836
1984-09-01,28.989999771118164
1984-09-02,28.959999084472656
1984-09-03,28.93000030517578
1984-09-04,28.899999618530273
1984-09-05,28.8799991607666
1984-09-06,28.85999870300293
1984-09-07,28.84000015258789
1984-09-08,28.81999969482422
1984-09-09,28.799999237060547
1984-09-10,28.75
1984-09-11,28.719999313354492
1984-09-12,28.939998626708984
1984-09-13,28.989999771118164
1984-09-14,29.399999618530273
1984-09-15,29.420000076293945
1984-09-16,29.35999870300293
1984-09-17,29.34000015258789
1984-09-18,29.239999771118164
1984-09-19,29.170000076293945
1984-09-20,29.59000015258789
1984-09-21,29.76999855041504
1984-09-22,29.709999084472656
1984-09-23,28.989999771118164
1984-09-24,28.28999900817871
1984-09-25,28.81999969482422
1984-09-26,29.219999313354492
1984-09-27,29.25
1984-09-28,29.229999542236328
1984-09-29,29.219999313354492
1984-09-30,29.209999084472656
1984-10-01,29.299999237060547
1984-10-02,29.469999313354492
1984-10-03,29.239999771118164
1984-10-04,29.09000015258789
1984-10-05,29.09000015258789
1984-10-06,29.420000076293945
1984-10-07,29.559999465942383
1984-10-08,29.15999984741211
1984-10-09,29.76999855041504
1984-10-10,29.639999389648438
1984-10-11,29.029998779296875
1984-10-12,28.889999389648438
1984-10-13,28.78999900817871
1984-10-14,28.899999618530273
1984-10-15,29.469999313354492
1984-10-16,29.31999969482422
1984-10-17,29.459999084472656
1984-10-18,29.44999885559082
1984-10-19,28.709999084472656
1984-10-20,28.31999969482422
1984-10-21,28.25
1984-10-22,28.559999465942383
1984-10-23,28.760000228881836
1984-10-24,29.0
1984-10-25,29.139999389648438
1984-10-26,29.31999969482422
1984-10-27,29.399999618530273
1984-10-28,29.559999465942383
1984-10-29,29.579999923706055
1984-10-30,29.59000015258789
1984-10-31,29.26999855041504
1984-11-01,28.94999885559082
1984-11-02,28.849998474121094
1984-11-03,28.69999885559082
1984-11-04,28.279998779296875
1984-11-05,27.93000030517578
1984-11-06,28.44999885559082
1984-11-07,28.719999313354492
1984-11-08,29.0
1984-11-09,29.439998626708984
1984-11-10,29.56999969482422
1984-11-11,29.489999771118164
1984-11-12,29.44999885559082
1984-11-13,29.3799991607666
1984-11-14,29.31999969482422
1984-11-15,29.299999237060547
1984-11-16,29.260000228881836
1984-11-17,29.139999389648438
1984-11-18,29.799999237060547
1984-11-19,30.189998626708984
1984-11-20,30.170000076293945
1984-11-21,29.829999923706055
1984-11-22,29.619998931884766
1984-11-23,29.559999465942383
1984-11-24,28.3799991607666
1984-11-25,28.18000030517578
1984-11-26,27.989999771118164
1984-11-27,27.849998474121094
1984-11-28,27.849998474121094
1984-11-29,27.0
1984-11-30,26.649999618530273
1984-12-01,26.68000030517578
1984-12-02,26.69999885559082
1984-12-03,26.139999389648438
1984-12-04,26.079999923706055
1984-12-05,26.229999542236328
1984-12-06,26.299999237060547
1984-12-07,26.53999900817871
1984-12-08,26.59000015258789
1984-12-09,26.59000015258789
1984-12-10,26.889999389648438
1984-12-11,27.349998474121094
1984-12-12,27.719999313354492
1984-12-13,27.729999542236328
1984-12-14,27.489999771118164
1984-12-15,27.309999465942383
1984-12-16,26.899999618530273
1984-12-17,27.25
1984-12-18,28.559999465942383
1984-12-19,29.17999839782715
1984-12-20,29.439998626708984
1984-12-21,29.44999885559082
1984-12-22,28.729999542236328
1984-12-23,27.90999984741211
1984-12-24,27.559999465942383
1984-12-25,27.5
1984-12-26,27.5
1984-12-27,27.369998931884766
1984-12-28,27.349998474121094
1984-12-29,27.34000015258789
1984-12-30,27.5
1984-12-31,27.53999900817871
1985-01-01,26.809999465942383
1985-01-02,26.369998931884766
1985-01-03,27.229999542236328
1985-01-04,27.799999237060547
1985-01-05,27.489999771118164
1985-01-06,28.029998779296875
1985-01-07,28.010000228881836
1985-01-08,27.389999389648438
1985-01-09,27.10999870300293
1985-01-10,27.06999969482422
1985-01-11,27.119998931884766
1985-01-12,27.529998779296875
1985-01-13,27.709999084472656
1985-01-14,28.03999900817871
1985-01-15,28.399999618530273
1985-01-16,28.279998779296875
1985-01-17,27.81999969482422
1985-01-18,27.60999870300293
1985-01-19,27.15999984741211
1985-01-20,26.829999923706055
1985-01-21,28.06999969482422
1985-01-22,29.19999885559082
1985-01-23,29.149999618530273
1985-01-24,28.309999465942383
1985-01-25,27.729999542236328
1985-01-26,27.25
1985-01-27,27.239999771118164
1985-01-28,27.19999885559082
1985-01-29,27.029998779296875
1985-01-30,26.869998931884766
1985-01-31,28.510000228881836
1985-02-01,28.529998779296875
1985-02-02,28.489999771118164
1985-02-03,28.049999237060547
1985-02-04,28.209999084472656
1985-02-05,27.889999389648438
1985-02-06,27.969999313354492
1985-02-07,28.31999969482422
1985-02-08,28.28999900817871
1985-02-09,28.26999855041504
1985-02-10,28.279998779296875
1985-02-11,28.229999542236328
1985-02-12,28.19999885559082
1985-02-13,28.010000228881836
1985-02-14,27.8799991607666
1985-02-15,28.3799991607666
1985-02-16,29.029998779296875
1985-02-17,29.260000228881836
1985-02-18,29.03999900817871
1985-02-19,28.829999923706055
1985-02-20,28.90999984741211
1985-02-21,28.599998474121094
1985-02-22,28.389999389648438
1985-02-23,28.349998474121094
1985-02-24,28.149999618530273
1985-02-25,28.25
1985-02-26,28.729999542236328
1985-02-27,28.869998931884766
1985-02-28,28.639999389648438
1985-03-01,28.51999855041504
1985-03-02,28.34000015258789
1985-03-03,28.69999885559082
1985-03-04,28.779998779296875
1985-03-05,28.689998626708984
1985-03-06,28.59000015258789
1985-03-07,28.59000015258789
1985-03-08,28.599998474121094
1985-03-09,28.969999313354492
1985-03-10,28.94999885559082
1985-03-11,29.229999542236328
1985-03-12,29.389999389648438
1985-03-13,29.349998474121094
1985-03-14,29.35999870300293
1985-03-15,29.209999084472656
1985-03-16,28.94999885559082
1985-03-17,28.90999984741211
1985-03-18,28.969999313354492
1985-03-19,29.53999900817871
1985-03-20,29.56999969482422
1985-03-21,29.42999839782715
1985-03-22,29.34000015258789
1985-03-23,29.369998931884766
1985-03-24,29.329999923706055
1985-03-25,29.40999984741211
1985-03-26,30.01999855041504
1985-03-27,30.029998779296875
1985-03-28,29.899999618530273
1985-03-29,29.729999542236328
1985-03-30,29.729999542236328
1985-03-31,29.709999084472656
1985-04-01,29.829999923706055
1985-04-02,29.760000228881836
1985-04-03,29.60999870300293
1985-04-04,29.65999984741211
1985-04-05,29.5
1985-04-06,29.51999855041504
1985-04-07,30.260000228881836
1985-04-08,30.229999542236328
1985-04-09,30.439998626708984
1985-04-10,30.549999237060547
1985-04-11,30.219999313354492
1985-04-12,30.239999771118164
1985-04-13,30.010000228881836
1985-04-14,29.709999084472656
1985-04-15,29.719999313354492
1985-04-16,29.739999771118164
1985-04-17,29.739999771118164
1985-04-18,30.67999839782715
1985-04-19,30.899999618530273
1985-04-20,30.84000015258789
1985-04-21,30.40999984741211
1985-04-22,29.969999313354492
1985-04-23,30.01999855041504
1985-04-24,30.03999900817871
1985-04-25,30.03999900817871
1985-04-26,30.03999900817871
1985-04-27,30.239999771118164
1985-04-28,30.239999771118164
1985-04-29,30.25
1985-04-30,30.260000228881836
1985-05-01,29.939998626708984
1985-05-02,29.75
1985-05-03,29.809999465942383
1985-05-04,30.03999900817871
1985-05-05,31.170000076293945
1985-05-06,31.28999900817871
1985-05-07,31.029998779296875
1985-05-08,30.729999542236328
1985-05-09,31.309999465942383
1985-05-10,31.3799991607666
1985-05-11,31.349998474121094
1985-05-12,31.049999237060547
1985-05-13,30.579999923706055
1985-05-14,30.329999923706055
1985-05-15,29.65999984741211
1985-05-16,29.53999900817871
1985-05-17,29.479999542236328
1985-05-18,29.329999923706055
1985-05-19,29.31999969482422
1985-05-20,29.309999465942383
1985-05-21,29.299999237060547
1985-05-22,29.279998779296875
1985-05-23,29.26999855041504
1985-05-24,29.25
1985-05-25,29.229999542236328
1985-05-26,29.209999084472656
1985-05-27,29.309999465942383
1985-05-28,29.51999855041504
1985-05-29,29.59000015258789
1985-05-30,29.6299991607666
1985-05-31,29.649999618530273
1985-06-01,29.670000076293945
1985-06-02,29.459999084472656
1985-06-03,29.60999870300293
1985-06-04,29.029998779296875
1985-06-05,28.60999870300293
1985-06-06,29.369998931884766
1985-06-07,29.389999389648438
1985-06-08,27.809999465942383
1985-06-09,27.670000076293945
1985-06-10,28.09000015258789
1985-06-11,28.739999771118164
1985-06-12,28.969999313354492
1985-06-13,29.09000015258789
1985-06-14,28.969999313354492
1985-06-15,29.51999855041504
1985-06-16,29.889999389648438
1985-06-17,29.92999839782715
1985-06-18,30.010000228881836
1985-06-19,30.01999855041504
1985-06-20,30.0
1985-06-21,29.979999542236328
1985-06-22,29.959999084472656
1985-06-23,29.279998779296875
1985-06-24,28.81999969482422
1985-06-25,28.559999465942383
1985-06-26,28.26999855041504
1985-06-27,28.170000076293945
1985-06-28,28.15999984741211
1985-06-29,28.149999618530273
1985-06-30,28.189998626708984
1985-07-01,28.279998779296875
1985-07-02,28.329999923706055
1985-07-03,28.43000030517578
1985-07-04,28.479999542236328
1985-07-05,28.420000076293945
1985-07-06,28.389999389648438
1985-07-07,28.40999984741211
1985-07-08,28.389999389648438
1985-07-09,28.35999870300293
1985-07-10,28.34000015258789
1985-07-11,28.309999465942383
1985-07-12,28.51999855041504
1985-07-13,27.78999900817871
1985-07-14,27.5
1985-07-15,27.709999084472656
1985-07-16,27.90999984741211
1985-07-17,27.94999885559082
1985-07-18,27.989999771118164
1985-07-19,29.279998779296875
1985-07-20,29.649999618530273
1985-07-21,29.510000228881836
1985-07-22,29.219999313354492
1985-07-23,29.09000015258789
1985-07-24,29.09000015258789
1985-07-25,28.670000076293945
1985-07-26,28.939998626708984
1985-07-27,29.44999885559082
1985-07-28,29.579999923706055
1985-07-29,29.529998779296875
1985-07-30,29.559999465942383
1985-07-31,29.28999900817871
1985-08-01,29.260000228881836
1985-08-02,29.260000228881836
1985-08-03,29.149999618530273
1985-08-04,29.279998779296875
1985-08-05,29.26999855041504
1985-08-06,29.260000228881836
1985-08-07,29.17999839782715
1985-08-08,29.06999969482422
1985-08-09,29.029998779296875
1985-08-10,29.010000228881836
1985-08-11,28.989999771118164
1985-08-12,29.0
1985-08-13,29.09000015258789
1985-08-14,29.079999923706055
1985-08-15,29.049999237060547
1985-08-16,28.969999313354492
1985-08-17,29.939998626708984
1985-08-18,30.389999389648438
1985-08-19,30.399999618530273
1985-08-20,29.44999885559082
1985-08-21,29.349998474121094
1985-08-22,29.349998474121094
1985-08-23,29.31999969482422
1985-08-24,29.279998779296875
1985-08-25,29.229999542236328
1985-08-26,29.17999839782715
1985-08-27,29.189998626708984
1985-08-28,28.809999465942383
1985-08-29,28.619998931884766
1985-08-30,28.599998474121094
1985-08-31,28.439998626708984
1985-09-01,27.920000076293945
1985-09-02,27.76999855041504
1985-09-03,27.75
1985-09-04,27.85999870300293
1985-09-05,27.969999313354492
1985-09-06,28.0
1985-09-07,27.989999771118164
1985-09-08,28.079999923706055
1985-09-09,28.399999618530273
1985-09-10,28.439998626708984
1985-09-11,28.40999984741211
1985-09-12,28.399999618530273
1985-09-13,28.099998474121094
1985-09-14,28.15999984741211
1985-09-15,28.189998626708984
1985-09-16,28.739999771118164
1985-09-17,28.8799991607666
1985-09-18,28.85999870300293
1985-09-19,28.849998474121094
1985-09-20,29.209999084472656
1985-09-21,29.189998626708984
1985-09-22,29.19999885559082
1985-09-23,28.78999900817871
1985-09-24,28.559999465942383
1985-09-25,29.189998626708984
1985-09-26,29.329999923706055
1985-09-27,29.399999618530273
1985-09-28,29.899999618530273
1985-09-29,29.81999969482422
1985-09-30,29.67999839782715
1985-10-01,29.510000228881836
1985-10-02,29.44999885559082
1985-10-03,29.439998626708984
1985-10-04,29.42999839782715
1985-10-05,29.420000076293945
1985-10-06,29.40999984741211
1985-10-07,28.899999618530273
1985-10-08,28.489999771118164
1985-10-09,28.1299991607666
1985-10-10,27.719999313354492
1985-10-11,27.670000076293945
1985-10-12,27.719999313354492
1985-10-13,27.760000228881836
1985-10-14,29.35999870300293
1985-10-15,29.67999839782715
1985-10-16,29.709999084472656
1985-10-17,29.739999771118164
1985-10-18,29.53999900817871
1985-10-19,29.139999389648438
1985-10-20,28.989999771118164
1985-10-21,29.010000228881836
1985-10-22,28.68000030517578
1985-10-23,28.5
1985-10-24,28.979999542236328
1985-10-25,29.25
1985-10-26,29.189998626708984
1985-10-27,28.689998626708984
1985-10-28,28.75
1985-10-29,28.739999771118164
1985-10-30,30.010000228881836
1985-10-31,30.029998779296875
1985-11-01,29.719999313354492
1985-11-02,29.369998931884766
1985-11-03,29.1299991607666
1985-11-04,28.8799991607666
1985-11-05,28.549999237060547
1985-11-06,28.51999855041504
1985-11-07,28.5
1985-11-08,28.479999542236328
1985-11-09,28.349998474121094
1985-11-10,27.989999771118164
1985-11-11,27.85999870300293
1985-11-12,27.799999237060547
1985-11-13,27.81999969482422
1985-11-14,27.65999984741211
1985-11-15,27.68000030517578
1985-11-16,27.829999923706055
1985-11-17,27.8799991607666
1985-11-18,29.299999237060547
1985-11-19,29.469999313354492
1985-11-20,29.3799991607666
1985-11-21,29.420000076293945
1985-11-22,29.059999465942383
1985-11-23,28.869998931884766
1985-11-24,28.510000228881836
1985-11-25,28.03999900817871
1985-11-26,28.09000015258789
1985-11-27,28.10999870300293
1985-11-28,28.099998474121094
1985-11-29,28.25
1985-11-30,28.26999855041504
1985-12-01,28.149999618530273
1985-12-02,28.329999923706055
1985-12-03,28.40999984741211
1985-12-04,28.349998474121094
1985-12-05,28.44999885559082
1985-12-06,28.53999900817871
1985-12-07,28.760000228881836
1985-12-08,28.85999870300293
1985-12-09,28.65999984741211
1985-12-10,28.899999618530273
1985-12-11,28.799999237060547
1985-12-12,28.75
1985-12-13,28.079999923706055
1985-12-14,27.8799991607666
1985-12-15,27.93000030517578
1985-12-16,27.420000076293945
1985-12-17,27.309999465942383
1985-12-18,27.15999984741211
1985-12-19,27.059999465942383
1985-12-20,27.079999923706055
1985-12-21,26.889999389648438
1985-12-22,26.76999855041504
1985-12-23,26.899999618530273
1985-12-24,27.01999855041504
1985-12-25,26.85999870300293
1985-12-26,26.479999542236328
1985-12-27,26.40999984741211
1985-12-28,26.26999855041504
1985-12-29,26.170000076293945
1985-12-30,26.3799991607666
1985-12-31,26.31999969482422
1986-01-01,26.18000030517578
1986-01-02,26.139999389648438
1986-01-03,26.149999618530273
1986-01-04,25.260000228881836
1986-01-05,25.31999969482422
1986-01-06,25.369998931884766
1986-01-07,25.3799991607666
1986-01-08,25.369998931884766
1986-01-09,25.399999618530273
1986-01-10,25.65999984741211
1986-01-11,25.75
1986-01-12,25.799999237060547
1986-01-13,25.719999313354492
1986-01-14,25.779998779296875
1986-01-15,26.18000030517578
1986-01-16,26.639999389648438
1986-01-17,26.959999084472656
1986-01-18,27.099998474121094
1986-01-19,27.010000228881836
1986-01-20,25.989999771118164
1986-01-21,25.849998474121094
1986-01-22,25.85999870300293
1986-01-23,27.28999900817871
1986-01-24,27.68000030517578
1986-01-25,27.619998931884766
1986-01-26,26.989999771118164
1986-01-27,26.260000228881836
1986-01-28,26.15999984741211
1986-01-29,26.029998779296875
1986-01-30,25.849998474121094
1986-01-31,25.779998779296875
1986-02-01,25.779998779296875
1986-02-02,25.69999885559082
1986-02-03,26.0
1986-02-04,26.469999313354492
1986-02-05,26.639999389648438
1986-02-06,26.53999900817871
1986-02-07,26.309999465942383
1986-02-08,26.10999870300293
1986-02-09,26.059999465942383
1986-02-10,27.309999465942383
1986-02-11,27.68000030517578
1986-02-12,28.170000076293945
1986-02-13,27.599998474121094
1986-02-14,26.939998626708984
1986-02-15,27.170000076293945
1986-02-16,27.329999923706055
1986-02-17,27.139999389648438
1986-02-18,26.939998626708984
1986-02-19,26.969999313354492
1986-02-20,26.760000228881836
1986-02-21,27.170000076293945
1986-02-22,27.68000030517578
1986-02-23,27.5
1986-02-24,27.229999542236328
1986-02-25,26.799999237060547
1986-02-26,26.56999969482422
1986-02-27,27.139999389648438
1986-02-28,27.079999923706055
1986-03-01,26.849998474121094
1986-03-02,26.420000076293945
1986-03-03,26.170000076293945
1986-03-04,26.219999313354492
1986-03-05,26.469999313354492
1986-03-06,26.26999855041504
1986-03-07,26.149999618530273
1986-03-08,26.349998474121094
1986-03-09,26.5
1986-03-10,26.709999084472656
1986-03-11,26.979999542236328
1986-03-12,27.19999885559082
1986-03-13,27.469999313354492
1986-03-14,27.8799991607666
1986-03-15,27.979999542236328
1986-03-16,27.81999969482422
1986-03-17,27.1299991607666
1986-03-18,27.18000030517578
1986-03-19,27.459999084472656
1986-03-20,27.489999771118164
1986-03-21,27.549999237060547
1986-03-22,27.849998474121094
1986-03-23,27.959999084472656
1986-03-24,27.799999237060547
1986-03-25,27.939998626708984
1986-03-26,28.229999542236328
1986-03-27,28.469999313354492
1986-03-28,28.510000228881836
1986-03-29,29.09000015258789
1986-03-30,28.979999542236328
1986-03-31,29.10999870300293
1986-04-01,29.25
1986-04-02,28.94999885559082
1986-04-03,28.760000228881836
1986-04-04,28.869998931884766
1986-04-05,29.079999923706055
1986-04-06,29.149999618530273
1986-04-07,29.049999237060547
1986-04-08,29.03999900817871
1986-04-09,29.279998779296875
1986-04-10,29.279998779296875
1986-04-11,29.17999839782715
1986-04-12,29.219999313354492
1986-04-13,29.119998931884766
1986-04-14,29.739999771118164
1986-04-15,29.85999870300293
1986-04-16,29.85999870300293
1986-04-17,30.59000015258789
1986-04-18,30.65999984741211
1986-04-19,30.59000015258789
1986-04-20,30.489999771118164
1986-04-21,30.5
1986-04-22,30.639999389648438
1986-04-23,30.639999389648438
1986-04-24,30.69999885559082
1986-04-25,30.579999923706055
1986-04-26,30.549999237060547
1986-04-27,30.369998931884766
1986-04-28,30.279998779296875
1986-04-29,30.399999618530273
1986-04-30,30.989999771118164
1986-05-01,30.729999542236328
1986-05-02,30.279998779296875
1986-05-03,29.349998474121094
1986-05-04,29.329999923706055
1986-05-05,29.809999465942383
1986-05-06,30.03999900817871
1986-05-07,30.079999923706055
1986-05-08,30.170000076293945
1986-05-09,30.06999969482422
1986-05-10,29.94999885559082
1986-05-11,29.889999389648438
1986-05-12,29.869998931884766
1986-05-13,29.76999855041504
1986-05-14,29.76999855041504
1986-05-15,29.899999618530273
1986-05-16,30.17999839782715
1986-05-17,30.219999313354492
1986-05-18,30.189998626708984
1986-05-19,30.170000076293945
1986-05-20,29.920000076293945
1986-05-21,29.76999855041504
1986-05-22,29.760000228881836
1986-05-23,29.75
1986-05-24,29.739999771118164
1986-05-25,29.729999542236328
1986-05-26,30.469999313354492
1986-05-27,30.599998474121094
1986-05-28,30.779998779296875
1986-05-29,30.639999389648438
1986-05-30,30.81999969482422
1986-05-31,30.829999923706055
1986-06-01,30.969999313354492
1986-06-02,31.010000228881836
1986-06-03,30.399999618530273
1986-06-04,30.399999618530273
1986-06-05,30.3799991607666
1986-06-06,30.31999969482422
1986-06-07,30.229999542236328
1986-06-08,30.349998474121094
1986-06-09,30.349998474121094
1986-06-10,30.28999900817871
1986-06-11,30.299999237060547
1986-06-12,30.399999618530273
1986-06-13,30.369998931884766
1986-06-14,30.559999465942383
1986-06-15,30.59000015258789
1986-06-16,30.469999313354492
1986-06-17,30.510000228881836
1986-06-18,30.599998474121094
1986-06-19,30.56999969482422
1986-06-20,30.53999900817871
1986-06-21,30.479999542236328
1986-06-22,30.329999923706055
1986-06-23,30.06999969482422
1986-06-24,29.979999542236328
1986-06-25,29.939998626708984
1986-06-26,29.899999618530273
1986-06-27,29.869998931884766
1986-06-28,29.84000015258789
1986-06-29,29.81999969482422
1986-06-30,29.809999465942383
1986-07-01,29.369998931884766
1986-07-02,29.67999839782715
1986-07-03,30.34000015258789
1986-07-04,30.3799991607666
1986-07-05,30.25
1986-07-06,30.049999237060547
1986-07-07,29.01999855041504
1986-07-08,28.439998626708984
1986-07-09,28.399999618530273
1986-07-10,28.439998626708984
1986-07-11,28.51999855041504
1986-07-12,28.76999855041504
1986-07-13,28.76999855041504
1986-07-14,28.739999771118164
1986-07-15,28.76999855041504
1986-07-16,29.10999870300293
1986-07-17,29.26999855041504
1986-07-18,29.53999900817871
1986-07-19,29.599998474121094
1986-07-20,29.59000015258789
1986-07-21,29.579999923706055
1986-07-22,29.56999969482422
1986-07-23,29.559999465942383
1986-07-24,29.510000228881836
1986-07-25,29.399999618530273
1986-07-26,29.19999885559082
1986-07-27,28.760000228881836
1986-07-28,28.649999618530273
1986-07-29,29.739999771118164
1986-07-30,30.059999465942383
1986-07-31,29.8799991607666
1986-08-01,29.69999885559082
1986-08-02,29.549999237060547
1986-08-03,29.420000076293945
1986-08-04,29.779998779296875
1986-08-05,29.899999618530273
1986-08-06,30.029998779296875
1986-08-07,29.170000076293945
1986-08-08,29.0
1986-08-09,29.029998779296875
1986-08-10,29.010000228881836
1986-08-11,28.959999084472656
1986-08-12,28.739999771118164
1986-08-13,28.639999389648438
1986-08-14,28.459999084472656
1986-08-15,28.329999923706055
1986-08-16,28.34000015258789
1986-08-17,28.260000228881836
1986-08-18,29.229999542236328
1986-08-19,29.6299991607666
1986-08-20,29.60999870300293
1986-08-21,29.239999771118164
1986-08-22,29.139999389648438
1986-08-23,29.459999084472656
1986-08-24,29.60999870300293
1986-08-25,29.599998474121094
1986-08-26,29.189998626708984
1986-08-27,28.139999389648438
1986-08-28,27.799999237060547
1986-08-29,28.979999542236328
1986-08-30,29.44999885559082
1986-08-31,29.349998474121094
1986-09-01,29.81999969482422
1986-09-02,29.969999313354492
1986-09-03,29.959999084472656
1986-09-04,29.899999618530273
1986-09-05,29.849998474121094
1986-09-06,29.709999084472656
1986-09-07,29.369998931884766
1986-09-08,29.26999855041504
1986-09-09,29.25
1986-09-10,29.25
1986-09-11,29.229999542236328
1986-09-12,29.28999900817871
1986-09-13,29.76999855041504
1986-09-14,29.94999885559082
1986-09-15,30.099998474121094
1986-09-16,30.479999542236328
1986-09-17,30.469999313354492
1986-09-18,30.229999542236328
1986-09-19,30.099998474121094
1986-09-20,30.01999855041504
1986-09-21,29.92999839782715
1986-09-22,30.06999969482422
1986-09-23,30.1299991607666
1986-09-24,29.639999389648438
1986-09-25,28.939998626708984
1986-09-26,28.889999389648438
1986-09-27,28.559999465942383
1986-09-28,28.53999900817871
1986-09-29,28.599998474121094
1986-09-30,28.59000015258789
1986-10-01,28.579999923706055
1986-10-02,28.59000015258789
1986-10-03,27.60999870300293
1986-10-04,27.389999389648438
1986-10-05,27.349998474121094
1986-10-06,27.260000228881836
1986-10-07,27.329999923706055
1986-10-08,27.34000015258789
1986-10-09,27.459999084472656
1986-10-10,27.489999771118164
1986-10-11,27.549999237060547
1986-10-12,28.01999855041504
1986-10-13,28.599998474121094
1986-10-14,29.459999084472656
1986-10-15,29.899999618530273
1986-10-16,29.979999542236328
1986-10-17,29.90999984741211
1986-10-18,29.849998474121094
1986-10-19,29.799999237060547
1986-10-20,29.75
1986-10-21,29.779998779296875
1986-10-22,29.809999465942383
1986-10-23,29.40999984741211
1986-10-24,29.369998931884766
1986-10-25,29.099998474121094
1986-10-26,28.939998626708984
1986-10-27,28.939998626708984
1986-10-28,28.920000076293945
1986-10-29,28.8799991607666
1986-10-30,29.219999313354492
1986-10-31,29.31999969482422
1986-11-01,29.42999839782715
1986-11-02,29.309999465942383
1986-11-03,29.78999900817871
1986-11-04,29.899999618530273
1986-11-05,29.8799991607666
1986-11-06,29.689998626708984
1986-11-07,29.59000015258789
1986-11-08,29.28999900817871
1986-11-09,28.979999542236328
1986-11-10,29.139999389648438
1986-11-11,29.420000076293945
1986-11-12,29.809999465942383
1986-11-13,29.809999465942383
1986-11-14,29.510000228881836
1986-11-15,29.209999084472656
1986-11-16,29.099998474121094
1986-11-17,29.90999984741211
1986-11-18,29.920000076293945
1986-11-19,29.65999984741211
1986-11-20,28.920000076293945
1986-11-21,28.889999389648438
1986-11-22,28.920000076293945
1986-11-23,29.03999900817871
1986-11-24,28.809999465942383
1986-11-25,28.76999855041504
1986-11-26,28.349998474121094
1986-11-27,28.329999923706055
1986-11-28,28.03999900817871
1986-11-29,27.760000228881836
1986-11-30,27.670000076293945
1986-12-01,27.549999237060547
1986-12-02,27.479999542236328
1986-12-03,27.26999855041504
1986-12-04,27.139999389648438
1986-12-05,27.399999618530273
1986-12-06,27.35999870300293
1986-12-07,26.75
1986-12-08,26.56999969482422
1986-12-09,26.529998779296875
1986-12-10,26.729999542236328
1986-12-11,26.849998474121094
1986-12-12,26.719999313354492
1986-12-13,26.329999923706055
1986-12-14,26.28999900817871
1986-12-15,26.599998474121094
1986-12-16,27.25
1986-12-17,27.15999984741211
1986-12-18,27.189998626708984
1986-12-19,27.19999885559082
1986-12-20,27.279998779296875
1986-12-21,27.239999771118164
1986-12-22,27.209999084472656
1986-12-23,27.349998474121094
1986-12-24,27.389999389648438
1986-12-25,27.389999389648438
1986-12-26,27.189998626708984
1986-12-27,27.15999984741211
1986-12-28,27.209999084472656
1986-12-29,27.299999237060547
1986-12-30,27.149999618530273
1986-12-31,26.889999389648438
1987-01-01,26.849998474121094
1987-01-02,26.760000228881836
1987-01-03,27.85999870300293
1987-01-04,28.229999542236328
1987-01-05,28.439998626708984
1987-01-06,28.15999984741211
1987-01-07,27.529998779296875
1987-01-08,27.309999465942383
1987-01-09,27.010000228881836
1987-01-10,26.709999084472656
1987-01-11,26.68000030517578
1987-01-12,26.6299991607666
1987-01-13,26.40999984741211
1987-01-14,26.26999855041504
1987-01-15,26.1299991607666
1987-01-16,26.209999084472656
1987-01-17,26.0
1987-01-18,25.760000228881836
1987-01-19,25.959999084472656
1987-01-20,26.149999618530273
1987-01-21,27.170000076293945
1987-01-22,28.43000030517578
1987-01-23,28.40999984741211
1987-01-24,28.34000015258789
1987-01-25,28.01999855041504
1987-01-26,27.85999870300293
1987-01-27,27.15999984741211
1987-01-28,27.01999855041504
1987-01-29,27.260000228881836
1987-01-30,27.349998474121094
1987-01-31,27.26999855041504
1987-02-01,27.26999855041504
1987-02-02,27.19999885559082
1987-02-03,27.099998474121094
1987-02-04,26.959999084472656
1987-02-05,26.68000030517578
1987-02-06,26.420000076293945
1987-02-07,26.479999542236328
1987-02-08,26.559999465942383
1987-02-09,26.889999389648438
1987-02-10,27.059999465942383
1987-02-11,27.34000015258789
1987-02-12,27.599998474121094
1987-02-13,27.299999237060547
1987-02-14,27.31999969482422
1987-02-15,27.18000030517578
1987-02-16,26.93000030517578
1987-02-17,26.799999237060547
1987-02-18,27.5
1987-02-19,28.079999923706055
1987-02-20,28.049999237060547
1987-02-21,27.969999313354492
1987-02-22,27.75
1987-02-23,27.709999084472656
1987-02-24,27.709999084472656
1987-02-25,27.56999969482422
1987-02-26,27.60999870300293
1987-02-27,28.03999900817871
1987-02-28,28.489999771118164
1987-03-01,28.469999313354492
1987-03-02,27.959999084472656
1987-03-03,27.51999855041504
1987-03-04,27.59000015258789
1987-03-05,27.51999855041504
1987-03-06,27.53999900817871
1987-03-07,28.03999900817871
1987-03-08,28.170000076293945
1987-03-09,28.579999923706055
1987-03-10,28.65999984741211
1987-03-11,28.78999900817871
1987-03-12,28.599998474121094
1987-03-13,28.76999855041504
1987-03-14,28.829999923706055
1987-03-15,28.8799991607666
1987-03-16,29.10999870300293
1987-03-17,29.10999870300293
1987-03-18,29.059999465942383
1987-03-19,28.959999084472656
1987-03-20,29.219999313354492
1987-03-21,29.189998626708984
1987-03-22,28.979999542236328
1987-03-23,28.969999313354492
1987-03-24,29.229999542236328
1987-03-25,29.3799991607666
1987-03-26,29.329999923706055
1987-03-27,29.28999900817871
1987-03-28,29.709999084472656
1987-03-29,29.829999923706055
1987-03-30,29.689998626708984
1987-03-31,28.85999870300293
1987-04-01,29.31999969482422
1987-04-02,29.35999870300293
1987-04-03,29.3799991607666
1987-04-04,29.049999237060547
1987-04-05,28.939998626708984
1987-04-06,29.170000076293945
1987-04-07,29.35999870300293
1987-04-08,29.529998779296875
1987-04-09,29.549999237060547
1987-04-10,29.709999084472656
1987-04-11,29.60999870300293
1987-04-12,29.329999923706055
1987-04-13,29.529998779296875
1987-04-14,29.6299991607666
1987-04-15,29.34000015258789
1987-04-16,29.209999084472656
1987-04-17,29.939998626708984
1987-04-18,30.19999885559082
1987-04-19,30.059999465942383
1987-04-20,29.69999885559082
1987-04-21,29.619998931884766
1987-04-22,29.6299991607666
1987-04-23,29.44999885559082
1987-04-24,30.559999465942383
1987-04-25,30.34000015258789
1987-04-26,30.10999870300293
1987-04-27,30.029998779296875
1987-04-28,30.219999313354492
1987-04-29,30.510000228881836
1987-04-30,30.35999870300293
1987-05-01,30.25
1987-05-02,30.5
1987-05-03,30.479999542236328
1987-05-04,30.369998931884766
1987-05-05,30.349998474121094
1987-05-06,30.369998931884766
1987-05-07,30.53999900817871
1987-05-08,30.40999984741211
1987-05-09,30.139999389648438
1987-05-10,30.049999237060547
1987-05-11,30.17999839782715
1987-05-12,30.219999313354492
1987-05-13,30.239999771118164
1987-05-14,30.3799991607666
1987-05-15,30.189998626708984
1987-05-16,30.44999885559082
1987-05-17,30.729999542236328
1987-05-18,30.81999969482422
1987-05-19,30.90999984741211
1987-05-20,30.969999313354492
1987-05-21,30.959999084472656
1987-05-22,30.17999839782715
1987-05-23,29.81999969482422
1987-05-24,29.53999900817871
1987-05-25,29.31999969482422
1987-05-26,29.899999618530273
1987-05-27,30.079999923706055
1987-05-28,30.09000015258789
1987-05-29,30.03999900817871
1987-05-30,29.989999771118164
1987-05-31,29.939998626708984
1987-06-01,29.85999870300293
1987-06-02,29.809999465942383
1987-06-03,30.06999969482422
1987-06-04,30.049999237060547
1987-06-05,30.0
1987-06-06,30.01999855041504
1987-06-07,30.03999900817871
1987-06-08,30.029998779296875
1987-06-09,30.35999870300293
1987-06-10,30.209999084472656
1987-06-11,30.28999900817871
1987-06-12,30.329999923706055
1987-06-13,30.329999923706055
1987-06-14,30.309999465942383
1987-06-15,30.299999237060547
1987-06-16,30.279998779296875
1987-06-17,30.26999855041504
1987-06-18,30.25
1987-06-19,30.189998626708984
1987-06-20,30.119998931884766
1987-06-21,30.1299991607666
1987-06-22,30.369998931884766
1987-06-23,30.329999923706055
1987-06-24,30.049999237060547
1987-06-25,30.06999969482422
1987-06-26,30.06999969482422
1987-06-27,30.09000015258789
1987-06-28,30.489999771118164
1987-06-29,30.229999542236328
1987-06-30,29.739999771118164
1987-07-01,29.639999389648438
1987-07-02,29.869998931884766
1987-07-03,30.01999855041504
1987-07-04,30.010000228881836
1987-07-05,29.959999084472656
1987-07-06,29.92999839782715
1987-07-07,29.469999313354492
1987-07-08,29.189998626708984
1987-07-09,29.139999389648438
1987-07-10,29.559999465942383
1987-07-11,30.6299991607666
1987-07-12,30.809999465942383
1987-07-13,30.149999618530273
1987-07-14,29.90999984741211
1987-07-15,30.209999084472656
1987-07-16,30.25
1987-07-17,30.19999885559082
1987-07-18,30.139999389648438
1987-07-19,30.06999969482422
1987-07-20,29.92999839782715
1987-07-21,29.889999389648438
1987-07-22,30.010000228881836
1987-07-23,30.119998931884766
1987-07-24,30.10999870300293
1987-07-25,30.219999313354492
1987-07-26,30.19999885559082
1987-07-27,30.09000015258789
1987-07-28,30.059999465942383
1987-07-29,30.049999237060547
1987-07-30,30.01999855041504
1987-07-31,29.989999771118164
1987-08-01,29.94999885559082
1987-08-02,29.939998626708984
1987-08-03,29.920000076293945
1987-08-04,29.889999389648438
1987-08-05,30.579999923706055
1987-08-06,30.849998474121094
1987-08-07,30.90999984741211
1987-08-08,30.719999313354492
1987-08-09,30.219999313354492
1987-08-10,29.920000076293945
1987-08-11,29.579999923706055
1987-08-12,29.799999237060547
1987-08-13,29.84000015258789
1987-08-14,30.279998779296875
1987-08-15,30.469999313354492
1987-08-16,30.40999984741211
1987-08-17,30.369998931884766
1987-08-18,29.75
1987-08-19,29.420000076293945
1987-08-20,29.349998474121094
1987-08-21,29.31999969482422
1987-08-22,29.31999969482422
1987-08-23,29.31999969482422
1987-08-24,29.299999237060547
1987-08-25,29.329999923706055
1987-08-26,29.51999855041504
1987-08-27,29.56999969482422
1987-08-28,29.579999923706055
1987-08-29,29.60999870300293
1987-08-30,29.599998474121094
1987-08-31,29.579999923706055
1987-09-01,29.559999465942383
1987-09-02,29.510000228881836
1987-09-03,30.94999885559082
1987-09-04,31.219999313354492
1987-09-05,31.239999771118164
1987-09-06,31.09000015258789
1987-09-07,30.469999313354492
1987-09-08,30.010000228881836
1987-09-09,29.85999870300293
1987-09-10,29.78999900817871
1987-09-11,29.889999389648438
1987-09-12,30.049999237060547
1987-09-13,30.469999313354492
1987-09-14,30.40999984741211
1987-09-15,30.10999870300293
1987-09-16,29.989999771118164
1987-09-17,30.010000228881836
1987-09-18,29.979999542236328
1987-09-19,29.959999084472656
1987-09-20,29.69999885559082
1987-09-21,30.029998779296875
1987-09-22,30.69999885559082
1987-09-23,30.849998474121094
1987-09-24,30.489999771118164
1987-09-25,30.149999618530273
1987-09-26,30.09000015258789
1987-09-27,30.03999900817871
1987-09-28,30.639999389648438
1987-09-29,30.78999900817871
1987-09-30,30.729999542236328
1987-10-01,30.53999900817871
1987-10-02,30.42999839782715
1987-10-03,30.3799991607666
1987-10-04,30.329999923706055
1987-10-05,30.299999237060547
1987-10-06,30.260000228881836
1987-10-07,29.849998474121094
1987-10-08,29.549999237060547
1987-10-09,29.439998626708984
1987-10-10,29.59000015258789
1987-10-11,29.799999237060547
1987-10-12,29.84000015258789
1987-10-13,29.81999969482422
1987-10-14,30.119998931884766
1987-10-15,30.34000015258789
1987-10-16,30.06999969482422
1987-10-17,29.689998626708984
1987-10-18,29.92999839782715
1987-10-19,30.149999618530273
1987-10-20,30.599998474121094
1987-10-21,30.689998626708984
1987-10-22,30.709999084472656
1987-10-23,30.549999237060547
1987-10-24,30.19999885559082
1987-10-25,30.029998779296875
1987-10-26,30.959999084472656
1987-10-27,31.079999923706055
1987-10-28,31.06999969482422
1987-10-29,30.3799991607666
1987-10-30,30.029998779296875
1987-10-31,29.849998474121094
1987-11-01,29.81999969482422
1987-11-02,29.809999465942383
1987-11-03,29.78999900817871
1987-11-04,29.599998474121094
1987-11-05,28.619998931884766
1987-11-06,28.299999237060547
1987-11-07,28.309999465942383
1987-11-08,28.549999237060547
1987-11-09,28.729999542236328
1987-11-10,28.369998931884766
1987-11-11,28.06999969482422
1987-11-12,28.06999969482422
1987-11-13,28.119998931884766
1987-11-14,29.469999313354492
1987-11-15,29.809999465942383
1987-11-16,29.90999984741211
1987-11-17,30.309999465942383
1987-11-18,30.15999984741211
1987-11-19,30.119998931884766
1987-11-20,29.92999839782715
1987-11-21,29.84000015258789
1987-11-22,29.81999969482422
1987-11-23,29.78999900817871
1987-11-24,29.92999839782715
1987-11-25,30.010000228881836
1987-11-26,30.399999618530273
1987-11-27,30.28999900817871
1987-11-28,30.15999984741211
1987-11-29,29.579999923706055
1987-11-30,29.28999900817871
1987-12-01,29.229999542236328
1987-12-02,29.119998931884766
1987-12-03,28.939998626708984
1987-12-04,28.51999855041504
1987-12-05,28.06999969482422
1987-12-06,28.209999084472656
1987-12-07,28.119998931884766
1987-12-08,27.65999984741211
1987-12-09,27.619998931884766
1987-12-10,27.619998931884766
1987-12-11,26.959999084472656
1987-12-12,26.959999084472656
1987-12-13,27.01999855041504
1987-12-14,27.06999969482422
1987-12-15,27.06999969482422
1987-12-16,27.1299991607666
1987-12-17,27.03999900817871
1987-12-18,26.729999542236328
1987-12-19,26.739999771118164
1987-12-20,26.649999618530273
1987-12-21,26.53999900817871
1987-12-22,26.40999984741211
1987-12-23,26.26999855041504
1987-12-24,26.03999900817871
1987-12-25,26.09000015258789
1987-12-26,26.15999984741211
1987-12-27,26.25
1987-12-28,26.279998779296875
1987-12-29,26.28999900817871
1987-12-30,26.69999885559082
1987-12-31,26.78999900817871
1988-01-01,26.739999771118164
1988-01-02,26.559999465942383
1988-01-03,26.439998626708984
1988-01-04,26.299999237060547
1988-01-05,26.329999923706055
1988-01-06,26.639999389648438
1988-01-07,26.78999900817871
1988-01-08,27.459999084472656
1988-01-09,27.469999313354492
1988-01-10,27.420000076293945
1988-01-11,27.25
1988-01-12,27.260000228881836
1988-01-13,27.1299991607666
1988-01-14,26.829999923706055
1988-01-15,27.010000228881836
1988-01-16,27.309999465942383
1988-01-17,26.809999465942383
1988-01-18,26.69999885559082
1988-01-19,27.099998474121094
1988-01-20,27.279998779296875
1988-01-21,27.01999855041504
1988-01-22,26.69999885559082
1988-01-23,26.489999771118164
1988-01-24,26.829999923706055
1988-01-25,27.420000076293945
1988-01-26,28.119998931884766
1988-01-27,28.8799991607666
1988-01-28,28.709999084472656
1988-01-29,28.40999984741211
1988-01-30,28.209999084472656
1988-01-31,28.139999389648438
1988-02-01,28.149999618530273
1988-02-02,27.979999542236328
1988-02-03,27.979999542236328
1988-02-04,28.709999084472656
1988-02-05,29.049999237060547
1988-02-06,28.969999313354492
1988-02-07,28.979999542236328
1988-02-08,28.56999969482422
1988-02-09,28.389999389648438
1988-02-10,28.329999923706055
1988-02-11,28.18000030517578
1988-02-12,28.209999084472656
1988-02-13,29.53999900817871
1988-02-14,29.51999855041504
1988-02-15,29.119998931884766
1988-02-16,28.559999465942383
1988-02-17,28.559999465942383
1988-02-18,28.369998931884766
1988-02-19,28.34000015258789
1988-02-20,28.51999855041504
1988-02-21,28.579999923706055
1988-02-22,28.6299991607666
1988-02-23,28.959999084472656
1988-02-24,28.889999389648438
1988-02-25,28.719999313354492
1988-02-26,28.920000076293945
1988-02-27,29.26999855041504
1988-02-28,29.26999855041504
1988-02-29,29.369998931884766
1988-03-01,29.369998931884766
1988-03-02,29.239999771118164
1988-03-03,29.399999618530273
1988-03-04,29.439998626708984
1988-03-05,29.459999084472656
1988-03-06,29.549999237060547
1988-03-07,29.28999900817871
1988-03-08,29.119998931884766
1988-03-09,29.459999084472656
1988-03-10,29.899999618530273
1988-03-11,30.28999900817871
1988-03-12,30.28999900817871
1988-03-13,29.85999870300293
1988-03-14,29.349998474121094
1988-03-15,29.889999389648438
1988-03-16,30.119998931884766
1988-03-17,29.869998931884766
1988-03-18,29.34000015258789
1988-03-19,29.529998779296875
1988-03-20,29.489999771118164
1988-03-21,29.06999969482422
1988-03-22,28.649999618530273
1988-03-23,28.649999618530273
1988-03-24,28.84000015258789
1988-03-25,28.899999618530273
1988-03-26,28.549999237060547
1988-03-27,29.09000015258789
1988-03-28,29.649999618530273
1988-03-29,29.75
1988-03-30,29.85999870300293
1988-03-31,30.09000015258789
1988-04-01,30.219999313354492
1988-04-02,30.279998779296875
1988-04-03,30.549999237060547
1988-04-04,30.229999542236328
1988-04-05,28.8799991607666
1988-04-06,29.469999313354492
1988-04-07,29.829999923706055
1988-04-08,29.989999771118164
1988-04-09,29.989999771118164
1988-04-10,29.670000076293945
1988-04-11,29.739999771118164
1988-04-12,29.760000228881836
1988-04-13,29.349998474121094
1988-04-14,29.40999984741211
1988-04-15,29.619998931884766
1988-04-16,29.670000076293945
1988-04-17,29.670000076293945
1988-04-18,30.3799991607666
1988-04-19,30.849998474121094
1988-04-20,31.10999870300293
1988-04-21,30.969999313354492
1988-04-22,30.719999313354492
1988-04-23,30.09000015258789
1988-04-24,29.739999771118164
1988-04-25,29.729999542236328
1988-04-26,29.729999542236328
1988-04-27,31.079999923706055
1988-04-28,31.26999855041504
1988-04-29,31.279998779296875
1988-04-30,31.3799991607666
1988-05-01,31.029998779296875
1988-05-02,30.65999984741211
1988-05-03,30.56999969482422
1988-05-04,30.53999900817871
1988-05-05,30.579999923706055
1988-05-06,30.729999542236328
1988-05-07,30.799999237060547
1988-05-08,31.0
1988-05-09,31.01999855041504
1988-05-10,31.01999855041504
1988-05-11,31.06999969482422
1988-05-12,31.049999237060547
1988-05-13,31.0
1988-05-14,30.90999984741211
1988-05-15,30.6299991607666
1988-05-16,30.549999237060547
1988-05-17,30.5
1988-05-18,30.599998474121094
1988-05-19,30.649999618530273
1988-05-20,30.549999237060547
1988-05-21,30.85999870300293
1988-05-22,31.059999465942383
1988-05-23,31.059999465942383
1988-05-24,31.34000015258789
1988-05-25,31.969999313354492
1988-05-26,32.06999969482422
1988-05-27,31.420000076293945
1988-05-28,31.420000076293945
1988-05-29,31.799999237060547
1988-05-30,31.729999542236328
1988-05-31,31.559999465942383
1988-06-01,31.439998626708984
1988-06-02,31.099998474121094
1988-06-03,30.869998931884766
1988-06-04,30.889999389648438
1988-06-05,30.81999969482422
1988-06-06,30.75
1988-06-07,30.689998626708984
1988-06-08,30.6299991607666
1988-06-09,30.579999923706055
1988-06-10,30.1299991607666
1988-06-11,29.939998626708984
1988-06-12,30.059999465942383
1988-06-13,30.209999084472656
1988-06-14,30.479999542236328
1988-06-15,30.079999923706055
1988-06-16,30.029998779296875
1988-06-17,30.010000228881836
1988-06-18,29.809999465942383
1988-06-19,29.709999084472656
1988-06-20,29.420000076293945
1988-06-21,31.06999969482422
1988-06-22,30.94999885559082
1988-06-23,30.389999389648438
1988-06-24,30.489999771118164
1988-06-25,30.59000015258789
1988-06-26,30.139999389648438
1988-06-27,28.35999870300293
1988-06-28,28.25
1988-06-29,28.309999465942383
1988-06-30,29.689998626708984
1988-07-01,30.309999465942383
1988-07-02,30.670000076293945
1988-07-03,31.51999855041504
1988-07-04,31.649999618530273
1988-07-05,31.51999855041504
1988-07-06,31.25
1988-07-07,31.260000228881836
1988-07-08,31.279998779296875
1988-07-09,31.399999618530273
1988-07-10,31.309999465942383
1988-07-11,31.299999237060547
1988-07-12,31.25
1988-07-13,31.19999885559082
1988-07-14,31.139999389648438
1988-07-15,31.09000015258789
1988-07-16,30.90999984741211
1988-07-17,30.5
1988-07-18,30.3799991607666
1988-07-19,30.170000076293945
1988-07-20,30.01999855041504
1988-07-21,30.189998626708984
1988-07-22,30.479999542236328
1988-07-23,30.40999984741211
1988-07-24,30.09000015258789
1988-07-25,30.03999900817871
1988-07-26,29.969999313354492
1988-07-27,29.59000015258789
1988-07-28,29.6299991607666
1988-07-29,29.599998474121094
1988-07-30,29.92999839782715
1988-07-31,29.90999984741211
1988-08-01,29.8799991607666
1988-08-02,29.799999237060547
1988-08-03,29.51999855041504
1988-08-04,29.299999237060547
1988-08-05,29.139999389648438
1988-08-06,29.010000228881836
1988-08-07,28.8799991607666
1988-08-08,29.85999870300293
1988-08-09,30.19999885559082
1988-08-10,30.010000228881836
1988-08-11,29.959999084472656
1988-08-12,29.939998626708984
1988-08-13,29.90999984741211
1988-08-14,29.889999389648438
1988-08-15,29.8799991607666
1988-08-16,29.939998626708984
1988-08-17,29.420000076293945
1988-08-18,28.869998931884766
1988-08-19,28.989999771118164
1988-08-20,29.44999885559082
1988-08-21,29.6299991607666
1988-08-22,29.599998474121094
1988-08-23,29.469999313354492
1988-08-24,29.189998626708984
1988-08-25,29.139999389648438
1988-08-26,29.149999618530273
1988-08-27,29.139999389648438
1988-08-28,29.1299991607666
1988-08-29,29.119998931884766
1988-08-30,29.099998474121094
1988-08-31,29.09000015258789
1988-09-01,29.079999923706055
1988-09-02,30.599998474121094
1988-09-03,30.760000228881836
1988-09-04,30.670000076293945
1988-09-05,30.439998626708984
1988-09-06,29.829999923706055
1988-09-07,29.829999923706055
1988-09-08,30.01999855041504
1988-09-09,30.059999465942383
1988-09-10,29.989999771118164
1988-09-11,30.079999923706055
1988-09-12,30.28999900817871
1988-09-13,30.439998626708984
1988-09-14,30.420000076293945
1988-09-15,30.329999923706055
1988-09-16,30.279998779296875
1988-09-17,30.239999771118164
1988-09-18,30.170000076293945
1988-09-19,30.029998779296875
1988-09-20,29.979999542236328
1988-09-21,29.94999885559082
1988-09-22,30.85999870300293
1988-09-23,31.149999618530273
1988-09-24,31.17999839782715
1988-09-25,30.81999969482422
1988-09-26,30.69999885559082
1988-09-27,30.69999885559082
1988-09-28,30.809999465942383
1988-09-29,30.76999855041504
1988-09-30,30.69999885559082
1988-10-01,28.739999771118164
1988-10-02,28.03999900817871
1988-10-03,28.68000030517578
1988-10-04,29.31999969482422
1988-10-05,29.31999969482422
1988-10-06,29.349998474121094
1988-10-07,29.369998931884766
1988-10-08,29.399999618530273
1988-10-09,29.420000076293945
1988-10-10,29.42999839782715
1988-10-11,28.549999237060547
1988-10-12,28.35999870300293
1988-10-13,28.90999984741211
1988-10-14,29.209999084472656
1988-10-15,28.93000030517578
1988-10-16,28.81999969482422
1988-10-17,28.03999900817871
1988-10-18,28.260000228881836
1988-10-19,28.25
1988-10-20,27.849998474121094
1988-10-21,28.56999969482422
1988-10-22,29.459999084472656
1988-10-23,29.439998626708984
1988-10-24,29.149999618530273
1988-10-25,28.579999923706055
1988-10-26,28.149999618530273
1988-10-27,28.65999984741211
1988-10-28,28.709999084472656
1988-10-29,28.65999984741211
1988-10-30,28.869998931884766
1988-10-31,29.17999839782715
1988-11-01,29.279998779296875
1988-11-02,28.920000076293945
1988-11-03,29.0
1988-11-04,29.029998779296875
1988-11-05,28.6299991607666
1988-11-06,28.51999855041504
1988-11-07,28.51999855041504
1988-11-08,28.420000076293945
1988-11-09,28.299999237060547
1988-11-10,28.279998779296875
1988-11-11,27.459999084472656
1988-11-12,27.099998474121094
1988-11-13,26.869998931884766
1988-11-14,26.81999969482422
1988-11-15,26.809999465942383
1988-11-16,26.709999084472656
1988-11-17,26.299999237060547
1988-11-18,26.26999855041504
1988-11-19,26.31999969482422
1988-11-20,26.369998931884766
1988-11-21,26.389999389648438
1988-11-22,26.420000076293945
1988-11-23,26.44999885559082
1988-11-24,26.479999542236328
1988-11-25,26.5
1988-11-26,27.34000015258789
1988-11-27,27.329999923706055
1988-11-28,26.920000076293945
1988-11-29,26.84000015258789
1988-11-30,26.829999923706055
1988-12-01,26.229999542236328
1988-12-02,26.170000076293945
1988-12-03,26.01999855041504
1988-12-04,26.059999465942383
1988-12-05,26.029998779296875
1988-12-06,26.739999771118164
1988-12-07,27.209999084472656
1988-12-08,26.989999771118164
1988-12-09,26.619998931884766
1988-12-10,26.139999389648438
1988-12-11,25.969999313354492
1988-12-12,25.94999885559082
1988-12-13,25.719999313354492
1988-12-14,25.5
1988-12-15,25.31999969482422
1988-12-16,25.43000030517578
1988-12-17,25.51999855041504
1988-12-18,25.439998626708984
1988-12-19,25.78999900817871
1988-12-20,26.279998779296875
1988-12-21,26.40999984741211
1988-12-22,26.25
1988-12-23,26.229999542236328
1988-12-24,26.459999084472656
1988-12-25,26.619998931884766
1988-12-26,26.619998931884766
1988-12-27,26.53999900817871
1988-12-28,26.5
1988-12-29,26.369998931884766
1988-12-30,26.079999923706055
1988-12-31,26.170000076293945
1989-01-01,26.170000076293945
1989-01-02,26.260000228881836
1989-01-03,26.439998626708984
1989-01-04,26.869998931884766
1989-01-05,27.209999084472656
1989-01-06,27.389999389648438
1989-01-07,27.389999389648438
1989-01-08,27.44999885559082
1989-01-09,27.459999084472656
1989-01-10,27.69999885559082
1989-01-11,27.69999885559082
1989-01-12,27.389999389648438
1989-01-13,27.389999389648438
1989-01-14,27.90999984741211
1989-01-15,27.94999885559082
1989-01-16,27.389999389648438
1989-01-17,27.6299991607666
1989-01-18,27.809999465942383
1989-01-19,27.779998779296875
1989-01-20,27.84000015258789
1989-01-21,27.599998474121094
1989-01-22,27.6299991607666
1989-01-23,27.84000015258789
1989-01-24,27.889999389648438
1989-01-25,28.01999855041504
1989-01-26,28.119998931884766
1989-01-27,28.19999885559082
1989-01-28,28.19999885559082
1989-01-29,27.849998474121094
1989-01-30,27.599998474121094
1989-01-31,27.349998474121094
1989-02-01,27.329999923706055
1989-02-02,27.43000030517578
1989-02-03,27.78999900817871
1989-02-04,28.329999923706055
1989-02-05,28.85999870300293
1989-02-06,28.979999542236328
1989-02-07,28.3799991607666
1989-02-08,28.01999855041504
1989-02-09,28.09000015258789
1989-02-10,28.099998474121094
1989-02-11,27.34000015258789
1989-02-12,26.849998474121094
1989-02-13,26.93000030517578
1989-02-14,26.689998626708984
1989-02-15,26.81999969482422
1989-02-16,26.90999984741211
1989-02-17,27.51999855041504
1989-02-18,28.01999855041504
1989-02-19,27.75
1989-02-20,27.28999900817871
1989-02-21,27.619998931884766
1989-02-22,28.43000030517578
1989-02-23,28.40999984741211
1989-02-24,27.959999084472656
1989-02-25,27.65999984741211
1989-02-26,28.01999855041504
1989-02-27,28.829999923706055
1989-02-28,28.549999237060547
1989-03-01,28.229999542236328
1989-03-02,28.219999313354492
1989-03-03,28.51999855041504
1989-03-04,28.709999084472656
1989-03-05,28.76999855041504
1989-03-06,28.799999237060547
1989-03-07,28.26999855041504
1989-03-08,27.779998779296875
1989-03-09,27.84000015258789
1989-03-10,28.31999969482422
1989-03-11,28.709999084472656
1989-03-12,28.619998931884766
1989-03-13,28.549999237060547
1989-03-14,28.649999618530273
1989-03-15,28.689998626708984
1989-03-16,29.309999465942383
1989-03-17,29.559999465942383
1989-03-18,29.579999923706055
1989-03-19,29.149999618530273
1989-03-20,29.1299991607666
1989-03-21,29.279998779296875
1989-03-22,28.90999984741211
1989-03-23,28.78999900817871
1989-03-24,28.93000030517578
1989-03-25,29.0
1989-03-26,27.959999084472656
1989-03-27,27.309999465942383
1989-03-28,28.76999855041504
1989-03-29,29.59000015258789
1989-03-30,29.709999084472656
1989-03-31,29.969999313354492
1989-04-01,29.729999542236328
1989-04-02,28.90999984741211
1989-04-03,28.53999900817871
1989-04-04,28.44999885559082
1989-04-05,28.479999542236328
1989-04-06,28.51999855041504
1989-04-07,30.09000015258789
1989-04-08,30.369998931884766
1989-04-09,30.19999885559082
1989-04-10,29.229999542236328
1989-04-11,29.219999313354492
1989-04-12,29.25
1989-04-13,29.299999237060547
1989-04-14,30.01999855041504
1989-04-15,30.209999084472656
1989-04-16,30.31999969482422
1989-04-17,30.26999855041504
1989-04-18,30.010000228881836
1989-04-19,30.10999870300293
1989-04-20,30.170000076293945
1989-04-21,30.239999771118164
1989-04-22,30.09000015258789
1989-04-23,30.010000228881836
1989-04-24,30.15999984741211
1989-04-25,30.920000076293945
1989-04-26,30.849998474121094
1989-04-27,30.049999237060547
1989-04-28,29.809999465942383
1989-04-29,30.189998626708984
1989-04-30,30.69999885559082
1989-05-01,31.059999465942383
1989-05-02,31.229999542236328
1989-05-03,30.920000076293945
1989-05-04,30.459999084472656
1989-05-05,31.079999923706055
1989-05-06,31.119998931884766
1989-05-07,31.119998931884766
1989-05-08,30.92999839782715
1989-05-09,30.799999237060547
1989-05-10,30.78999900817871
1989-05-11,30.779998779296875
1989-05-12,30.76999855041504
1989-05-13,30.76999855041504
1989-05-14,30.670000076293945
1989-05-15,30.3799991607666
1989-05-16,30.94999885559082
1989-05-17,30.85999870300293
1989-05-18,30.399999618530273
1989-05-19,29.979999542236328
1989-05-20,29.94999885559082
1989-05-21,29.920000076293945
1989-05-22,29.90999984741211
1989-05-23,29.889999389648438
1989-05-24,30.059999465942383
1989-05-25,30.139999389648438
1989-05-26,30.149999618530273
1989-05-27,30.119998931884766
1989-05-28,30.09000015258789
1989-05-29,29.6299991607666
1989-05-30,29.809999465942383
1989-05-31,29.799999237060547
1989-06-01,29.779998779296875
1989-06-02,29.75
1989-06-03,29.719999313354492
1989-06-04,29.689998626708984
1989-06-05,29.299999237060547
1989-06-06,29.689998626708984
1989-06-07,30.01999855041504
1989-06-08,29.939998626708984
1989-06-09,30.010000228881836
1989-06-10,29.809999465942383
1989-06-11,29.739999771118164
1989-06-12,29.709999084472656
1989-06-13,29.67999839782715
1989-06-14,30.19999885559082
1989-06-15,30.349998474121094
1989-06-16,30.209999084472656
1989-06-17,30.170000076293945
1989-06-18,30.15999984741211
1989-06-19,29.989999771118164
1989-06-20,29.920000076293945
1989-06-21,29.899999618530273
1989-06-22,29.69999885559082
1989-06-23,29.59000015258789
1989-06-24,29.189998626708984
1989-06-25,28.94999885559082
1989-06-26,28.93000030517578
1989-06-27,28.8799991607666
1989-06-28,29.75
1989-06-29,30.059999465942383
1989-06-30,30.01999855041504
1989-07-01,30.0
1989-07-02,29.90999984741211
1989-07-03,29.84000015258789
1989-07-04,29.899999618530273
1989-07-05,29.94999885559082
1989-07-06,29.239999771118164
1989-07-07,29.19999885559082
1989-07-08,29.619998931884766
1989-07-09,29.649999618530273
1989-07-10,29.56999969482422
1989-07-11,29.510000228881836
1989-07-12,29.3799991607666
1989-07-13,29.15999984741211
1989-07-14,28.920000076293945
1989-07-15,29.76999855041504
1989-07-16,29.969999313354492
1989-07-17,29.619998931884766
1989-07-18,28.94999885559082
1989-07-19,28.849998474121094
1989-07-20,28.85999870300293
1989-07-21,28.969999313354492
1989-07-22,29.0
1989-07-23,29.010000228881836
1989-07-24,28.920000076293945
1989-07-25,28.68000030517578
1989-07-26,28.6299991607666
1989-07-27,28.619998931884766
1989-07-28,28.76999855041504
1989-07-29,29.549999237060547
1989-07-30,29.65999984741211
1989-07-31,29.60999870300293
1989-08-01,29.599998474121094
1989-08-02,29.579999923706055
1989-08-03,29.559999465942383
1989-08-04,29.529998779296875
1989-08-05,29.5
1989-08-06,29.469999313354492
1989-08-07,29.439998626708984
1989-08-08,29.420000076293945
1989-08-09,29.389999389648438
1989-08-10,29.369998931884766
1989-08-11,29.229999542236328
1989-08-12,29.119998931884766
1989-08-13,29.10999870300293
1989-08-14,29.09000015258789
1989-08-15,29.06999969482422
1989-08-16,29.059999465942383
1989-08-17,29.049999237060547
1989-08-18,29.03999900817871
1989-08-19,30.349998474121094
1989-08-20,30.420000076293945
1989-08-21,30.059999465942383
1989-08-22,30.059999465942383
1989-08-23,30.09000015258789
1989-08-24,30.459999084472656
1989-08-25,30.5
1989-08-26,29.01999855041504
1989-08-27,28.649999618530273
1989-08-28,28.559999465942383
1989-08-29,28.51999855041504
1989-08-30,30.3799991607666
1989-08-31,30.559999465942383
1989-09-01,30.559999465942383
1989-09-02,30.3799991607666
1989-09-03,30.31999969482422
1989-09-04,30.3799991607666
1989-09-05,30.34000015258789
1989-09-06,30.279998779296875
1989-09-07,30.229999542236328
1989-09-08,30.17999839782715
1989-09-09,30.260000228881836
1989-09-10,30.34000015258789
1989-09-11,30.309999465942383
1989-09-12,30.25
1989-09-13,30.209999084472656
1989-09-14,30.189998626708984
1989-09-15,30.170000076293945
1989-09-16,29.989999771118164
1989-09-17,29.889999389648438
1989-09-18,29.5
1989-09-19,29.209999084472656
1989-09-20,29.26999855041504
1989-09-21,29.239999771118164
1989-09-22,29.239999771118164
1989-09-23,29.349998474121094
1989-09-24,29.349998474121094
1989-09-25,29.279998779296875
1989-09-26,29.899999618530273
1989-09-27,29.989999771118164
1989-09-28,30.0
1989-09-29,29.969999313354492
1989-09-30,30.029998779296875
1989-10-01,29.779998779296875
1989-10-02,29.51999855041504
1989-10-03,29.389999389648438
1989-10-04,29.3799991607666
1989-10-05,29.35999870300293
1989-10-06,29.349998474121094
1989-10-07,29.760000228881836
1989-10-08,29.75
1989-10-09,29.459999084472656
1989-10-10,29.739999771118164
1989-10-11,29.920000076293945
1989-10-12,29.8799991607666
1989-10-13,29.84000015258789
1989-10-14,29.78999900817871
1989-10-15,30.1299991607666
1989-10-16,30.40999984741211
1989-10-17,30.279998779296875
1989-10-18,30.170000076293945
1989-10-19,30.079999923706055
1989-10-20,29.889999389648438
1989-10-21,28.349998474121094
1989-10-22,28.010000228881836
1989-10-23,28.44999885559082
1989-10-24,28.729999542236328
1989-10-25,29.34000015258789
1989-10-26,29.92999839782715
1989-10-27,30.15999984741211
1989-10-28,29.989999771118164
1989-10-29,30.029998779296875
1989-10-30,30.17999839782715
1989-10-31,29.69999885559082
1989-11-01,29.260000228881836
1989-11-02,28.979999542236328
1989-11-03,28.689998626708984
1989-11-04,28.670000076293945
1989-11-05,28.799999237060547
1989-11-06,27.94999885559082
1989-11-07,27.25
1989-11-08,27.189998626708984
1989-11-09,28.649999618530273
1989-11-10,29.01999855041504
1989-11-11,28.899999618530273
1989-11-12,28.869998931884766
1989-11-13,29.309999465942383
1989-11-14,29.869998931884766
1989-11-15,29.349998474121094
1989-11-16,29.28999900817871
1989-11-17,29.44999885559082
1989-11-18,29.639999389648438
1989-11-19,29.649999618530273
1989-11-20,29.44999885559082
1989-11-21,29.209999084472656
1989-11-22,29.149999618530273
1989-11-23,29.099998474121094
1989-11-24,28.68000030517578
1989-11-25,28.40999984741211
1989-11-26,28.599998474121094
1989-11-27,28.369998931884766
1989-11-28,28.09000015258789
1989-11-29,27.68000030517578
1989-11-30,27.68000030517578
1989-12-01,27.649999618530273
1989-12-02,26.979999542236328
1989-12-03,26.799999237060547
1989-12-04,26.76999855041504
1989-12-05,26.76999855041504
1989-12-06,26.779998779296875
1989-12-07,26.76999855041504
1989-12-08,26.59000015258789
1989-12-09,26.739999771118164
1989-12-10,26.529998779296875
1989-12-11,26.549999237060547
1989-12-12,26.719999313354492
1989-12-13,26.559999465942383
1989-12-14,26.059999465942383
1989-12-15,26.1299991607666
1989-12-16,26.219999313354492
1989-12-17,26.06999969482422
1989-12-18,26.09000015258789
1989-12-19,26.239999771118164
1989-12-20,26.40999984741211
1989-12-21,26.459999084472656
1989-12-22,26.529998779296875
1989-12-23,26.76999855041504
1989-12-24,27.119998931884766
1989-12-25,27.079999923706055
1989-12-26,27.329999923706055
1989-12-27,27.139999389648438
1989-12-28,26.44999885559082
1989-12-29,26.260000228881836
1989-12-30,26.369998931884766
1989-12-31,27.010000228881836
1990-01-01,27.369998931884766
1990-01-02,27.56999969482422
1990-01-03,27.56999969482422
1990-01-04,27.76999855041504
1990-01-05,27.459999084472656
1990-01-06,27.649999618530273
1990-01-07,27.579999923706055
1990-01-08,27.549999237060547
1990-01-09,28.439998626708984
1990-01-10,28.6299991607666
1990-01-11,28.549999237060547
1990-01-12,28.479999542236328
1990-01-13,28.0
1990-01-14,27.5
1990-01-15,27.35999870300293
1990-01-16,27.369998931884766
1990-01-17,27.170000076293945
1990-01-18,27.299999237060547
1990-01-19,27.6299991607666
1990-01-20,27.989999771118164
1990-01-21,27.869998931884766
1990-01-22,27.84000015258789
1990-01-23,28.06999969482422
1990-01-24,28.0
1990-01-25,27.8799991607666
1990-01-26,27.939998626708984
1990-01-27,28.03999900817871
1990-01-28,28.349998474121094
1990-01-29,29.010000228881836
1990-01-30,28.75
1990-01-31,28.34000015258789
1990-02-01,28.229999542236328
1990-02-02,28.19999885559082
1990-02-03,28.329999923706055
1990-02-04,28.469999313354492
1990-02-05,28.510000228881836
1990-02-06,28.689998626708984
1990-02-07,28.719999313354492
1990-02-08,29.170000076293945
1990-02-09,29.260000228881836
1990-02-10,29.06999969482422
1990-02-11,28.65999984741211
1990-02-12,28.44999885559082
1990-02-13,28.329999923706055
1990-02-14,28.059999465942383
1990-02-15,28.349998474121094
1990-02-16,28.729999542236328
1990-02-17,28.76999855041504
1990-02-18,28.689998626708984
1990-02-19,28.69999885559082
1990-02-20,28.6299991607666
1990-02-21,28.53999900817871
1990-02-22,28.799999237060547
1990-02-23,28.93000030517578
1990-02-24,28.84000015258789
1990-02-25,28.719999313354492
1990-02-26,28.510000228881836
1990-02-27,28.299999237060547
1990-02-28,27.8799991607666
1990-03-01,27.899999618530273
1990-03-02,28.51999855041504
1990-03-03,28.719999313354492
1990-03-04,28.760000228881836
1990-03-05,28.549999237060547
1990-03-06,28.689998626708984
1990-03-07,28.719999313354492
1990-03-08,28.69999885559082
1990-03-09,28.81999969482422
1990-03-10,29.40999984741211
1990-03-11,29.92999839782715
1990-03-12,29.60999870300293
1990-03-13,29.5
1990-03-14,29.42999839782715
1990-03-15,29.369998931884766
1990-03-16,29.439998626708984
1990-03-17,29.26999855041504
1990-03-18,29.31999969482422
1990-03-19,29.389999389648438
1990-03-20,29.81999969482422
1990-03-21,30.079999923706055
1990-03-22,29.979999542236328
1990-03-23,29.92999839782715
1990-03-24,29.979999542236328
1990-03-25,29.969999313354492
1990-03-26,30.09000015258789
1990-03-27,29.989999771118164
1990-03-28,29.81999969482422
1990-03-29,29.619998931884766
1990-03-30,29.559999465942383
1990-03-31,29.899999618530273
1990-04-01,30.06999969482422
1990-04-02,30.119998931884766
1990-04-03,30.189998626708984
1990-04-04,30.25
1990-04-05,30.189998626708984
1990-04-06,29.729999542236328
1990-04-07,30.239999771118164
1990-04-08,30.42999839782715
1990-04-09,30.26999855041504
1990-04-10,30.049999237060547
1990-04-11,29.809999465942383
1990-04-12,31.010000228881836
1990-04-13,31.010000228881836
1990-04-14,30.420000076293945
1990-04-15,30.40999984741211
1990-04-16,30.59000015258789
1990-04-17,30.549999237060547
1990-04-18,30.459999084472656
1990-04-19,30.399999618530273
1990-04-20,30.420000076293945
1990-04-21,30.439998626708984
1990-04-22,31.049999237060547
1990-04-23,31.31999969482422
1990-04-24,31.5
1990-04-25,31.40999984741211
1990-04-26,31.03999900817871
1990-04-27,30.329999923706055
1990-04-28,30.399999618530273
1990-04-29,30.599998474121094
1990-04-30,31.28999900817871
1990-05-01,31.579999923706055
1990-05-02,31.60999870300293
1990-05-03,31.559999465942383
1990-05-04,31.510000228881836
1990-05-05,30.849998474121094
1990-05-06,30.639999389648438
1990-05-07,30.670000076293945
1990-05-08,30.729999542236328
1990-05-09,31.60999870300293
1990-05-10,31.85999870300293
1990-05-11,31.849998474121094
1990-05-12,31.729999542236328
1990-05-13,31.809999465942383
1990-05-14,31.510000228881836
1990-05-15,31.399999618530273
1990-05-16,30.299999237060547
1990-05-17,29.969999313354492
1990-05-18,30.25
1990-05-19,31.3799991607666
1990-05-20,31.670000076293945
1990-05-21,31.25
1990-05-22,31.17999839782715
1990-05-23,31.42999839782715
1990-05-24,31.229999542236328
1990-05-25,31.28999900817871
1990-05-26,31.44999885559082
1990-05-27,31.619998931884766
1990-05-28,31.60999870300293
1990-05-29,31.549999237060547
1990-05-30,31.459999084472656
1990-05-31,31.399999618530273
1990-06-01,30.309999465942383
1990-06-02,30.049999237060547
1990-06-03,29.989999771118164
1990-06-04,29.869998931884766
1990-06-05,29.869998931884766
1990-06-06,29.8799991607666
1990-06-07,30.349998474121094
1990-06-08,30.619998931884766
1990-06-09,30.65999984741211
1990-06-10,30.619998931884766
1990-06-11,30.579999923706055
1990-06-12,30.53999900817871
1990-06-13,31.139999389648438
1990-06-14,31.1299991607666
1990-06-15,31.119998931884766
1990-06-16,30.67999839782715
1990-06-17,30.479999542236328
1990-06-18,30.6299991607666
1990-06-19,30.85999870300293
1990-06-20,30.869998931884766
1990-06-21,30.549999237060547
1990-06-22,30.3799991607666
1990-06-23,30.34000015258789
1990-06-24,30.309999465942383
1990-06-25,30.239999771118164
1990-06-26,30.1299991607666
1990-06-27,30.049999237060547
1990-06-28,30.01999855041504
1990-06-29,29.889999389648438
1990-06-30,29.979999542236328
1990-07-01,29.899999618530273
1990-07-02,29.739999771118164
1990-07-03,29.67999839782715
1990-07-04,29.60999870300293
1990-07-05,29.549999237060547
1990-07-06,30.25
1990-07-07,30.369998931884766
1990-07-08,30.3799991607666
1990-07-09,30.17999839782715
1990-07-10,29.809999465942383
1990-07-11,29.559999465942383
1990-07-12,29.44999885559082
1990-07-13,29.309999465942383
1990-07-14,29.239999771118164
1990-07-15,30.920000076293945
1990-07-16,31.219999313354492
1990-07-17,31.279998779296875
1990-07-18,29.75
1990-07-19,28.51999855041504
1990-07-20,28.279998779296875
1990-07-21,28.299999237060547
1990-07-22,28.299999237060547
1990-07-23,28.309999465942383
1990-07-24,28.43000030517578
1990-07-25,28.69999885559082
1990-07-26,29.420000076293945
1990-07-27,29.40999984741211
1990-07-28,29.3799991607666
1990-07-29,29.3799991607666
1990-07-30,29.369998931884766
1990-07-31,30.139999389648438
1990-08-01,30.209999084472656
1990-08-02,30.139999389648438
1990-08-03,30.01999855041504
1990-08-04,29.969999313354492
1990-08-05,29.920000076293945
1990-08-06,29.869998931884766
1990-08-07,29.829999923706055
1990-08-08,29.779998779296875
1990-08-09,29.739999771118164
1990-08-10,29.689998626708984
1990-08-11,29.19999885559082
1990-08-12,28.60999870300293
1990-08-13,28.5
1990-08-14,28.6299991607666
1990-08-15,28.709999084472656
1990-08-16,28.709999084472656
1990-08-17,28.69999885559082
1990-08-18,28.69999885559082
1990-08-19,28.69999885559082
1990-08-20,28.69999885559082
1990-08-21,28.69999885559082
1990-08-22,28.719999313354492
1990-08-23,28.76999855041504
1990-08-24,28.779998779296875
1990-08-25,28.779998779296875
1990-08-26,28.779998779296875
1990-08-27,28.779998779296875
1990-08-28,28.849998474121094
1990-08-29,29.059999465942383
1990-08-30,28.889999389648438
1990-08-31,28.03999900817871
1990-09-01,28.099998474121094
1990-09-02,28.029998779296875
1990-09-03,27.920000076293945
1990-09-04,27.939998626708984
1990-09-05,27.959999084472656
1990-09-06,29.729999542236328
1990-09-07,30.17999839782715
1990-09-08,30.06999969482422
1990-09-09,30.010000228881836
1990-09-10,29.94999885559082
1990-09-11,29.90999984741211
1990-09-12,29.899999618530273
1990-09-13,29.939998626708984
1990-09-14,29.779998779296875
1990-09-15,29.739999771118164
1990-09-16,29.809999465942383
1990-09-17,29.90999984741211
1990-09-18,29.90999984741211
1990-09-19,29.869998931884766
1990-09-20,29.81999969482422
1990-09-21,29.719999313354492
1990-09-22,29.689998626708984
1990-09-23,29.65999984741211
1990-09-24,29.6299991607666
1990-09-25,29.60999870300293
1990-09-26,30.209999084472656
1990-09-27,30.6299991607666
1990-09-28,30.349998474121094
1990-09-29,29.799999237060547
1990-09-30,29.85999870300293
1990-10-01,29.889999389648438
1990-10-02,29.849998474121094
1990-10-03,29.809999465942383
1990-10-04,29.119998931884766
1990-10-05,28.969999313354492
1990-10-06,29.139999389648438
1990-10-07,29.439998626708984
1990-10-08,29.469999313354492
1990-10-09,28.51999855041504
1990-10-10,28.31999969482422
1990-10-11,28.279998779296875
1990-10-12,28.279998779296875
1990-10-13,28.90999984741211
1990-10-14,29.15999984741211
1990-10-15,29.099998474121094
1990-10-16,27.689998626708984
1990-10-17,27.40999984741211
1990-10-18,28.0
1990-10-19,28.469999313354492
1990-10-20,28.479999542236328
1990-10-21,29.44999885559082
1990-10-22,29.8799991607666
1990-10-23,29.639999389648438
1990-10-24,29.389999389648438
1990-10-25,29.649999618530273
1990-10-26,29.59000015258789
1990-10-27,28.8799991607666
1990-10-28,28.469999313354492
1990-10-29,28.34000015258789
1990-10-30,28.68000030517578
1990-10-31,28.719999313354492
1990-11-01,28.969999313354492
1990-11-02,29.19999885559082
1990-11-03,29.349998474121094
1990-11-04,29.459999084472656
1990-11-05,29.420000076293945
1990-11-06,29.479999542236328
1990-11-07,29.219999313354492
1990-11-08,29.189998626708984
1990-11-09,29.209999084472656
1990-11-10,29.19999885559082
1990-11-11,27.81999969482422
1990-11-12,27.639999389648438
1990-11-13,27.489999771118164
1990-11-14,27.389999389648438
1990-11-15,27.40999984741211
1990-11-16,27.510000228881836
1990-11-17,29.25
1990-11-18,29.459999084472656
1990-11-19,29.10999870300293
1990-11-20,28.85999870300293
1990-11-21,28.719999313354492
1990-11-22,28.619998931884766
1990-11-23,28.459999084472656
1990-11-24,28.309999465942383
1990-11-25,28.239999771118164
1990-11-26,28.279998779296875
1990-11-27,28.189998626708984
1990-11-28,28.0
1990-11-29,28.279998779296875
1990-11-30,28.03999900817871
1990-12-01,27.709999084472656
1990-12-02,27.6299991607666
1990-12-03,27.28999900817871
1990-12-04,27.189998626708984
1990-12-05,26.28999900817871
1990-12-06,26.19999885559082
1990-12-07,26.19999885559082
1990-12-08,26.239999771118164
1990-12-09,26.279998779296875
1990-12-10,26.479999542236328
1990-12-11,26.559999465942383
1990-12-12,26.559999465942383
1990-12-13,26.6299991607666
1990-12-14,27.599998474121094
1990-12-15,28.079999923706055
1990-12-16,27.93000030517578
1990-12-17,27.439998626708984
1990-12-18,27.799999237060547
1990-12-19,27.76999855041504
1990-12-20,27.670000076293945
1990-12-21,27.489999771118164
1990-12-22,27.31999969482422
1990-12-23,27.3799991607666
1990-12-24,27.51999855041504
1990-12-25,27.68000030517578
1990-12-26,27.719999313354492
1990-12-27,27.479999542236328
1990-12-28,27.5
1990-12-29,27.51999855041504
1990-12-30,27.549999237060547
1990-12-31,27.68000030517578
1991-01-01,27.899999618530273
1991-01-02,29.0
1991-01-03,29.219999313354492
1991-01-04,28.739999771118164
1991-01-05,27.829999923706055
1991-01-06,27.69999885559082
1991-01-07,27.78999900817871
1991-01-08,27.739999771118164
1991-01-09,27.68000030517578
1991-01-10,28.09000015258789
1991-01-11,28.979999542236328
1991-01-12,29.299999237060547
1991-01-13,28.959999084472656
1991-01-14,28.489999771118164
1991-01-15,28.209999084472656
1991-01-16,28.219999313354492
1991-01-17,28.18000030517578
1991-01-18,27.959999084472656
1991-01-19,28.10999870300293
1991-01-20,28.779998779296875
1991-01-21,28.899999618530273
1991-01-22,28.639999389648438
1991-01-23,28.579999923706055
1991-01-24,28.510000228881836
1991-01-25,28.279998779296875
1991-01-26,28.369998931884766
1991-01-27,28.599998474121094
1991-01-28,28.85999870300293
1991-01-29,28.959999084472656
1991-01-30,28.849998474121094
1991-01-31,28.599998474121094
1991-02-01,28.579999923706055
1991-02-02,28.43000030517578
1991-02-03,28.260000228881836
1991-02-04,28.31999969482422
1991-02-05,28.15999984741211
1991-02-06,28.1299991607666
1991-02-07,28.510000228881836
1991-02-08,28.529998779296875
1991-02-09,28.6299991607666
1991-02-10,28.85999870300293
1991-02-11,28.649999618530273
1991-02-12,28.65999984741211
1991-02-13,28.469999313354492
1991-02-14,28.489999771118164
1991-02-15,28.85999870300293
1991-02-16,28.920000076293945
1991-02-17,28.760000228881836
1991-02-18,28.549999237060547
1991-02-19,28.260000228881836
1991-02-20,28.25
1991-02-21,28.279998779296875
1991-02-22,28.119998931884766
1991-02-23,28.09000015258789
1991-02-24,28.01999855041504
1991-02-25,28.09000015258789
1991-02-26,28.510000228881836
1991-02-27,28.579999923706055
1991-02-28,28.5
1991-03-01,28.469999313354492
1991-03-02,28.90999984741211
1991-03-03,29.25
1991-03-04,29.420000076293945
1991-03-05,29.15999984741211
1991-03-06,28.90999984741211
1991-03-07,28.69999885559082
1991-03-08,28.799999237060547
1991-03-09,28.799999237060547
1991-03-10,28.709999084472656
1991-03-11,28.649999618530273
1991-03-12,28.69999885559082
1991-03-13,28.510000228881836
1991-03-14,28.420000076293945
1991-03-15,29.010000228881836
1991-03-16,29.529998779296875
1991-03-17,29.459999084472656
1991-03-18,29.189998626708984
1991-03-19,28.670000076293945
1991-03-20,29.53999900817871
1991-03-21,29.989999771118164
1991-03-22,30.010000228881836
1991-03-23,29.939998626708984
1991-03-24,29.729999542236328
1991-03-25,29.689998626708984
1991-03-26,29.799999237060547
1991-03-27,29.60999870300293
1991-03-28,29.25
1991-03-29,29.1299991607666
1991-03-30,29.049999237060547
1991-03-31,28.959999084472656
1991-04-01,28.459999084472656
1991-04-02,28.599998474121094
1991-04-03,29.28999900817871
1991-04-04,29.53999900817871
1991-04-05,29.439998626708984
1991-04-06,29.3799991607666
1991-04-07,29.149999618530273
1991-04-08,28.969999313354492
1991-04-09,28.969999313354492
1991-04-10,29.809999465942383
1991-04-11,29.889999389648438
1991-04-12,29.670000076293945
1991-04-13,29.59000015258789
1991-04-14,29.639999389648438
1991-04-15,29.779998779296875
1991-04-16,29.779998779296875
1991-04-17,29.81999969482422
1991-04-18,30.53999900817871
1991-04-19,30.729999542236328
1991-04-20,30.709999084472656
1991-04-21,30.689998626708984
1991-04-22,30.829999923706055
1991-04-23,30.799999237060547
1991-04-24,30.709999084472656
1991-04-25,30.67999839782715
1991-04-26,30.65999984741211
1991-04-27,31.099998474121094
1991-04-28,31.219999313354492
1991-04-29,31.260000228881836
1991-04-30,31.51999855041504
1991-05-01,31.10999870300293
1991-05-02,30.51999855041504
1991-05-03,30.42999839782715
1991-05-04,30.399999618530273
1991-05-05,30.28999900817871
1991-05-06,30.010000228881836
1991-05-07,31.829999923706055
1991-05-08,31.969999313354492
1991-05-09,31.939998626708984
1991-05-10,31.809999465942383
1991-05-11,31.049999237060547
1991-05-12,30.739999771118164
1991-05-13,30.6299991607666
1991-05-14,31.469999313354492
1991-05-15,31.399999618530273
1991-05-16,31.399999618530273
1991-05-17,31.549999237060547
1991-05-18,30.799999237060547
1991-05-19,30.979999542236328
1991-05-20,31.099998474121094
1991-05-21,31.059999465942383
1991-05-22,31.0
1991-05-23,31.420000076293945
1991-05-24,31.60999870300293
1991-05-25,31.44999885559082
1991-05-26,31.059999465942383
1991-05-27,30.939998626708984
1991-05-28,30.969999313354492
1991-05-29,31.0
1991-05-30,31.010000228881836
1991-05-31,31.0
1991-06-01,31.44999885559082
1991-06-02,31.549999237060547
1991-06-03,31.529998779296875
1991-06-04,31.469999313354492
1991-06-05,31.40999984741211
1991-06-06,30.76999855041504
1991-06-07,30.709999084472656
1991-06-08,30.67999839782715
1991-06-09,30.529998779296875
1991-06-10,30.099998474121094
1991-06-11,29.979999542236328
1991-06-12,29.94999885559082
1991-06-13,29.920000076293945
1991-06-14,29.78999900817871
1991-06-15,29.5
1991-06-16,29.439998626708984
1991-06-17,29.439998626708984
1991-06-18,29.42999839782715
1991-06-19,29.40999984741211
1991-06-20,29.399999618530273
1991-06-21,29.369998931884766
1991-06-22,29.35999870300293
1991-06-23,29.349998474121094
1991-06-24,29.34000015258789
1991-06-25,29.349998474121094
1991-06-26,29.34000015258789
1991-06-27,29.8799991607666
1991-06-28,29.829999923706055
1991-06-29,30.010000228881836
1991-06-30,30.479999542236328
1991-07-01,30.599998474121094
1991-07-02,30.579999923706055
1991-07-03,30.559999465942383
1991-07-04,30.549999237060547
1991-07-05,30.529998779296875
1991-07-06,30.5
1991-07-07,30.469999313354492
1991-07-08,30.439998626708984
1991-07-09,30.40999984741211
1991-07-10,30.3799991607666
1991-07-11,30.349998474121094
1991-07-12,30.31999969482422
1991-07-13,30.28999900817871
1991-07-14,30.25
1991-07-15,30.15999984741211
1991-07-16,29.94999885559082
1991-07-17,30.689998626708984
1991-07-18,30.779998779296875
1991-07-19,30.349998474121094
1991-07-20,30.260000228881836
1991-07-21,30.31999969482422
1991-07-22,30.5
1991-07-23,30.40999984741211
1991-07-24,30.170000076293945
1991-07-25,29.84000015258789
1991-07-26,29.5
1991-07-27,29.349998474121094
1991-07-28,29.19999885559082
1991-07-29,29.01999855041504
1991-07-30,28.979999542236328
1991-07-31,28.989999771118164
1991-08-01,28.989999771118164
1991-08-02,30.459999084472656
1991-08-03,30.6299991607666
1991-08-04,30.8799991607666
1991-08-05,31.029998779296875
1991-08-06,31.010000228881836
1991-08-07,30.979999542236328
1991-08-08,30.939998626708984
1991-08-09,30.899999618530273
1991-08-10,30.25
1991-08-11,30.1299991607666
1991-08-12,30.099998474121094
1991-08-13,30.03999900817871
1991-08-14,29.979999542236328
1991-08-15,29.939998626708984
1991-08-16,29.889999389648438
1991-08-17,29.849998474121094
1991-08-18,29.81999969482422
1991-08-19,29.78999900817871
1991-08-20,29.279998779296875
1991-08-21,29.010000228881836
1991-08-22,28.969999313354492
1991-08-23,28.979999542236328
1991-08-24,28.94999885559082
1991-08-25,28.939998626708984
1991-08-26,28.920000076293945
1991-08-27,28.90999984741211
1991-08-28,28.889999389648438
1991-08-29,29.56999969482422
1991-08-30,29.6299991607666
1991-08-31,29.6299991607666
1991-09-01,29.51999855041504
1991-09-02,29.53999900817871
1991-09-03,29.559999465942383
1991-09-04,29.529998779296875
1991-09-05,29.510000228881836
1991-09-06,29.639999389648438
1991-09-07,29.559999465942383
1991-09-08,29.549999237060547
1991-09-09,29.529998779296875
1991-09-10,29.51999855041504
1991-09-11,29.5
1991-09-12,29.469999313354492
1991-09-13,29.44999885559082
1991-09-14,30.76999855041504
1991-09-15,30.869998931884766
1991-09-16,30.51999855041504
1991-09-17,30.0
1991-09-18,29.670000076293945
1991-09-19,29.69999885559082
1991-09-20,29.670000076293945
1991-09-21,29.760000228881836
1991-09-22,29.709999084472656
1991-09-23,29.689998626708984
1991-09-24,29.670000076293945
1991-09-25,29.649999618530273
1991-09-26,29.6299991607666
1991-09-27,29.60999870300293
1991-09-28,29.59000015258789
1991-09-29,29.579999923706055
1991-09-30,29.56999969482422
1991-10-01,29.459999084472656
1991-10-02,29.59000015258789
1991-10-03,29.939998626708984
1991-10-04,29.75
1991-10-05,29.469999313354492
1991-10-06,28.779998779296875
1991-10-07,28.689998626708984
1991-10-08,28.670000076293945
1991-10-09,28.65999984741211
1991-10-10,27.85999870300293
1991-10-11,27.81999969482422
1991-10-12,28.329999923706055
1991-10-13,28.53999900817871
1991-10-14,29.06999969482422
1991-10-15,29.389999389648438
1991-10-16,29.549999237060547
1991-10-17,29.549999237060547
1991-10-18,30.049999237060547
1991-10-19,29.5
1991-10-20,29.229999542236328
1991-10-21,28.989999771118164
1991-10-22,28.849998474121094
1991-10-23,28.739999771118164
1991-10-24,28.809999465942383
1991-10-25,28.799999237060547
1991-10-26,28.779998779296875
1991-10-27,28.6299991607666
1991-10-28,29.139999389648438
1991-10-29,29.17999839782715
1991-10-30,28.869998931884766
1991-10-31,28.529998779296875
1991-11-01,28.44999885559082
1991-11-02,28.079999923706055
1991-11-03,28.729999542236328
1991-11-04,29.5
1991-11-05,28.989999771118164
1991-11-06,28.18000030517578
1991-11-07,29.1299991607666
1991-11-08,29.760000228881836
1991-11-09,29.619998931884766
1991-11-10,29.709999084472656
1991-11-11,29.649999618530273
1991-11-12,28.649999618530273
1991-11-13,28.139999389648438
1991-11-14,27.94999885559082
1991-11-15,27.849998474121094
1991-11-16,27.799999237060547
1991-11-17,27.76999855041504
1991-11-18,27.84000015258789
1991-11-19,27.84000015258789
1991-11-20,27.779998779296875
1991-11-21,27.459999084472656
1991-11-22,27.389999389648438
1991-11-23,27.510000228881836
1991-11-24,27.68000030517578
1991-11-25,27.849998474121094
1991-11-26,27.6299991607666
1991-11-27,27.31999969482422
1991-11-28,27.059999465942383
1991-11-29,27.93000030517578
1991-11-30,28.84000015258789
1991-12-01,28.94999885559082
1991-12-02,28.19999885559082
1991-12-03,27.389999389648438
1991-12-04,27.28999900817871
1991-12-05,27.920000076293945
1991-12-06,28.099998474121094
1991-12-07,28.03999900817871
1991-12-08,28.06999969482422
1991-12-09,28.239999771118164
1991-12-10,27.81999969482422
1991-12-11,28.099998474121094
1991-12-12,27.920000076293945
1991-12-13,27.799999237060547
1991-12-14,27.6299991607666
1991-12-15,27.75
1991-12-16,27.170000076293945
1991-12-17,26.65999984741211
1991-12-18,26.920000076293945
1991-12-19,27.03999900817871
1991-12-20,26.889999389648438
1991-12-21,26.85999870300293
1991-12-22,26.739999771118164
1991-12-23,26.670000076293945
1991-12-24,27.349998474121094
1991-12-25,28.189998626708984
1991-12-26,27.93000030517578
1991-12-27,27.670000076293945
1991-12-28,26.939998626708984
1991-12-29,26.68000030517578
1991-12-30,26.939998626708984
1991-12-31,27.28999900817871
1992-01-01,27.349998474121094
1992-01-02,27.869998931884766
1992-01-03,28.139999389648438
1992-01-04,28.209999084472656
1992-01-05,27.579999923706055
1992-01-06,27.28999900817871
1992-01-07,27.139999389648438
1992-01-08,27.079999923706055
1992-01-09,27.079999923706055
1992-01-10,26.869998931884766
1992-01-11,26.969999313354492
1992-01-12,27.329999923706055
1992-01-13,27.170000076293945
1992-01-14,26.85999870300293
1992-01-15,26.56999969482422
1992-01-16,26.489999771118164
1992-01-17,26.420000076293945
1992-01-18,26.309999465942383
1992-01-19,26.059999465942383
1992-01-20,25.920000076293945
1992-01-21,26.03999900817871
1992-01-22,26.1299991607666
1992-01-23,26.229999542236328
1992-01-24,26.260000228881836
1992-01-25,26.139999389648438
1992-01-26,26.260000228881836
1992-01-27,26.349998474121094
1992-01-28,27.719999313354492
1992-01-29,27.899999618530273
1992-01-30,27.510000228881836
1992-01-31,27.049999237060547
1992-02-01,27.10999870300293
1992-02-02,27.1299991607666
1992-02-03,27.049999237060547
1992-02-04,27.010000228881836
1992-02-05,28.229999542236328
1992-02-06,28.670000076293945
1992-02-07,28.229999542236328
1992-02-08,27.93000030517578
1992-02-09,27.989999771118164
1992-02-10,27.90999984741211
1992-02-11,27.75
1992-02-12,27.729999542236328
1992-02-13,27.639999389648438
1992-02-14,27.5
1992-02-15,27.76999855041504
1992-02-16,27.68000030517578
1992-02-17,27.10999870300293
1992-02-18,27.15999984741211
1992-02-19,27.170000076293945
1992-02-20,27.06999969482422
1992-02-21,27.059999465942383
1992-02-22,26.94999885559082
1992-02-23,27.229999542236328
1992-02-24,27.369998931884766
1992-02-25,27.479999542236328
1992-02-26,27.93000030517578
1992-02-27,27.989999771118164
1992-02-28,27.529998779296875
1992-02-29,27.279998779296875
1992-03-01,27.84000015258789
1992-03-02,27.809999465942383
1992-03-03,27.51999855041504
1992-03-04,27.649999618530273
1992-03-05,27.809999465942383
1992-03-06,27.689998626708984
1992-03-07,27.719999313354492
1992-03-08,27.709999084472656
1992-03-09,28.209999084472656
1992-03-10,28.869998931884766
1992-03-11,28.979999542236328
1992-03-12,28.799999237060547
1992-03-13,28.93000030517578
1992-03-14,29.049999237060547
1992-03-15,29.099998474121094
1992-03-16,29.209999084472656
1992-03-17,29.0
1992-03-18,28.729999542236328
1992-03-19,28.75
1992-03-20,28.899999618530273
1992-03-21,28.889999389648438
1992-03-22,28.649999618530273
1992-03-23,29.170000076293945
1992-03-24,29.459999084472656
1992-03-25,29.59000015258789
1992-03-26,29.1299991607666
1992-03-27,28.60999870300293
1992-03-28,28.899999618530273
1992-03-29,29.010000228881836
1992-03-30,29.139999389648438
1992-03-31,29.3799991607666
1992-04-01,29.299999237060547
1992-04-02,29.260000228881836
1992-04-03,29.170000076293945
1992-04-04,29.059999465942383
1992-04-05,29.119998931884766
1992-04-06,29.189998626708984
1992-04-07,29.10999870300293
1992-04-08,29.35999870300293
1992-04-09,29.510000228881836
1992-04-10,29.189998626708984
1992-04-11,29.420000076293945
1992-04-12,29.8799991607666
1992-04-13,30.26999855041504
1992-04-14,30.10999870300293
1992-04-15,29.899999618530273
1992-04-16,29.670000076293945
1992-04-17,29.729999542236328
1992-04-18,29.959999084472656
1992-04-19,30.0
1992-04-20,30.260000228881836
1992-04-21,30.26999855041504
1992-04-22,30.219999313354492
1992-04-23,30.26999855041504
1992-04-24,30.309999465942383
1992-04-25,30.31999969482422
1992-04-26,30.799999237060547
1992-04-27,30.889999389648438
1992-04-28,30.94999885559082
1992-04-29,31.059999465942383
1992-04-30,30.969999313354492
1992-05-01,31.049999237060547
1992-05-02,30.959999084472656
1992-05-03,30.81999969482422
1992-05-04,30.67999839782715
1992-05-05,30.40999984741211
1992-05-06,30.599998474121094
1992-05-07,30.28999900817871
1992-05-08,30.76999855041504
1992-05-09,30.989999771118164
1992-05-10,31.139999389648438
1992-05-11,31.099998474121094
1992-05-12,30.65999984741211
1992-05-13,31.0
1992-05-14,31.10999870300293
1992-05-15,32.23999786376953
1992-05-16,31.85999870300293
1992-05-17,31.239999771118164
1992-05-18,31.06999969482422
1992-05-19,31.03999900817871
1992-05-20,31.010000228881836
1992-05-21,30.85999870300293
1992-05-22,30.829999923706055
1992-05-23,30.809999465942383
1992-05-24,30.969999313354492
1992-05-25,30.969999313354492
1992-05-26,30.94999885559082
1992-05-27,31.78999900817871
1992-05-28,31.939998626708984
1992-05-29,31.67999839782715
1992-05-30,31.40999984741211
1992-05-31,31.309999465942383
1992-06-01,31.299999237060547
1992-06-02,31.279998779296875
1992-06-03,31.260000228881836
1992-06-04,31.349998474121094
1992-06-05,31.3799991607666
1992-06-06,31.34000015258789
1992-06-07,31.299999237060547
1992-06-08,31.26999855041504
1992-06-09,31.229999542236328
1992-06-10,31.19999885559082
1992-06-11,31.15999984741211
1992-06-12,31.119998931884766
1992-06-13,31.09000015258789
1992-06-14,31.049999237060547
1992-06-15,31.010000228881836
1992-06-16,30.8799991607666
1992-06-17,30.6299991607666
1992-06-18,30.549999237060547
1992-06-19,30.719999313354492
1992-06-20,30.760000228881836
1992-06-21,30.51999855041504
1992-06-22,30.35999870300293
1992-06-23,30.329999923706055
1992-06-24,30.299999237060547
1992-06-25,30.26999855041504
1992-06-26,30.239999771118164
1992-06-27,30.19999885559082
1992-06-28,30.170000076293945
1992-06-29,30.1299991607666
1992-06-30,30.099998474121094
1992-07-01,30.06999969482422
1992-07-02,30.029998779296875
1992-07-03,30.0
1992-07-04,30.549999237060547
1992-07-05,30.649999618530273
1992-07-06,30.6299991607666
1992-07-07,30.549999237060547
1992-07-08,30.510000228881836
1992-07-09,30.459999084472656
1992-07-10,30.26999855041504
1992-07-11,29.75
1992-07-12,29.19999885559082
1992-07-13,28.760000228881836
1992-07-14,28.69999885559082
1992-07-15,28.959999084472656
1992-07-16,28.969999313354492
1992-07-17,29.869998931884766
1992-07-18,30.079999923706055
1992-07-19,29.59000015258789
1992-07-20,29.459999084472656
1992-07-21,29.44999885559082
1992-07-22,29.439998626708984
1992-07-23,29.42999839782715
1992-07-24,29.42999839782715
1992-07-25,29.420000076293945
1992-07-26,29.420000076293945
1992-07-27,29.40999984741211
1992-07-28,29.31999969482422
1992-07-29,29.03999900817871
1992-07-30,28.81999969482422
1992-07-31,28.76999855041504
1992-08-01,28.76999855041504
1992-08-02,28.76999855041504
1992-08-03,28.76999855041504
1992-08-04,28.76999855041504
1992-08-05,28.76999855041504
1992-08-06,29.899999618530273
1992-08-07,29.969999313354492
1992-08-08,29.399999618530273
1992-08-09,28.549999237060547
1992-08-10,28.51999855041504
1992-08-11,28.559999465942383
1992-08-12,28.56999969482422
1992-08-13,28.56999969482422
1992-08-14,28.579999923706055
1992-08-15,28.579999923706055
1992-08-16,28.399999618530273
1992-08-17,28.399999618530273
1992-08-18,28.81999969482422
1992-08-19,28.6299991607666
1992-08-20,28.3799991607666
1992-08-21,28.389999389648438
1992-08-22,28.399999618530273
1992-08-23,28.420000076293945
1992-08-24,28.439998626708984
1992-08-25,28.459999084472656
1992-08-26,28.479999542236328
1992-08-27,28.5
1992-08-28,28.529998779296875
1992-08-29,28.549999237060547
1992-08-30,28.529998779296875
1992-08-31,28.43000030517578
1992-09-01,28.43000030517578
1992-09-02,28.43000030517578
1992-09-03,28.760000228881836
1992-09-04,28.93000030517578
1992-09-05,28.94999885559082
1992-09-06,28.94999885559082
1992-09-07,29.149999618530273
1992-09-08,29.19999885559082
1992-09-09,29.06999969482422
1992-09-10,29.60999870300293
1992-09-11,29.69999885559082
1992-09-12,29.709999084472656
1992-09-13,29.729999542236328
1992-09-14,29.760000228881836
1992-09-15,29.75
1992-09-16,29.729999542236328
1992-09-17,29.69999885559082
1992-09-18,29.94999885559082
1992-09-19,29.979999542236328
1992-09-20,29.979999542236328
1992-09-21,29.670000076293945
1992-09-22,29.579999923706055
1992-09-23,29.56999969482422
1992-09-24,29.549999237060547
1992-09-25,30.1299991607666
1992-09-26,30.239999771118164
1992-09-27,30.229999542236328
1992-09-28,30.079999923706055
1992-09-29,30.17999839782715
1992-09-30,30.149999618530273
1992-10-01,30.0
1992-10-02,29.889999389648438
1992-10-03,29.829999923706055
1992-10-04,29.779998779296875
1992-10-05,29.739999771118164
1992-10-06,29.529998779296875
1992-10-07,29.42999839782715
1992-10-08,29.439998626708984
1992-10-09,29.44999885559082
1992-10-10,29.439998626708984
1992-10-11,29.439998626708984
1992-10-12,29.42999839782715
1992-10-13,29.42999839782715
1992-10-14,29.469999313354492
1992-10-15,29.09000015258789
1992-10-16,28.719999313354492
1992-10-17,28.670000076293945
1992-10-18,28.739999771118164
1992-10-19,28.78999900817871
1992-10-20,28.619998931884766
1992-10-21,28.53999900817871
1992-10-22,28.53999900817871
1992-10-23,28.549999237060547
1992-10-24,28.559999465942383
1992-10-25,28.559999465942383
1992-10-26,28.56999969482422
1992-10-27,28.549999237060547
1992-10-28,28.5
1992-10-29,28.489999771118164
1992-10-30,28.489999771118164
1992-10-31,28.479999542236328
1992-11-01,27.06999969482422
1992-11-02,26.649999618530273
1992-11-03,26.8799991607666
1992-11-04,27.01999855041504
1992-11-05,28.059999465942383
1992-11-06,28.139999389648438
1992-11-07,27.65999984741211
1992-11-08,27.389999389648438
1992-11-09,27.65999984741211
1992-11-10,27.510000228881836
1992-11-11,27.369998931884766
1992-11-12,27.34000015258789
1992-11-13,27.399999618530273
1992-11-14,27.439998626708984
1992-11-15,26.43000030517578
1992-11-16,26.25
1992-11-17,26.31999969482422
1992-11-18,26.309999465942383
1992-11-19,26.329999923706055
1992-11-20,26.809999465942383
1992-11-21,27.170000076293945
1992-11-22,27.68000030517578
1992-11-23,28.10999870300293
1992-11-24,28.170000076293945
1992-11-25,27.90999984741211
1992-11-26,27.6299991607666
1992-11-27,27.35999870300293
1992-11-28,27.28999900817871
1992-11-29,27.10999870300293
1992-11-30,26.149999618530273
1992-12-01,25.84000015258789
1992-12-02,25.68000030517578
1992-12-03,25.459999084472656
1992-12-04,25.549999237060547
1992-12-05,26.099998474121094
1992-12-06,26.189998626708984
1992-12-07,25.689998626708984
1992-12-08,26.170000076293945
1992-12-09,26.239999771118164
1992-12-10,26.15999984741211
1992-12-11,26.34000015258789
1992-12-12,26.68000030517578
1992-12-13,26.599998474121094
1992-12-14,26.34000015258789
1992-12-15,26.189998626708984
1992-12-16,26.25
1992-12-17,26.939998626708984
1992-12-18,27.10999870300293
1992-12-19,27.28999900817871
1992-12-20,27.399999618530273
1992-12-21,27.349998474121094
1992-12-22,27.309999465942383
1992-12-23,27.849998474121094
1992-12-24,28.15999984741211
1992-12-25,28.189998626708984
1992-12-26,26.68000030517578
1992-12-27,26.649999618530273
1992-12-28,26.94999885559082
1992-12-29,27.28999900817871
1992-12-30,26.920000076293945
1992-12-31,26.689998626708984
1993-01-01,26.829999923706055
1993-01-02,27.260000228881836
1993-01-03,28.19999885559082
1993-01-04,28.559999465942383
1993-01-05,28.25
1993-01-06,27.459999084472656
1993-01-07,26.60999870300293
1993-01-08,26.34000015258789
1993-01-09,26.920000076293945
1993-01-10,27.639999389648438
1993-01-11,27.78999900817871
1993-01-12,27.869998931884766
1993-01-13,27.739999771118164
1993-01-14,27.670000076293945
1993-01-15,27.279998779296875
1993-01-16,26.939998626708984
1993-01-17,26.40999984741211
1993-01-18,26.40999984741211
1993-01-19,26.459999084472656
1993-01-20,26.579999923706055
1993-01-21,26.279998779296875
1993-01-22,26.18000030517578
1993-01-23,26.8799991607666
1993-01-24,27.149999618530273
1993-01-25,27.209999084472656
1993-01-26,27.260000228881836
1993-01-27,27.219999313354492
1993-01-28,26.979999542236328
1993-01-29,26.65999984741211
1993-01-30,26.439998626708984
1993-01-31,26.579999923706055
1993-02-01,26.60999870300293
1993-02-02,26.689998626708984
1993-02-03,26.739999771118164
1993-02-04,26.510000228881836
1993-02-05,26.40999984741211
1993-02-06,26.170000076293945
1993-02-07,26.19999885559082
1993-02-08,26.299999237060547
1993-02-09,26.25
1993-02-10,26.479999542236328
1993-02-11,26.559999465942383
1993-02-12,26.90999984741211
1993-02-13,27.149999618530273
1993-02-14,26.639999389648438
1993-02-15,26.529998779296875
1993-02-16,26.119998931884766
1993-02-17,26.34000015258789
1993-02-18,26.670000076293945
1993-02-19,26.689998626708984
1993-02-20,27.09000015258789
1993-02-21,27.559999465942383
1993-02-22,27.69999885559082
1993-02-23,27.31999969482422
1993-02-24,27.209999084472656
1993-02-25,27.059999465942383
1993-02-26,27.059999465942383
1993-02-27,27.529998779296875
1993-02-28,27.869998931884766
1993-03-01,28.06999969482422
1993-03-02,28.299999237060547
1993-03-03,28.15999984741211
1993-03-04,27.899999618530273
1993-03-05,27.579999923706055
1993-03-06,27.459999084472656
1993-03-07,27.93000030517578
1993-03-08,28.099998474121094
1993-03-09,28.099998474121094
1993-03-10,28.799999237060547
1993-03-11,28.849998474121094
1993-03-12,28.719999313354492
1993-03-13,28.5
1993-03-14,28.59000015258789
1993-03-15,28.599998474121094
1993-03-16,28.489999771118164
1993-03-17,29.079999923706055
1993-03-18,29.059999465942383
1993-03-19,28.90999984741211
1993-03-20,29.28999900817871
1993-03-21,29.670000076293945
1993-03-22,29.67999839782715
1993-03-23,29.189998626708984
1993-03-24,29.079999923706055
1993-03-25,29.279998779296875
1993-03-26,29.619998931884766
1993-03-27,29.5
1993-03-28,29.239999771118164
1993-03-29,29.439998626708984
1993-03-30,29.19999885559082
1993-03-31,29.17999839782715
1993-04-01,29.389999389648438
1993-04-02,29.6299991607666
1993-04-03,30.260000228881836
1993-04-04,30.219999313354492
1993-04-05,30.0
1993-04-06,30.01999855041504
1993-04-07,29.15999984741211
1993-04-08,28.969999313354492
1993-04-09,28.739999771118164
1993-04-10,28.739999771118164
1993-04-11,28.989999771118164
1993-04-12,29.010000228881836
1993-04-13,29.03999900817871
1993-04-14,29.059999465942383
1993-04-15,28.709999084472656
1993-04-16,29.219999313354492
1993-04-17,29.649999618530273
1993-04-18,29.779998779296875
1993-04-19,30.010000228881836
1993-04-20,30.049999237060547
1993-04-21,29.75
1993-04-22,29.85999870300293
1993-04-23,30.010000228881836
1993-04-24,30.06999969482422
1993-04-25,30.25
1993-04-26,30.849998474121094
1993-04-27,30.84000015258789
1993-04-28,30.579999923706055
1993-04-29,30.459999084472656
1993-04-30,30.329999923706055
1993-05-01,30.40999984741211
1993-05-02,29.799999237060547
1993-05-03,29.69999885559082
1993-05-04,30.049999237060547
1993-05-05,30.579999923706055
1993-05-06,30.479999542236328
1993-05-07,30.369998931884766
1993-05-08,30.619998931884766
1993-05-09,29.959999084472656
1993-05-10,29.559999465942383
1993-05-11,29.529998779296875
1993-05-12,29.529998779296875
1993-05-13,29.489999771118164
1993-05-14,29.56999969482422
1993-05-15,29.939998626708984
1993-05-16,30.459999084472656
1993-05-17,30.42999839782715
1993-05-18,30.309999465942383
1993-05-19,30.17999839782715
1993-05-20,30.1299991607666
1993-05-21,30.099998474121094
1993-05-22,30.06999969482422
1993-05-23,30.049999237060547
1993-05-24,30.0
1993-05-25,29.939998626708984
1993-05-26,30.219999313354492
1993-05-27,30.219999313354492
1993-05-28,30.279998779296875
1993-05-29,30.479999542236328
1993-05-30,30.689998626708984
1993-05-31,30.920000076293945
1993-06-01,30.799999237060547
1993-06-02,30.760000228881836
1993-06-03,31.029998779296875
1993-06-04,31.079999923706055
1993-06-05,30.639999389648438
1993-06-06,30.51999855041504
1993-06-07,30.469999313354492
1993-06-08,30.3799991607666
1993-06-09,30.309999465942383
1993-06-10,30.34000015258789
1993-06-11,30.3799991607666
1993-06-12,30.369998931884766
1993-06-13,30.65999984741211
1993-06-14,30.619998931884766
1993-06-15,30.60999870300293
1993-06-16,30.809999465942383
1993-06-17,30.94999885559082
1993-06-18,31.06999969482422
1993-06-19,30.670000076293945
1993-06-20,30.5
1993-06-21,30.5
1993-06-22,30.489999771118164
1993-06-23,30.51999855041504
1993-06-24,30.510000228881836
1993-06-25,30.389999389648438
1993-06-26,30.5
1993-06-27,30.649999618530273
1993-06-28,30.670000076293945
1993-06-29,30.59000015258789
1993-06-30,30.489999771118164
1993-07-01,30.689998626708984
1993-07-02,30.709999084472656
1993-07-03,30.60999870300293
1993-07-04,30.69999885559082
1993-07-05,30.599998474121094
1993-07-06,30.03999900817871
1993-07-07,29.639999389648438
1993-07-08,29.65999984741211
1993-07-09,29.709999084472656
1993-07-10,29.60999870300293
1993-07-11,29.760000228881836
1993-07-12,29.78999900817871
1993-07-13,29.75
1993-07-14,29.76999855041504
1993-07-15,29.889999389648438
1993-07-16,29.619998931884766
1993-07-17,29.389999389648438
1993-07-18,29.639999389648438
1993-07-19,30.25
1993-07-20,30.639999389648438
1993-07-21,30.829999923706055
1993-07-22,30.510000228881836
1993-07-23,30.079999923706055
1993-07-24,29.719999313354492
1993-07-25,29.459999084472656
1993-07-26,29.529998779296875
1993-07-27,29.5
1993-07-28,29.479999542236328
1993-07-29,29.459999084472656
1993-07-30,29.439998626708984
1993-07-31,29.420000076293945
1993-08-01,29.399999618530273
1993-08-02,29.459999084472656
1993-08-03,29.979999542236328
1993-08-04,30.189998626708984
1993-08-05,30.25
1993-08-06,30.15999984741211
1993-08-07,30.06999969482422
1993-08-08,29.94999885559082
1993-08-09,29.399999618530273
1993-08-10,29.34000015258789
1993-08-11,29.309999465942383
1993-08-12,29.28999900817871
1993-08-13,29.260000228881836
1993-08-14,29.34000015258789
1993-08-15,29.349998474121094
1993-08-16,29.349998474121094
1993-08-17,29.329999923706055
1993-08-18,29.299999237060547
1993-08-19,29.28999900817871
1993-08-20,29.26999855041504
1993-08-21,29.25
1993-08-22,29.239999771118164
1993-08-23,29.229999542236328
1993-08-24,29.229999542236328
1993-08-25,29.170000076293945
1993-08-26,29.19999885559082
1993-08-27,29.19999885559082
1993-08-28,29.17999839782715
1993-08-29,28.920000076293945
1993-08-30,29.420000076293945
1993-08-31,29.529998779296875
1993-09-01,29.510000228881836
1993-09-02,29.489999771118164
1993-09-03,29.469999313354492
1993-09-04,29.44999885559082
1993-09-05,29.689998626708984
1993-09-06,30.06999969482422
1993-09-07,30.309999465942383
1993-09-08,30.31999969482422
1993-09-09,30.260000228881836
1993-09-10,30.209999084472656
1993-09-11,30.170000076293945
1993-09-12,30.079999923706055
1993-09-13,29.920000076293945
1993-09-14,29.579999923706055
1993-09-15,29.469999313354492
1993-09-16,29.439998626708984
1993-09-17,29.139999389648438
1993-09-18,29.149999618530273
1993-09-19,29.149999618530273
1993-09-20,29.139999389648438
1993-09-21,29.119998931884766
1993-09-22,29.649999618530273
1993-09-23,29.94999885559082
1993-09-24,30.35999870300293
1993-09-25,30.5
1993-09-26,30.469999313354492
1993-09-27,30.299999237060547
1993-09-28,30.19999885559082
1993-09-29,30.17999839782715
1993-09-30,30.139999389648438
1993-10-01,30.099998474121094
1993-10-02,30.029998779296875
1993-10-03,29.84000015258789
1993-10-04,29.67999839782715
1993-10-05,29.649999618530273
1993-10-06,29.649999618530273
1993-10-07,29.599998474121094
1993-10-08,29.559999465942383
1993-10-09,29.479999542236328
1993-10-10,29.15999984741211
1993-10-11,29.06999969482422
1993-10-12,28.969999313354492
1993-10-13,28.969999313354492
1993-10-14,28.969999313354492
1993-10-15,28.979999542236328
1993-10-16,28.989999771118164
1993-10-17,28.739999771118164
1993-10-18,28.6299991607666
1993-10-19,28.84000015258789
1993-10-20,28.84000015258789
1993-10-21,28.84000015258789
1993-10-22,28.90999984741211
1993-10-23,29.119998931884766
1993-10-24,28.85999870300293
1993-10-25,28.6299991607666
1993-10-26,28.51999855041504
1993-10-27,28.739999771118164
1993-10-28,28.670000076293945
1993-10-29,28.689998626708984
1993-10-30,28.719999313354492
1993-10-31,28.719999313354492
1993-11-01,28.469999313354492
1993-11-02,28.399999618530273
1993-11-03,28.189998626708984
1993-11-04,27.979999542236328
1993-11-05,27.809999465942383
1993-11-06,27.809999465942383
1993-11-07,28.28999900817871
1993-11-08,28.279998779296875
1993-11-09,28.56999969482422
1993-11-10,29.06999969482422
1993-11-11,28.849998474121094
1993-11-12,29.0
1993-11-13,28.90999984741211
1993-11-14,28.439998626708984
1993-11-15,28.209999084472656
1993-11-16,28.09000015258789
1993-11-17,29.170000076293945
1993-11-18,29.349998474121094
1993-11-19,29.329999923706055
1993-11-20,29.219999313354492
1993-11-21,29.099998474121094
1993-11-22,28.689998626708984
1993-11-23,27.869998931884766
1993-11-24,27.81999969482422
1993-11-25,28.19999885559082
1993-11-26,28.119998931884766
1993-11-27,28.049999237060547
1993-11-28,27.939998626708984
1993-11-29,27.94999885559082
1993-11-30,27.849998474121094
1993-12-01,28.35999870300293
1993-12-02,28.829999923706055
1993-12-03,29.19999885559082
1993-12-04,29.6299991607666
1993-12-05,28.84000015258789
1993-12-06,28.35999870300293
1993-12-07,28.28999900817871
1993-12-08,27.94999885559082
1993-12-09,27.670000076293945
1993-12-10,27.670000076293945
1993-12-11,28.85999870300293
1993-12-12,28.3799991607666
1993-12-13,27.94999885559082
1993-12-14,28.099998474121094
1993-12-15,28.01999855041504
1993-12-16,27.69999885559082
1993-12-17,27.469999313354492
1993-12-18,27.389999389648438
1993-12-19,26.489999771118164
1993-12-20,26.15999984741211
1993-12-21,26.170000076293945
1993-12-22,26.229999542236328
1993-12-23,26.219999313354492
1993-12-24,26.18000030517578
1993-12-25,26.059999465942383
1993-12-26,26.0
1993-12-27,26.0
1993-12-28,24.75
1993-12-29,24.60999870300293
1993-12-30,24.75
1993-12-31,25.10999870300293
1994-01-01,25.549999237060547
1994-01-02,25.529998779296875
1994-01-03,25.689998626708984
1994-01-04,26.329999923706055
1994-01-05,27.219999313354492
1994-01-06,27.40999984741211
1994-01-07,26.76999855041504
1994-01-08,26.260000228881836
1994-01-09,25.989999771118164
1994-01-10,26.06999969482422
1994-01-11,26.369998931884766
1994-01-12,26.59000015258789
1994-01-13,26.549999237060547
1994-01-14,26.399999618530273
1994-01-15,26.709999084472656
1994-01-16,26.78999900817871
1994-01-17,26.85999870300293
1994-01-18,26.559999465942383
1994-01-19,26.709999084472656
1994-01-20,27.03999900817871
1994-01-21,27.439998626708984
1994-01-22,27.56999969482422
1994-01-23,26.670000076293945
1994-01-24,26.489999771118164
1994-01-25,26.579999923706055
1994-01-26,26.579999923706055
1994-01-27,26.6299991607666
1994-01-28,26.639999389648438
1994-01-29,26.78999900817871
1994-01-30,27.1299991607666
1994-01-31,27.51999855041504
1994-02-01,27.739999771118164
1994-02-02,27.28999900817871
1994-02-03,27.18000030517578
1994-02-04,27.60999870300293
1994-02-05,27.75
1994-02-06,28.0
1994-02-07,28.329999923706055
1994-02-08,28.099998474121094
1994-02-09,28.139999389648438
1994-02-10,28.010000228881836
1994-02-11,27.760000228881836
1994-02-12,28.119998931884766
1994-02-13,28.31999969482422
1994-02-14,28.369998931884766
1994-02-15,28.719999313354492
1994-02-16,28.689998626708984
1994-02-17,28.670000076293945
1994-02-18,29.010000228881836
1994-02-19,29.229999542236328
1994-02-20,29.299999237060547
1994-02-21,29.510000228881836
1994-02-22,29.189998626708984
1994-02-23,28.979999542236328
1994-02-24,28.889999389648438
1994-02-25,28.869998931884766
1994-02-26,28.68000030517578
1994-02-27,28.399999618530273
1994-02-28,28.029998779296875
1994-03-01,27.920000076293945
1994-03-02,27.78999900817871
1994-03-03,28.779998779296875
1994-03-04,28.869998931884766
1994-03-05,28.399999618530273
1994-03-06,28.35999870300293
1994-03-07,28.170000076293945
1994-03-08,28.420000076293945
1994-03-09,28.65999984741211
1994-03-10,28.719999313354492
1994-03-11,28.420000076293945
1994-03-12,28.459999084472656
1994-03-13,28.899999618530273
1994-03-14,29.139999389648438
1994-03-15,29.1299991607666
1994-03-16,29.1299991607666
1994-03-17,29.09000015258789
1994-03-18,29.099998474121094
1994-03-19,29.099998474121094
1994-03-20,29.10999870300293
1994-03-21,29.279998779296875
1994-03-22,29.31999969482422
1994-03-23,29.19999885559082
1994-03-24,28.8799991607666
1994-03-25,28.349998474121094
1994-03-26,28.079999923706055
1994-03-27,28.469999313354492
1994-03-28,28.81999969482422
1994-03-29,28.959999084472656
1994-03-30,28.85999870300293
1994-03-31,29.31999969482422
1994-04-01,29.139999389648438
1994-04-02,29.19999885559082
1994-04-03,29.10999870300293
1994-04-04,29.65999984741211
1994-04-05,29.760000228881836
1994-04-06,29.510000228881836
1994-04-07,29.510000228881836
1994-04-08,29.299999237060547
1994-04-09,29.399999618530273
1994-04-10,29.779998779296875
1994-04-11,30.149999618530273
1994-04-12,30.239999771118164
1994-04-13,29.76999855041504
1994-04-14,29.829999923706055
1994-04-15,30.09000015258789
1994-04-16,30.239999771118164
1994-04-17,30.170000076293945
1994-04-18,30.1299991607666
1994-04-19,30.28999900817871
1994-04-20,30.529998779296875
1994-04-21,30.549999237060547
1994-04-22,30.420000076293945
1994-04-23,30.479999542236328
1994-04-24,30.67999839782715
1994-04-25,30.719999313354492
1994-04-26,29.979999542236328
1994-04-27,29.76999855041504
1994-04-28,29.849998474121094
1994-04-29,30.219999313354492
1994-04-30,29.81999969482422
1994-05-01,29.079999923706055
1994-05-02,30.119998931884766
1994-05-03,30.260000228881836
1994-05-04,30.119998931884766
1994-05-05,30.0
1994-05-06,29.739999771118164
1994-05-07,29.689998626708984
1994-05-08,29.719999313354492
1994-05-09,29.739999771118164
1994-05-10,29.549999237060547
1994-05-11,29.729999542236328
1994-05-12,29.649999618530273
1994-05-13,29.529998779296875
1994-05-14,29.170000076293945
1994-05-15,29.5
1994-05-16,29.559999465942383
1994-05-17,29.56999969482422
1994-05-18,29.60999870300293
1994-05-19,29.579999923706055
1994-05-20,29.40999984741211
1994-05-21,29.369998931884766
1994-05-22,29.239999771118164
1994-05-23,30.34000015258789
1994-05-24,30.369998931884766
1994-05-25,30.369998931884766
1994-05-26,30.189998626708984
1994-05-27,30.06999969482422
1994-05-28,29.989999771118164
1994-05-29,29.549999237060547
1994-05-30,29.529998779296875
1994-05-31,29.529998779296875
1994-06-01,29.51999855041504
1994-06-02,29.26999855041504
1994-06-03,29.119998931884766
1994-06-04,29.059999465942383
1994-06-05,29.049999237060547
1994-06-06,29.03999900817871
1994-06-07,29.01999855041504
1994-06-08,29.01999855041504
1994-06-09,29.010000228881836
1994-06-10,29.0
1994-06-11,29.420000076293945
1994-06-12,29.529998779296875
1994-06-13,29.529998779296875
1994-06-14,29.510000228881836
1994-06-15,29.489999771118164
1994-06-16,29.239999771118164
1994-06-17,28.69999885559082
1994-06-18,28.56999969482422
1994-06-19,28.510000228881836
1994-06-20,28.549999237060547
1994-06-21,28.559999465942383
1994-06-22,28.559999465942383
1994-06-23,28.549999237060547
1994-06-24,28.549999237060547
1994-06-25,28.549999237060547
1994-06-26,29.309999465942383
1994-06-27,29.6299991607666
1994-06-28,29.649999618530273
1994-06-29,29.60999870300293
1994-06-30,29.579999923706055
1994-07-01,29.53999900817871
1994-07-02,29.510000228881836
1994-07-03,29.489999771118164
1994-07-04,29.489999771118164
1994-07-05,29.459999084472656
1994-07-06,29.42999839782715
1994-07-07,29.399999618530273
1994-07-08,29.149999618530273
1994-07-09,28.939998626708984
1994-07-10,28.849998474121094
1994-07-11,28.81999969482422
1994-07-12,28.78999900817871
1994-07-13,28.760000228881836
1994-07-14,28.739999771118164
1994-07-15,28.729999542236328
1994-07-16,28.69999885559082
1994-07-17,28.68000030517578
1994-07-18,28.670000076293945
1994-07-19,28.639999389648438
1994-07-20,28.579999923706055
1994-07-21,28.799999237060547
1994-07-22,28.85999870300293
1994-07-23,28.849998474121094
1994-07-24,28.510000228881836
1994-07-25,28.51999855041504
1994-07-26,28.51999855041504
1994-07-27,28.510000228881836
1994-07-28,28.51999855041504
1994-07-29,28.529998779296875
1994-07-30,28.51999855041504
1994-07-31,28.51999855041504
1994-08-01,28.51999855041504
1994-08-02,28.529998779296875
1994-08-03,28.529998779296875
1994-08-04,28.529998779296875
1994-08-05,28.53999900817871
1994-08-06,28.53999900817871
1994-08-07,28.53999900817871
1994-08-08,28.53999900817871
1994-08-09,28.53999900817871
1994-08-10,28.529998779296875
1994-08-11,28.729999542236328
1994-08-12,28.81999969482422
1994-08-13,29.139999389648438
1994-08-14,29.219999313354492
1994-08-15,29.189998626708984
1994-08-16,29.170000076293945
1994-08-17,29.149999618530273
1994-08-18,29.139999389648438
1994-08-19,29.119998931884766
1994-08-20,28.869998931884766
1994-08-21,29.19999885559082
1994-08-22,29.229999542236328
1994-08-23,29.170000076293945
1994-08-24,29.1299991607666
1994-08-25,29.09000015258789
1994-08-26,29.049999237060547
1994-08-27,29.01999855041504
1994-08-28,28.989999771118164
1994-08-29,28.959999084472656
1994-08-30,28.93000030517578
1994-08-31,28.869998931884766
1994-09-01,28.899999618530273
1994-09-02,28.8799991607666
1994-09-03,28.85999870300293
1994-09-04,28.84000015258789
1994-09-05,28.869998931884766
1994-09-06,29.029998779296875
1994-09-07,29.03999900817871
1994-09-08,27.809999465942383
1994-09-09,27.18000030517578
1994-09-10,27.1299991607666
1994-09-11,27.189998626708984
1994-09-12,27.25
1994-09-13,27.299999237060547
1994-09-14,27.34000015258789
1994-09-15,27.3799991607666
1994-09-16,27.420000076293945
1994-09-17,27.469999313354492
1994-09-18,27.510000228881836
1994-09-19,27.549999237060547
1994-09-20,27.85999870300293
1994-09-21,28.170000076293945
1994-09-22,28.729999542236328
1994-09-23,28.829999923706055
1994-09-24,28.799999237060547
1994-09-25,28.779998779296875
1994-09-26,28.760000228881836
1994-09-27,28.06999969482422
1994-09-28,27.60999870300293
1994-09-29,27.56999969482422
1994-09-30,28.31999969482422
1994-10-01,28.85999870300293
1994-10-02,28.939998626708984
1994-10-03,28.959999084472656
1994-10-04,28.979999542236328
1994-10-05,28.439998626708984
1994-10-06,28.19999885559082
1994-10-07,28.0
1994-10-08,28.28999900817871
1994-10-09,28.90999984741211
1994-10-10,29.029998779296875
1994-10-11,29.03999900817871
1994-10-12,28.709999084472656
1994-10-13,29.35999870300293
1994-10-14,29.760000228881836
1994-10-15,29.619998931884766
1994-10-16,29.78999900817871
1994-10-17,29.90999984741211
1994-10-18,29.799999237060547
1994-10-19,29.829999923706055
1994-10-20,29.84000015258789
1994-10-21,29.15999984741211
1994-10-22,28.81999969482422
1994-10-23,28.689998626708984
1994-10-24,28.3799991607666
1994-10-25,28.25
1994-10-26,28.1299991607666
1994-10-27,27.899999618530273
1994-10-28,27.28999900817871
1994-10-29,27.5
1994-10-30,27.90999984741211
1994-10-31,27.920000076293945
1994-11-01,27.489999771118164
1994-11-02,27.479999542236328
1994-11-03,27.469999313354492
1994-11-04,27.469999313354492
1994-11-05,27.399999618530273
1994-11-06,27.299999237060547
1994-11-07,27.389999389648438
1994-11-08,27.399999618530273
1994-11-09,27.44999885559082
1994-11-10,27.239999771118164
1994-11-11,27.299999237060547
1994-11-12,27.5
1994-11-13,27.53999900817871
1994-11-14,27.399999618530273
1994-11-15,27.849998474121094
1994-11-16,28.010000228881836
1994-11-17,27.989999771118164
1994-11-18,28.059999465942383
1994-11-19,28.029998779296875
1994-11-20,28.19999885559082
1994-11-21,27.869998931884766
1994-11-22,27.399999618530273
1994-11-23,27.10999870300293
1994-11-24,26.85999870300293
1994-11-25,26.85999870300293
1994-11-26,27.44999885559082
1994-11-27,28.59000015258789
1994-11-28,28.69999885559082
1994-11-29,28.719999313354492
1994-11-30,28.489999771118164
1994-12-01,28.479999542236328
1994-12-02,28.51999855041504
1994-12-03,28.469999313354492
1994-12-04,28.579999923706055
1994-12-05,28.559999465942383
1994-12-06,28.28999900817871
1994-12-07,28.139999389648438
1994-12-08,28.239999771118164
1994-12-09,28.209999084472656
1994-12-10,28.18000030517578
1994-12-11,28.559999465942383
1994-12-12,28.599998474121094
1994-12-13,28.51999855041504
1994-12-14,27.979999542236328
1994-12-15,28.010000228881836
1994-12-16,28.170000076293945
1994-12-17,28.420000076293945
1994-12-18,28.5
1994-12-19,28.53999900817871
1994-12-20,28.529998779296875
1994-12-21,28.40999984741211
1994-12-22,28.239999771118164
1994-12-23,28.029998779296875
1994-12-24,28.049999237060547
1994-12-25,27.8799991607666
1994-12-26,27.829999923706055
1994-12-27,27.93000030517578
1994-12-28,27.94999885559082
1994-12-29,27.90999984741211
1994-12-30,27.739999771118164
1994-12-31,27.6299991607666
1995-01-01,27.619998931884766
1995-01-02,27.649999618530273
1995-01-03,27.639999389648438
1995-01-04,27.78999900817871
1995-01-05,27.94999885559082
1995-01-06,27.760000228881836
1995-01-07,27.599998474121094
1995-01-08,27.31999969482422
1995-01-09,27.25
1995-01-10,27.279998779296875
1995-01-11,27.309999465942383
1995-01-12,27.18000030517578
1995-01-13,27.139999389648438
1995-01-14,27.01999855041504
1995-01-15,26.849998474121094
1995-01-16,26.94999885559082
1995-01-17,26.94999885559082
1995-01-18,26.979999542236328
1995-01-19,27.059999465942383
1995-01-20,26.920000076293945
1995-01-21,26.959999084472656
1995-01-22,27.3799991607666
1995-01-23,27.599998474121094
1995-01-24,27.489999771118164
1995-01-25,27.60999870300293
1995-01-26,27.369998931884766
1995-01-27,26.829999923706055
1995-01-28,26.559999465942383
1995-01-29,27.65999984741211
1995-01-30,28.010000228881836
1995-01-31,27.779998779296875
1995-02-01,27.469999313354492
1995-02-02,26.969999313354492
1995-02-03,27.059999465942383
1995-02-04,27.170000076293945
1995-02-05,27.189998626708984
1995-02-06,27.26999855041504
1995-02-07,27.299999237060547
1995-02-08,28.01999855041504
1995-02-09,28.01999855041504
1995-02-10,27.779998779296875
1995-02-11,27.489999771118164
1995-02-12,27.189998626708984
1995-02-13,26.78999900817871
1995-02-14,26.90999984741211
1995-02-15,27.510000228881836
1995-02-16,27.469999313354492
1995-02-17,27.869998931884766
1995-02-18,27.639999389648438
1995-02-19,27.489999771118164
1995-02-20,27.939998626708984
1995-02-21,28.06999969482422
1995-02-22,28.309999465942383
1995-02-23,28.19999885559082
1995-02-24,28.119998931884766
1995-02-25,28.85999870300293
1995-02-26,29.149999618530273
1995-02-27,28.969999313354492
1995-02-28,28.649999618530273
1995-03-01,28.469999313354492
1995-03-02,28.18000030517578
1995-03-03,28.149999618530273
1995-03-04,28.229999542236328
1995-03-05,28.389999389648438
1995-03-06,27.78999900817871
1995-03-07,27.849998474121094
1995-03-08,28.309999465942383
1995-03-09,28.399999618530273
1995-03-10,28.43000030517578
1995-03-11,28.60999870300293
1995-03-12,28.53999900817871
1995-03-13,28.489999771118164
1995-03-14,28.31999969482422
1995-03-15,27.989999771118164
1995-03-16,28.059999465942383
1995-03-17,28.639999389648438
1995-03-18,28.989999771118164
1995-03-19,29.0
1995-03-20,29.17999839782715
1995-03-21,29.029998779296875
1995-03-22,28.279998779296875
1995-03-23,28.139999389648438
1995-03-24,28.489999771118164
1995-03-25,28.53999900817871
1995-03-26,29.619998931884766
1995-03-27,29.489999771118164
1995-03-28,29.01999855041504
1995-03-29,28.93000030517578
1995-03-30,29.279998779296875
1995-03-31,30.06999969482422
1995-04-01,30.099998474121094
1995-04-02,29.94999885559082
1995-04-03,29.920000076293945
1995-04-04,29.94999885559082
1995-04-05,30.349998474121094
1995-04-06,30.649999618530273
1995-04-07,30.59000015258789
1995-04-08,30.439998626708984
1995-04-09,30.219999313354492
1995-04-10,30.15999984741211
1995-04-11,30.28999900817871
1995-04-12,30.559999465942383
1995-04-13,30.51999855041504
1995-04-14,31.099998474121094
1995-04-15,31.09000015258789
1995-04-16,30.920000076293945
1995-04-17,30.44999885559082
1995-04-18,30.25
1995-04-19,30.219999313354492
1995-04-20,30.709999084472656
1995-04-21,30.939998626708984
1995-04-22,31.10999870300293
1995-04-23,30.579999923706055
1995-04-24,30.399999618530273
1995-04-25,30.799999237060547
1995-04-26,30.939998626708984
1995-04-27,30.809999465942383
1995-04-28,30.299999237060547
1995-04-29,30.260000228881836
1995-04-30,30.399999618530273
1995-05-01,30.34000015258789
1995-05-02,29.25
1995-05-03,29.6299991607666
1995-05-04,30.279998779296875
1995-05-05,30.42999839782715
1995-05-06,30.92999839782715
1995-05-07,31.149999618530273
1995-05-08,30.010000228881836
1995-05-09,29.459999084472656
1995-05-10,29.469999313354492
1995-05-11,29.619998931884766
1995-05-12,29.619998931884766
1995-05-13,29.6299991607666
1995-05-14,30.09000015258789
1995-05-15,30.420000076293945
1995-05-16,30.42999839782715
1995-05-17,30.09000015258789
1995-05-18,30.06999969482422
1995-05-19,30.529998779296875
1995-05-20,30.779998779296875
1995-05-21,31.10999870300293
1995-05-22,31.549999237060547
1995-05-23,31.299999237060547
1995-05-24,30.81999969482422
1995-05-25,31.09000015258789
1995-05-26,31.309999465942383
1995-05-27,31.029998779296875
1995-05-28,30.56999969482422
1995-05-29,30.489999771118164
1995-05-30,30.420000076293945
1995-05-31,30.829999923706055
1995-06-01,30.760000228881836
1995-06-02,30.739999771118164
1995-06-03,30.829999923706055
1995-06-04,30.84000015258789
1995-06-05,30.81999969482422
1995-06-06,30.19999885559082
1995-06-07,30.03999900817871
1995-06-08,30.0
1995-06-09,29.979999542236328
1995-06-10,29.959999084472656
1995-06-11,30.719999313354492
1995-06-12,31.10999870300293
1995-06-13,31.3799991607666
1995-06-14,31.579999923706055
1995-06-15,31.579999923706055
1995-06-16,31.309999465942383
1995-06-17,31.149999618530273
1995-06-18,31.099998474121094
1995-06-19,31.0
1995-06-20,30.760000228881836
1995-06-21,30.65999984741211
1995-06-22,30.510000228881836
1995-06-23,30.599998474121094
1995-06-24,30.75
1995-06-25,30.639999389648438
1995-06-26,30.75
1995-06-27,30.76999855041504
1995-06-28,30.69999885559082
1995-06-29,30.639999389648438
1995-06-30,30.559999465942383
1995-07-01,30.239999771118164
1995-07-02,29.979999542236328
1995-07-03,29.92999839782715
1995-07-04,29.889999389648438
1995-07-05,29.85999870300293
1995-07-06,29.81999969482422
1995-07-07,29.78999900817871
1995-07-08,30.059999465942383
1995-07-09,30.139999389648438
1995-07-10,30.029998779296875
1995-07-11,30.28999900817871
1995-07-12,30.529998779296875
1995-07-13,30.439998626708984
1995-07-14,30.3799991607666
1995-07-15,30.279998779296875
1995-07-16,30.209999084472656
1995-07-17,30.149999618530273
1995-07-18,29.729999542236328
1995-07-19,30.420000076293945
1995-07-20,30.689998626708984
1995-07-21,30.28999900817871
1995-07-22,29.889999389648438
1995-07-23,29.60999870300293
1995-07-24,29.579999923706055
1995-07-25,28.670000076293945
1995-07-26,28.809999465942383
1995-07-27,29.31999969482422
1995-07-28,29.639999389648438
1995-07-29,29.75
1995-07-30,29.719999313354492
1995-07-31,29.69999885559082
1995-08-01,29.639999389648438
1995-08-02,29.619998931884766
1995-08-03,29.60999870300293
1995-08-04,29.579999923706055
1995-08-05,29.059999465942383
1995-08-06,28.959999084472656
1995-08-07,29.06999969482422
1995-08-08,29.28999900817871
1995-08-09,29.279998779296875
1995-08-10,29.25
1995-08-11,29.260000228881836
1995-08-12,29.26999855041504
1995-08-13,29.25
1995-08-14,29.219999313354492
1995-08-15,30.029998779296875
1995-08-16,30.349998474121094
1995-08-17,30.369998931884766
1995-08-18,30.34000015258789
1995-08-19,29.229999542236328
1995-08-20,29.1299991607666
1995-08-21,29.139999389648438
1995-08-22,29.119998931884766
1995-08-23,29.09000015258789
1995-08-24,29.170000076293945
1995-08-25,29.279998779296875
1995-08-26,29.28999900817871
1995-08-27,29.26999855041504
1995-08-28,29.25
1995-08-29,29.229999542236328
1995-08-30,29.209999084472656
1995-08-31,29.19999885559082
1995-09-01,29.17999839782715
1995-09-02,29.15999984741211
1995-09-03,29.139999389648438
1995-09-04,29.119998931884766
1995-09-05,29.099998474121094
1995-09-06,29.079999923706055
1995-09-07,29.059999465942383
1995-09-08,29.03999900817871
1995-09-09,29.01999855041504
1995-09-10,29.0
1995-09-11,28.989999771118164
1995-09-12,28.85999870300293
1995-09-13,28.979999542236328
1995-09-14,28.969999313354492
1995-09-15,28.93000030517578
1995-09-16,28.90999984741211
1995-09-17,28.889999389648438
1995-09-18,28.8799991607666
1995-09-19,28.8799991607666
1995-09-20,28.869998931884766
1995-09-21,29.549999237060547
1995-09-22,29.739999771118164
1995-09-23,29.779998779296875
1995-09-24,29.809999465942383
1995-09-25,29.719999313354492
1995-09-26,29.51999855041504
1995-09-27,29.459999084472656
1995-09-28,29.42999839782715
1995-09-29,29.40999984741211
1995-09-30,29.06999969482422
1995-10-01,28.420000076293945
1995-10-02,28.219999313354492
1995-10-03,28.709999084472656
1995-10-04,28.969999313354492
1995-10-05,28.969999313354492
1995-10-06,28.979999542236328
1995-10-07,29.0
1995-10-08,29.010000228881836
1995-10-09,29.029998779296875
1995-10-10,29.049999237060547
1995-10-11,29.06999969482422
1995-10-12,29.09000015258789
1995-10-13,28.579999923706055
1995-10-14,28.510000228881836
1995-10-15,28.5
1995-10-16,28.510000228881836
1995-10-17,28.6299991607666
1995-10-18,28.6299991607666
1995-10-19,28.849998474121094
1995-10-20,28.979999542236328
1995-10-21,29.079999923706055
1995-10-22,29.5
1995-10-23,29.689998626708984
1995-10-24,30.09000015258789
1995-10-25,30.059999465942383
1995-10-26,29.67999839782715
1995-10-27,28.510000228881836
1995-10-28,27.809999465942383
1995-10-29,27.69999885559082
1995-10-30,27.719999313354492
1995-10-31,27.75
1995-11-01,27.760000228881836
1995-11-02,27.779998779296875
1995-11-03,27.78999900817871
1995-11-04,27.799999237060547
1995-11-05,28.85999870300293
1995-11-06,29.06999969482422
1995-11-07,28.709999084472656
1995-11-08,28.69999885559082
1995-11-09,28.549999237060547
1995-11-10,28.469999313354492
1995-11-11,28.489999771118164
1995-11-12,28.469999313354492
1995-11-13,29.510000228881836
1995-11-14,29.619998931884766
1995-11-15,28.899999618530273
1995-11-16,28.09000015258789
1995-11-17,28.01999855041504
1995-11-18,27.78999900817871
1995-11-19,27.689998626708984
1995-11-20,27.78999900817871
1995-11-21,27.799999237060547
1995-11-22,27.809999465942383
1995-11-23,28.279998779296875
1995-11-24,28.219999313354492
1995-11-25,28.1299991607666
1995-11-26,27.85999870300293
1995-11-27,27.760000228881836
1995-11-28,27.8799991607666
1995-11-29,27.93000030517578
1995-11-30,27.969999313354492
1995-12-01,27.94999885559082
1995-12-02,28.119998931884766
1995-12-03,27.90999984741211
1995-12-04,27.779998779296875
1995-12-05,27.510000228881836
1995-12-06,27.34000015258789
1995-12-07,27.079999923706055
1995-12-08,26.829999923706055
1995-12-09,26.559999465942383
1995-12-10,26.260000228881836
1995-12-11,26.279998779296875
1995-12-12,26.26999855041504
1995-12-13,26.34000015258789
1995-12-14,26.349998474121094
1995-12-15,26.229999542236328
1995-12-16,26.420000076293945
1995-12-17,26.60999870300293
1995-12-18,26.619998931884766
1995-12-19,26.6299991607666
1995-12-20,27.18000030517578
1995-12-21,27.25
1995-12-22,26.849998474121094
1995-12-23,26.90999984741211
1995-12-24,26.719999313354492
1995-12-25,26.549999237060547
1995-12-26,26.309999465942383
1995-12-27,26.229999542236328
1995-12-28,26.1299991607666
1995-12-29,26.209999084472656
1995-12-30,25.439998626708984
1995-12-31,24.979999542236328
1996-01-01,25.119998931884766
1996-01-02,25.209999084472656
1996-01-03,25.239999771118164
1996-01-04,25.229999542236328
1996-01-05,25.15999984741211
1996-01-06,25.219999313354492
1996-01-07,25.35999870300293
1996-01-08,25.599998474121094
1996-01-09,25.799999237060547
1996-01-10,25.94999885559082
1996-01-11,26.619998931884766
1996-01-12,26.439998626708984
1996-01-13,26.35999870300293
1996-01-14,26.239999771118164
1996-01-15,26.099998474121094
1996-01-16,25.59000015258789
1996-01-17,26.029998779296875
1996-01-18,26.459999084472656
1996-01-19,26.209999084472656
1996-01-20,27.170000076293945
1996-01-21,27.329999923706055
1996-01-22,27.3799991607666
1996-01-23,27.31999969482422
1996-01-24,27.010000228881836
1996-01-25,27.049999237060547
1996-01-26,27.84000015258789
1996-01-27,27.84000015258789
1996-01-28,27.75
1996-01-29,27.719999313354492
1996-01-30,27.969999313354492
1996-01-31,27.979999542236328
1996-02-01,27.899999618530273
1996-02-02,27.229999542236328
1996-02-03,27.15999984741211
1996-02-04,27.189998626708984
1996-02-05,27.5
1996-02-06,26.40999984741211
1996-02-07,26.31999969482422
1996-02-08,26.329999923706055
1996-02-09,25.979999542236328
1996-02-10,25.76999855041504
1996-02-11,25.959999084472656
1996-02-12,26.309999465942383
1996-02-13,26.619998931884766
1996-02-14,26.760000228881836
1996-02-15,27.149999618530273
1996-02-16,27.299999237060547
1996-02-17,27.09000015258789
1996-02-18,26.65999984741211
1996-02-19,26.559999465942383
1996-02-20,26.489999771118164
1996-02-21,26.26999855041504
1996-02-22,26.099998474121094
1996-02-23,26.59000015258789
1996-02-24,27.059999465942383
1996-02-25,26.799999237060547
1996-02-26,26.65999984741211
1996-02-27,26.68000030517578
1996-02-28,26.739999771118164
1996-02-29,26.69999885559082
1996-03-01,26.469999313354492
1996-03-02,26.260000228881836
1996-03-03,28.439998626708984
1996-03-04,28.479999542236328
1996-03-05,27.8799991607666
1996-03-06,27.529998779296875
1996-03-07,27.399999618530273
1996-03-08,27.439998626708984
1996-03-09,27.639999389648438
1996-03-10,27.799999237060547
1996-03-11,27.729999542236328
1996-03-12,27.6299991607666
1996-03-13,28.079999923706055
1996-03-14,28.260000228881836
1996-03-15,28.25
1996-03-16,28.279998779296875
1996-03-17,28.420000076293945
1996-03-18,28.739999771118164
1996-03-19,28.899999618530273
1996-03-20,28.979999542236328
1996-03-21,28.939998626708984
1996-03-22,29.420000076293945
1996-03-23,29.75
1996-03-24,29.84000015258789
1996-03-25,29.689998626708984
1996-03-26,29.599998474121094
1996-03-27,29.0
1996-03-28,28.399999618530273
1996-03-29,28.68000030517578
1996-03-30,28.920000076293945
1996-03-31,29.489999771118164
1996-04-01,29.989999771118164
1996-04-02,29.94999885559082
1996-04-03,29.489999771118164
1996-04-04,28.709999084472656
1996-04-05,29.260000228881836
1996-04-06,29.60999870300293
1996-04-07,29.639999389648438
1996-04-08,29.479999542236328
1996-04-09,30.0
1996-04-10,30.60999870300293
1996-04-11,30.529998779296875
1996-04-12,30.439998626708984
1996-04-13,30.03999900817871
1996-04-14,29.899999618530273
1996-04-15,29.34000015258789
1996-04-16,28.69999885559082
1996-04-17,28.59000015258789
1996-04-18,28.469999313354492
1996-04-19,28.579999923706055
1996-04-20,28.76999855041504
1996-04-21,28.869998931884766
1996-04-22,29.06999969482422
1996-04-23,29.28999900817871
1996-04-24,29.899999618530273
1996-04-25,30.049999237060547
1996-04-26,29.989999771118164
1996-04-27,29.81999969482422
1996-04-28,29.760000228881836
1996-04-29,29.75
1996-04-30,28.78999900817871
1996-05-01,28.799999237060547
1996-05-02,28.78999900817871
1996-05-03,28.889999389648438
1996-05-04,29.139999389648438
1996-05-05,29.219999313354492
1996-05-06,29.170000076293945
1996-05-07,30.09000015258789
1996-05-08,30.170000076293945
1996-05-09,30.619998931884766
1996-05-10,30.920000076293945
1996-05-11,30.92999839782715
1996-05-12,30.309999465942383
1996-05-13,30.189998626708984
1996-05-14,30.17999839782715
1996-05-15,30.15999984741211
1996-05-16,30.979999542236328
1996-05-17,30.979999542236328
1996-05-18,31.059999465942383
1996-05-19,31.09000015258789
1996-05-20,30.119998931884766
1996-05-21,29.40999984741211
1996-05-22,29.8799991607666
1996-05-23,30.209999084472656
1996-05-24,30.229999542236328
1996-05-25,30.209999084472656
1996-05-26,30.189998626708984
1996-05-27,30.170000076293945
1996-05-28,29.779998779296875
1996-05-29,29.399999618530273
1996-05-30,29.34000015258789
1996-05-31,29.34000015258789
1996-06-01,29.349998474121094
1996-06-02,29.35999870300293
1996-06-03,29.369998931884766
1996-06-04,30.989999771118164
1996-06-05,31.510000228881836
1996-06-06,31.84000015258789
1996-06-07,31.849998474121094
1996-06-08,31.729999542236328
1996-06-09,31.6299991607666
1996-06-10,31.529998779296875
1996-06-11,31.44999885559082
1996-06-12,31.35999870300293
1996-06-13,31.28999900817871
1996-06-14,31.219999313354492
1996-06-15,31.149999618530273
1996-06-16,31.09000015258789
1996-06-17,31.01999855041504
1996-06-18,30.959999084472656
1996-06-19,30.899999618530273
1996-06-20,30.84000015258789
1996-06-21,30.779998779296875
1996-06-22,30.8799991607666
1996-06-23,31.119998931884766
1996-06-24,31.119998931884766
1996-06-25,31.09000015258789
1996-06-26,30.94999885559082
1996-06-27,31.010000228881836
1996-06-28,30.799999237060547
1996-06-29,30.299999237060547
1996-06-30,30.19999885559082
1996-07-01,31.06999969482422
1996-07-02,31.17999839782715
1996-07-03,31.189998626708984
1996-07-04,31.579999923706055
1996-07-05,31.579999923706055
1996-07-06,30.26999855041504
1996-07-07,29.42999839782715
1996-07-08,29.439998626708984
1996-07-09,29.389999389648438
1996-07-10,29.35999870300293
1996-07-11,29.34000015258789
1996-07-12,29.329999923706055
1996-07-13,29.28999900817871
1996-07-14,29.279998779296875
1996-07-15,29.28999900817871
1996-07-16,29.25
1996-07-17,29.229999542236328
1996-07-18,29.229999542236328
1996-07-19,29.229999542236328
1996-07-20,29.229999542236328
1996-07-21,29.229999542236328
1996-07-22,29.219999313354492
1996-07-23,29.219999313354492
1996-07-24,29.219999313354492
1996-07-25,29.219999313354492
1996-07-26,29.209999084472656
1996-07-27,29.209999084472656
1996-07-28,29.19999885559082
1996-07-29,29.19999885559082
1996-07-30,29.189998626708984
1996-07-31,29.670000076293945
1996-08-01,30.01999855041504
1996-08-02,29.90999984741211
1996-08-03,29.3799991607666
1996-08-04,29.479999542236328
1996-08-05,29.899999618530273
1996-08-06,29.94999885559082
1996-08-07,29.84000015258789
1996-08-08,29.899999618530273
1996-08-09,29.5
1996-08-10,29.17999839782715
1996-08-11,28.85999870300293
1996-08-12,28.829999923706055
1996-08-13,28.869998931884766
1996-08-14,29.079999923706055
1996-08-15,29.10999870300293
1996-08-16,29.06999969482422
1996-08-17,29.049999237060547
1996-08-18,29.029998779296875
1996-08-19,29.0
1996-08-20,28.979999542236328
1996-08-21,28.969999313354492
1996-08-22,28.959999084472656
1996-08-23,28.969999313354492
1996-08-24,28.969999313354492
1996-08-25,28.969999313354492
1996-08-26,29.299999237060547
1996-08-27,29.479999542236328
1996-08-28,29.639999389648438
1996-08-29,29.60999870300293
1996-08-30,28.90999984741211
1996-08-31,28.81999969482422
1996-09-01,28.78999900817871
1996-09-02,28.760000228881836
1996-09-03,28.739999771118164
1996-09-04,28.709999084472656
1996-09-05,28.69999885559082
1996-09-06,28.65999984741211
1996-09-07,28.60999870300293
1996-09-08,27.93000030517578
1996-09-09,27.760000228881836
1996-09-10,27.760000228881836
1996-09-11,27.779998779296875
1996-09-12,27.78999900817871
1996-09-13,27.809999465942383
1996-09-14,27.94999885559082
1996-09-15,28.299999237060547
1996-09-16,28.399999618530273
1996-09-17,28.399999618530273
1996-09-18,28.399999618530273
1996-09-19,28.389999389648438
1996-09-20,28.389999389648438
1996-09-21,28.3799991607666
1996-09-22,28.3799991607666
1996-09-23,28.389999389648438
1996-09-24,29.92999839782715
1996-09-25,29.969999313354492
1996-09-26,29.969999313354492
1996-09-27,29.939998626708984
1996-09-28,29.920000076293945
1996-09-29,29.899999618530273
1996-09-30,29.869998931884766
1996-10-01,29.67999839782715
1996-10-02,29.369998931884766
1996-10-03,29.459999084472656
1996-10-04,29.599998474121094
1996-10-05,29.649999618530273
1996-10-06,29.619998931884766
1996-10-07,29.389999389648438
1996-10-08,29.06999969482422
1996-10-09,29.01999855041504
1996-10-10,29.260000228881836
1996-10-11,29.189998626708984
1996-10-12,28.920000076293945
1996-10-13,29.31999969482422
1996-10-14,29.26999855041504
1996-10-15,28.8799991607666
1996-10-16,29.1299991607666
1996-10-17,29.28999900817871
1996-10-18,29.309999465942383
1996-10-19,29.31999969482422
1996-10-20,29.309999465942383
1996-10-21,29.420000076293945
1996-10-22,28.989999771118164
1996-10-23,28.93000030517578
1996-10-24,28.829999923706055
1996-10-25,28.849998474121094
1996-10-26,28.8799991607666
1996-10-27,28.28999900817871
1996-10-28,28.059999465942383
1996-10-29,27.8799991607666
1996-10-30,27.889999389648438
1996-10-31,27.579999923706055
1996-11-01,27.439998626708984
1996-11-02,27.35999870300293
1996-11-03,27.349998474121094
1996-11-04,27.329999923706055
1996-11-05,28.139999389648438
1996-11-06,28.309999465942383
1996-11-07,28.81999969482422
1996-11-08,29.549999237060547
1996-11-09,29.90999984741211
1996-11-10,29.5
1996-11-11,29.329999923706055
1996-11-12,29.28999900817871
1996-11-13,29.26999855041504
1996-11-14,29.25
1996-11-15,29.229999542236328
1996-11-16,28.369998931884766
1996-11-17,28.0
1996-11-18,27.84000015258789
1996-11-19,27.329999923706055
1996-11-20,26.959999084472656
1996-11-21,26.889999389648438
1996-11-22,27.25
1996-11-23,27.439998626708984
1996-11-24,27.459999084472656
1996-11-25,28.25
1996-11-26,28.619998931884766
1996-11-27,28.709999084472656
1996-11-28,28.549999237060547
1996-11-29,28.670000076293945
1996-11-30,28.31999969482422
1996-12-01,27.3799991607666
1996-12-02,27.299999237060547
1996-12-03,27.299999237060547
1996-12-04,27.349998474121094
1996-12-05,27.349998474121094
1996-12-06,27.329999923706055
1996-12-07,27.51999855041504
1996-12-08,27.68000030517578
1996-12-09,27.69999885559082
1996-12-10,27.279998779296875
1996-12-11,27.149999618530273
1996-12-12,27.139999389648438
1996-12-13,27.139999389648438
1996-12-14,27.19999885559082
1996-12-15,27.1299991607666
1996-12-16,26.65999984741211
1996-12-17,26.56999969482422
1996-12-18,26.53999900817871
1996-12-19,26.69999885559082
1996-12-20,26.729999542236328
1996-12-21,26.649999618530273
1996-12-22,26.739999771118164
1996-12-23,26.6299991607666
1996-12-24,26.01999855041504
1996-12-25,26.010000228881836
1996-12-26,25.899999618530273
1996-12-27,25.94999885559082
1996-12-28,26.049999237060547
1996-12-29,25.799999237060547
1996-12-30,25.689998626708984
1996-12-31,25.60999870300293
1997-01-01,26.18000030517578
1997-01-02,26.60999870300293
1997-01-03,26.809999465942383
1997-01-04,26.689998626708984
1997-01-05,26.299999237060547
1997-01-06,26.1299991607666
1997-01-07,25.799999237060547
1997-01-08,25.8799991607666
1997-01-09,25.920000076293945
1997-01-10,26.01999855041504
1997-01-11,26.09000015258789
1997-01-12,26.049999237060547
1997-01-13,26.34000015258789
1997-01-14,26.40999984741211
1997-01-15,26.559999465942383
1997-01-16,26.399999618530273
1997-01-17,26.349998474121094
1997-01-18,26.689998626708984
1997-01-19,26.81999969482422
1997-01-20,26.920000076293945
1997-01-21,26.939998626708984
1997-01-22,27.119998931884766
1997-01-23,27.219999313354492
1997-01-24,27.349998474121094
1997-01-25,27.1299991607666
1997-01-26,26.81999969482422
1997-01-27,26.670000076293945
1997-01-28,26.81999969482422
1997-01-29,28.010000228881836
1997-01-30,28.25
1997-01-31,27.829999923706055
1997-02-01,27.75
1997-02-02,27.510000228881836
1997-02-03,27.209999084472656
1997-02-04,27.559999465942383
1997-02-05,28.0
1997-02-06,28.059999465942383
1997-02-07,27.939998626708984
1997-02-08,27.639999389648438
1997-02-09,27.65999984741211
1997-02-10,28.26999855041504
1997-02-11,28.719999313354492
1997-02-12,28.329999923706055
1997-02-13,27.69999885559082
1997-02-14,27.53999900817871
1997-02-15,27.60999870300293
1997-02-16,27.65999984741211
1997-02-17,27.19999885559082
1997-02-18,26.959999084472656
1997-02-19,27.639999389648438
1997-02-20,28.010000228881836
1997-02-21,28.229999542236328
1997-02-22,28.529998779296875
1997-02-23,28.719999313354492
1997-02-24,28.939998626708984
1997-02-25,28.899999618530273
1997-02-26,28.779998779296875
1997-02-27,28.81999969482422
1997-02-28,28.81999969482422
1997-03-01,28.369998931884766
1997-03-02,28.079999923706055
1997-03-03,28.1299991607666
1997-03-04,28.6299991607666
1997-03-05,29.0
1997-03-06,29.26999855041504
1997-03-07,29.34000015258789
1997-03-08,28.59000015258789
1997-03-09,28.689998626708984
1997-03-10,28.93000030517578
1997-03-11,29.219999313354492
1997-03-12,29.119998931884766
1997-03-13,29.029998779296875
1997-03-14,28.760000228881836
1997-03-15,28.93000030517578
1997-03-16,29.229999542236328
1997-03-17,29.209999084472656
1997-03-18,29.219999313354492
1997-03-19,29.42999839782715
1997-03-20,29.469999313354492
1997-03-21,29.40999984741211
1997-03-22,29.25
1997-03-23,29.149999618530273
1997-03-24,29.149999618530273
1997-03-25,29.869998931884766
1997-03-26,29.969999313354492
1997-03-27,29.53999900817871
1997-03-28,29.03999900817871
1997-03-29,29.079999923706055
1997-03-30,29.1299991607666
1997-03-31,29.10999870300293
1997-04-01,29.3799991607666
1997-04-02,29.53999900817871
1997-04-03,30.19999885559082
1997-04-04,30.26999855041504
1997-04-05,30.119998931884766
1997-04-06,30.06999969482422
1997-04-07,30.049999237060547
1997-04-08,30.03999900817871
1997-04-09,30.09000015258789
1997-04-10,29.219999313354492
1997-04-11,28.93000030517578
1997-04-12,30.40999984741211
1997-04-13,30.56999969482422
1997-04-14,30.549999237060547
1997-04-15,30.639999389648438
1997-04-16,30.42999839782715
1997-04-17,30.42999839782715
1997-04-18,30.010000228881836
1997-04-19,29.60999870300293
1997-04-20,30.3799991607666
1997-04-21,30.729999542236328
1997-04-22,30.649999618530273
1997-04-23,30.639999389648438
1997-04-24,30.92999839782715
1997-04-25,30.689998626708984
1997-04-26,30.469999313354492
1997-04-27,30.17999839782715
1997-04-28,30.389999389648438
1997-04-29,30.81999969482422
1997-04-30,30.6299991607666
1997-05-01,30.510000228881836
1997-05-02,30.5
1997-05-03,30.40999984741211
1997-05-04,30.6299991607666
1997-05-05,31.1299991607666
1997-05-06,31.420000076293945
1997-05-07,31.439998626708984
1997-05-08,30.51999855041504
1997-05-09,31.44999885559082
1997-05-10,31.60999870300293
1997-05-11,31.670000076293945
1997-05-12,30.920000076293945
1997-05-13,30.639999389648438
1997-05-14,30.489999771118164
1997-05-15,29.869998931884766
1997-05-16,29.90999984741211
1997-05-17,29.90999984741211
1997-05-18,29.920000076293945
1997-05-19,29.920000076293945
1997-05-20,29.90999984741211
1997-05-21,31.420000076293945
1997-05-22,31.53999900817871
1997-05-23,31.35999870300293
1997-05-24,31.1299991607666
1997-05-25,31.049999237060547
1997-05-26,31.06999969482422
1997-05-27,31.260000228881836
1997-05-28,31.469999313354492
1997-05-29,30.76999855041504
1997-05-30,30.78999900817871
1997-05-31,30.84000015258789
1997-06-01,30.84000015258789
1997-06-02,30.1299991607666
1997-06-03,30.01999855041504
1997-06-04,30.309999465942383
1997-06-05,30.3799991607666
1997-06-06,30.92999839782715
1997-06-07,30.989999771118164
1997-06-08,31.25
1997-06-09,31.469999313354492
1997-06-10,31.479999542236328
1997-06-11,31.44999885559082
1997-06-12,31.170000076293945
1997-06-13,30.849998474121094
1997-06-14,30.459999084472656
1997-06-15,30.42999839782715
1997-06-16,30.92999839782715
1997-06-17,31.85999870300293
1997-06-18,32.0099983215332
1997-06-19,32.0
1997-06-20,31.479999542236328
1997-06-21,31.309999465942383
1997-06-22,31.229999542236328
1997-06-23,31.149999618530273
1997-06-24,31.09000015258789
1997-06-25,31.029998779296875
1997-06-26,30.969999313354492
1997-06-27,30.90999984741211
1997-06-28,30.849998474121094
1997-06-29,30.799999237060547
1997-06-30,30.75
1997-07-01,30.69999885559082
1997-07-02,30.649999618530273
1997-07-03,30.599998474121094
1997-07-04,30.549999237060547
1997-07-05,29.94999885559082
1997-07-06,29.719999313354492
1997-07-07,29.69999885559082
1997-07-08,29.69999885559082
1997-07-09,29.639999389648438
1997-07-10,29.579999923706055
1997-07-11,29.53999900817871
1997-07-12,28.889999389648438
1997-07-13,28.420000076293945
1997-07-14,28.34000015258789
1997-07-15,28.369998931884766
1997-07-16,28.469999313354492
1997-07-17,28.5
1997-07-18,28.5
1997-07-19,28.510000228881836
1997-07-20,28.510000228881836
1997-07-21,28.510000228881836
1997-07-22,28.51999855041504
1997-07-23,28.51999855041504
1997-07-24,28.239999771118164
1997-07-25,28.099998474121094
1997-07-26,28.139999389648438
1997-07-27,28.15999984741211
1997-07-28,28.18000030517578
1997-07-29,28.19999885559082
1997-07-30,28.209999084472656
1997-07-31,28.229999542236328
1997-08-01,28.239999771118164
1997-08-02,28.260000228881836
1997-08-03,28.26999855041504
1997-08-04,28.279998779296875
1997-08-05,28.309999465942383
1997-08-06,28.349998474121094
1997-08-07,28.369998931884766
1997-08-08,28.59000015258789
1997-08-09,28.709999084472656
1997-08-10,28.65999984741211
1997-08-11,27.599998474121094
1997-08-12,27.309999465942383
1997-08-13,27.779998779296875
1997-08-14,28.40999984741211
1997-08-15,28.559999465942383
1997-08-16,28.59000015258789
1997-08-17,28.599998474121094
1997-08-18,28.60999870300293
1997-08-19,28.639999389648438
1997-08-20,29.1299991607666
1997-08-21,29.329999923706055
1997-08-22,29.209999084472656
1997-08-23,28.19999885559082
1997-08-24,27.65999984741211
1997-08-25,27.559999465942383
1997-08-26,27.60999870300293
1997-08-27,28.93000030517578
1997-08-28,29.139999389648438
1997-08-29,29.170000076293945
1997-08-30,29.170000076293945
1997-08-31,29.170000076293945
1997-09-01,29.15999984741211
1997-09-02,29.15999984741211
1997-09-03,29.15999984741211
1997-09-04,29.149999618530273
1997-09-05,30.049999237060547
1997-09-06,30.309999465942383
1997-09-07,30.329999923706055
1997-09-08,30.28999900817871
1997-09-09,28.78999900817871
1997-09-10,28.559999465942383
1997-09-11,28.56999969482422
1997-09-12,29.579999923706055
1997-09-13,29.92999839782715
1997-09-14,29.75
1997-09-15,29.239999771118164
1997-09-16,29.53999900817871
1997-09-17,29.579999923706055
1997-09-18,29.56999969482422
1997-09-19,29.599998474121094
1997-09-20,29.479999542236328
1997-09-21,29.31999969482422
1997-09-22,29.349998474121094
1997-09-23,29.579999923706055
1997-09-24,29.260000228881836
1997-09-25,29.01999855041504
1997-09-26,28.989999771118164
1997-09-27,29.010000228881836
1997-09-28,29.01999855041504
1997-09-29,29.029998779296875
1997-09-30,29.03999900817871
1997-10-01,29.049999237060547
1997-10-02,29.059999465942383
1997-10-03,29.059999465942383
1997-10-04,29.059999465942383
1997-10-05,29.029998779296875
1997-10-06,29.60999870300293
1997-10-07,29.510000228881836
1997-10-08,29.34000015258789
1997-10-09,29.10999870300293
1997-10-10,29.010000228881836
1997-10-11,29.760000228881836
1997-10-12,30.26999855041504
1997-10-13,30.479999542236328
1997-10-14,30.689998626708984
1997-10-15,30.779998779296875
1997-10-16,30.34000015258789
1997-10-17,29.849998474121094
1997-10-18,29.92999839782715
1997-10-19,29.559999465942383
1997-10-20,29.469999313354492
1997-10-21,30.260000228881836
1997-10-22,30.76999855041504
1997-10-23,31.03999900817871
1997-10-24,30.92999839782715
1997-10-25,30.670000076293945
1997-10-26,30.209999084472656
1997-10-27,30.209999084472656
1997-10-28,30.209999084472656
1997-10-29,30.299999237060547
1997-10-30,29.94999885559082
1997-10-31,29.869998931884766
1997-11-01,29.349998474121094
1997-11-02,28.529998779296875
1997-11-03,28.369998931884766
1997-11-04,28.399999618530273
1997-11-05,28.43000030517578
1997-11-06,28.44999885559082
1997-11-07,28.469999313354492
1997-11-08,27.959999084472656
1997-11-09,28.529998779296875
1997-11-10,29.15999984741211
1997-11-11,28.939998626708984
1997-11-12,29.65999984741211
1997-11-13,29.44999885559082
1997-11-14,28.799999237060547
1997-11-15,28.78999900817871
1997-11-16,29.170000076293945
1997-11-17,28.899999618530273
1997-11-18,28.65999984741211
1997-11-19,28.799999237060547
1997-11-20,29.03999900817871
1997-11-21,29.010000228881836
1997-11-22,29.059999465942383
1997-11-23,29.01999855041504
1997-11-24,28.979999542236328
1997-11-25,28.959999084472656
1997-11-26,29.799999237060547
1997-11-27,29.799999237060547
1997-11-28,29.469999313354492
1997-11-29,29.329999923706055
1997-11-30,28.84000015258789
1997-12-01,28.889999389648438
1997-12-02,29.239999771118164
1997-12-03,29.579999923706055
1997-12-04,29.709999084472656
1997-12-05,29.469999313354492
1997-12-06,29.389999389648438
1997-12-07,29.670000076293945
1997-12-08,29.099998474121094
1997-12-09,28.099998474121094
1997-12-10,28.260000228881836
1997-12-11,28.59000015258789
1997-12-12,28.689998626708984
1997-12-13,29.01999855041504
1997-12-14,28.849998474121094
1997-12-15,28.349998474121094
1997-12-16,28.76999855041504
1997-12-17,29.119998931884766
1997-12-18,28.889999389648438
1997-12-19,28.76999855041504
1997-12-20,28.389999389648438
1997-12-21,28.399999618530273
1997-12-22,28.599998474121094
1997-12-23,28.899999618530273
1997-12-24,29.529998779296875
1997-12-25,29.5
1997-12-26,29.170000076293945
1997-12-27,28.799999237060547
1997-12-28,29.09000015258789
1997-12-29,28.81999969482422
1997-12-30,28.639999389648438
1997-12-31,28.760000228881836
1998-01-01,29.15999984741211
1998-01-02,29.69999885559082
1998-01-03,29.119998931884766
1998-01-04,29.3799991607666
1998-01-05,29.469999313354492
1998-01-06,29.139999389648438
1998-01-07,29.09000015258789
1998-01-08,28.920000076293945
1998-01-09,29.0
1998-01-10,29.03999900817871
1998-01-11,29.10999870300293
1998-01-12,29.059999465942383
1998-01-13,28.529998779296875
1998-01-14,28.68000030517578
1998-01-15,28.28999900817871
1998-01-16,28.31999969482422
1998-01-17,28.979999542236328
1998-01-18,28.93000030517578
1998-01-19,29.06999969482422
1998-01-20,29.219999313354492
1998-01-21,28.489999771118164
1998-01-22,28.68000030517578
1998-01-23,29.03999900817871
1998-01-24,29.010000228881836
1998-01-25,28.68000030517578
1998-01-26,28.68000030517578
1998-01-27,28.969999313354492
1998-01-28,29.099998474121094
1998-01-29,29.260000228881836
1998-01-30,29.59000015258789
1998-01-31,29.75
1998-02-01,29.3799991607666
1998-02-02,29.1299991607666
1998-02-03,28.6299991607666
1998-02-04,28.549999237060547
1998-02-05,28.5
1998-02-06,29.219999313354492
1998-02-07,29.469999313354492
1998-02-08,29.40999984741211
1998-02-09,29.56999969482422
1998-02-10,29.760000228881836
1998-02-11,29.779998779296875
1998-02-12,29.529998779296875
1998-02-13,29.5
1998-02-14,29.84000015258789
1998-02-15,29.739999771118164
1998-02-16,29.649999618530273
1998-02-17,29.959999084472656
1998-02-18,30.099998474121094
1998-02-19,30.209999084472656
1998-02-20,30.079999923706055
1998-02-21,29.94999885559082
1998-02-22,30.099998474121094
1998-02-23,29.889999389648438
1998-02-24,29.849998474121094
1998-02-25,29.90999984741211
1998-02-26,29.979999542236328
1998-02-27,30.06999969482422
1998-02-28,29.869998931884766
1998-03-01,29.779998779296875
1998-03-02,29.709999084472656
1998-03-03,29.599998474121094
1998-03-04,29.529998779296875
1998-03-05,29.26999855041504
1998-03-06,29.59000015258789
1998-03-07,29.989999771118164
1998-03-08,29.969999313354492
1998-03-09,29.94999885559082
1998-03-10,29.979999542236328
1998-03-11,29.75
1998-03-12,29.709999084472656
1998-03-13,29.469999313354492
1998-03-14,29.3799991607666
1998-03-15,30.26999855041504
1998-03-16,30.189998626708984
1998-03-17,29.989999771118164
1998-03-18,29.920000076293945
1998-03-19,30.049999237060547
1998-03-20,30.1299991607666
1998-03-21,29.899999618530273
1998-03-22,30.15999984741211
1998-03-23,30.229999542236328
1998-03-24,30.149999618530273
1998-03-25,30.09000015258789
1998-03-26,29.92999839782715
1998-03-27,30.260000228881836
1998-03-28,29.969999313354492
1998-03-29,29.76999855041504
1998-03-30,30.059999465942383
1998-03-31,30.329999923706055
1998-04-01,30.389999389648438
1998-04-02,30.670000076293945
1998-04-03,30.849998474121094
1998-04-04,31.06999969482422
1998-04-05,31.099998474121094
1998-04-06,30.689998626708984
1998-04-07,30.420000076293945
1998-04-08,30.119998931884766
1998-04-09,29.6299991607666
1998-04-10,29.369998931884766
1998-04-11,30.329999923706055
1998-04-12,30.3799991607666
1998-04-13,30.65999984741211
1998-04-14,30.959999084472656
1998-04-15,31.029998779296875
1998-04-16,30.709999084472656
1998-04-17,30.28999900817871
1998-04-18,30.260000228881836
1998-04-19,29.92999839782715
1998-04-20,29.889999389648438
1998-04-21,30.439998626708984
1998-04-22,30.510000228881836
1998-04-23,30.779998779296875
1998-04-24,30.599998474121094
1998-04-25,30.869998931884766
1998-04-26,30.670000076293945
1998-04-27,30.209999084472656
1998-04-28,29.939998626708984
1998-04-29,31.389999389648438
1998-04-30,31.639999389648438
1998-05-01,31.6299991607666
1998-05-02,31.469999313354492
1998-05-03,31.28999900817871
1998-05-04,31.420000076293945
1998-05-05,31.40999984741211
1998-05-06,31.479999542236328
1998-05-07,31.51999855041504
1998-05-08,31.389999389648438
1998-05-09,31.599998474121094
1998-05-10,31.75
1998-05-11,31.739999771118164
1998-05-12,30.920000076293945
1998-05-13,30.529998779296875
1998-05-14,30.899999618530273
1998-05-15,30.94999885559082
1998-05-16,30.939998626708984
1998-05-17,30.8799991607666
1998-05-18,30.81999969482422
1998-05-19,30.76999855041504
1998-05-20,30.729999542236328
1998-05-21,31.65999984741211
1998-05-22,31.799999237060547
1998-05-23,31.760000228881836
1998-05-24,31.389999389648438
1998-05-25,31.329999923706055
1998-05-26,31.40999984741211
1998-05-27,31.510000228881836
1998-05-28,31.529998779296875
1998-05-29,30.31999969482422
1998-05-30,30.029998779296875
1998-05-31,30.0
1998-06-01,29.979999542236328
1998-06-02,29.959999084472656
1998-06-03,29.939998626708984
1998-06-04,29.920000076293945
1998-06-05,30.35999870300293
1998-06-06,30.229999542236328
1998-06-07,30.119998931884766
1998-06-08,30.719999313354492
1998-06-09,30.19999885559082
1998-06-10,29.42999839782715
1998-06-11,29.5
1998-06-12,29.670000076293945
1998-06-13,29.670000076293945
1998-06-14,30.399999618530273
1998-06-15,31.029998779296875
1998-06-16,31.029998779296875
1998-06-17,30.51999855041504
1998-06-18,30.479999542236328
1998-06-19,31.59000015258789
1998-06-20,31.8799991607666
1998-06-21,31.799999237060547
1998-06-22,31.619998931884766
1998-06-23,31.369998931884766
1998-06-24,31.299999237060547
1998-06-25,31.239999771118164
1998-06-26,31.189998626708984
1998-06-27,31.139999389648438
1998-06-28,31.079999923706055
1998-06-29,31.029998779296875
1998-06-30,30.979999542236328
1998-07-01,30.92999839782715
1998-07-02,30.8799991607666
1998-07-03,30.84000015258789
1998-07-04,30.78999900817871
1998-07-05,30.739999771118164
1998-07-06,30.69999885559082
1998-07-07,30.649999618530273
1998-07-08,30.60999870300293
1998-07-09,30.56999969482422
1998-07-10,30.349998474121094
1998-07-11,31.35999870300293
1998-07-12,31.489999771118164
1998-07-13,31.479999542236328
1998-07-14,31.389999389648438
1998-07-15,31.579999923706055
1998-07-16,31.209999084472656
1998-07-17,31.92999839782715
1998-07-18,32.040000915527344
1998-07-19,31.779998779296875
1998-07-20,31.559999465942383
1998-07-21,31.549999237060547
1998-07-22,30.119998931884766
1998-07-23,29.959999084472656
1998-07-24,29.969999313354492
1998-07-25,29.92999839782715
1998-07-26,29.899999618530273
1998-07-27,29.869998931884766
1998-07-28,29.84000015258789
1998-07-29,29.899999618530273
1998-07-30,30.170000076293945
1998-07-31,30.19999885559082
1998-08-01,30.170000076293945
1998-08-02,30.139999389648438
1998-08-03,30.119998931884766
1998-08-04,30.09000015258789
1998-08-05,30.059999465942383
1998-08-06,30.029998779296875
1998-08-07,30.010000228881836
1998-08-08,29.979999542236328
1998-08-09,30.489999771118164
1998-08-10,30.670000076293945
1998-08-11,30.65999984741211
1998-08-12,30.599998474121094
1998-08-13,30.53999900817871
1998-08-14,30.479999542236328
1998-08-15,30.989999771118164
1998-08-16,30.90999984741211
1998-08-17,31.06999969482422
1998-08-18,30.219999313354492
1998-08-19,30.029998779296875
1998-08-20,29.94999885559082
1998-08-21,29.889999389648438
1998-08-22,29.84000015258789
1998-08-23,29.78999900817871
1998-08-24,31.239999771118164
1998-08-25,31.279998779296875
1998-08-26,31.219999313354492
1998-08-27,31.029998779296875
1998-08-28,30.78999900817871
1998-08-29,30.889999389648438
1998-08-30,30.389999389648438
1998-08-31,30.1299991607666
1998-09-01,30.119998931884766
1998-09-02,29.969999313354492
1998-09-03,29.889999389648438
1998-09-04,29.81999969482422
1998-09-05,29.75
1998-09-06,29.670000076293945
1998-09-07,29.639999389648438
1998-09-08,29.709999084472656
1998-09-09,29.6299991607666
1998-09-10,29.6299991607666
1998-09-11,29.60999870300293
1998-09-12,29.53999900817871
1998-09-13,29.599998474121094
1998-09-14,29.939998626708984
1998-09-15,30.03999900817871
1998-09-16,30.03999900817871
1998-09-17,30.01999855041504
1998-09-18,30.010000228881836
1998-09-19,29.989999771118164
1998-09-20,29.959999084472656
1998-09-21,29.939998626708984
1998-09-22,29.94999885559082
1998-09-23,29.92999839782715
1998-09-24,29.90999984741211
1998-09-25,29.889999389648438
1998-09-26,29.869998931884766
1998-09-27,29.979999542236328
1998-09-28,29.989999771118164
1998-09-29,29.989999771118164
1998-09-30,29.78999900817871
1998-10-01,29.67999839782715
1998-10-02,29.65999984741211
1998-10-03,29.649999618530273
1998-10-04,29.639999389648438
1998-10-05,29.709999084472656
1998-10-06,29.59000015258789
1998-10-07,29.579999923706055
1998-10-08,29.599998474121094
1998-10-09,29.60999870300293
1998-10-10,29.60999870300293
1998-10-11,29.619998931884766
1998-10-12,29.619998931884766
1998-10-13,29.15999984741211
1998-10-14,29.19999885559082
1998-10-15,29.31999969482422
1998-10-16,29.369998931884766
1998-10-17,29.329999923706055
1998-10-18,29.299999237060547
1998-10-19,30.559999465942383
1998-10-20,30.78999900817871
1998-10-21,30.670000076293945
1998-10-22,30.559999465942383
1998-10-23,30.5
1998-10-24,30.44999885559082
1998-10-25,30.399999618530273
1998-10-26,30.349998474121094
1998-10-27,30.85999870300293
1998-10-28,30.90999984741211
1998-10-29,31.0
1998-10-30,30.729999542236328
1998-10-31,30.099998474121094
1998-11-01,29.489999771118164
1998-11-02,29.260000228881836
1998-11-03,29.25
1998-11-04,29.65999984741211
1998-11-05,29.619998931884766
1998-11-06,29.510000228881836
1998-11-07,28.709999084472656
1998-11-08,28.809999465942383
1998-11-09,28.69999885559082
1998-11-10,29.599998474121094
1998-11-11,29.849998474121094
1998-11-12,29.779998779296875
1998-11-13,29.779998779296875
1998-11-14,29.670000076293945
1998-11-15,29.6299991607666
1998-11-16,28.119998931884766
1998-11-17,28.0
1998-11-18,28.309999465942383
1998-11-19,28.399999618530273
1998-11-20,28.53999900817871
1998-11-21,28.579999923706055
1998-11-22,28.549999237060547
1998-11-23,27.369998931884766
1998-11-24,27.19999885559082
1998-11-25,27.53999900817871
1998-11-26,28.06999969482422
1998-11-27,28.3799991607666
1998-11-28,27.239999771118164
1998-11-29,27.079999923706055
1998-11-30,27.06999969482422
1998-12-01,28.849998474121094
1998-12-02,28.939998626708984
1998-12-03,28.869998931884766
1998-12-04,28.69999885559082
1998-12-05,28.34000015258789
1998-12-06,28.170000076293945
1998-12-07,27.959999084472656
1998-12-08,27.920000076293945
1998-12-09,27.889999389648438
1998-12-10,27.869998931884766
1998-12-11,27.84000015258789
1998-12-12,27.809999465942383
1998-12-13,26.760000228881836
1998-12-14,26.510000228881836
1998-12-15,26.510000228881836
1998-12-16,26.03999900817871
1998-12-17,26.149999618530273
1998-12-18,26.189998626708984
1998-12-19,26.84000015258789
1998-12-20,27.029998779296875
1998-12-21,27.26999855041504
1998-12-22,27.529998779296875
1998-12-23,27.010000228881836
1998-12-24,26.809999465942383
1998-12-25,27.010000228881836
1998-12-26,27.35999870300293
1998-12-27,27.53999900817871
1998-12-28,27.349998474121094
1998-12-29,27.079999923706055
1998-12-30,27.119998931884766
1998-12-31,27.34000015258789
1999-01-01,26.969999313354492
1999-01-02,26.739999771118164
1999-01-03,26.25
1999-01-04,26.209999084472656
1999-01-05,26.26999855041504
1999-01-06,26.69999885559082
1999-01-07,26.739999771118164
1999-01-08,26.639999389648438
1999-01-09,26.65999984741211
1999-01-10,26.729999542236328
1999-01-11,26.809999465942383
1999-01-12,26.729999542236328
1999-01-13,26.689998626708984
1999-01-14,26.93000030517578
1999-01-15,26.619998931884766
1999-01-16,26.459999084472656
1999-01-17,26.579999923706055
1999-01-18,26.420000076293945
1999-01-19,26.389999389648438
1999-01-20,27.1299991607666
1999-01-21,27.369998931884766
1999-01-22,27.399999618530273
1999-01-23,27.43000030517578
1999-01-24,27.439998626708984
1999-01-25,27.219999313354492
1999-01-26,27.309999465942383
1999-01-27,27.25
1999-01-28,27.03999900817871
1999-01-29,26.719999313354492
1999-01-30,26.729999542236328
1999-01-31,26.6299991607666
1999-02-01,28.35999870300293
1999-02-02,28.739999771118164
1999-02-03,28.689998626708984
1999-02-04,27.34000015258789
1999-02-05,27.239999771118164
1999-02-06,27.079999923706055
1999-02-07,26.969999313354492
1999-02-08,27.09000015258789
1999-02-09,27.079999923706055
1999-02-10,27.469999313354492
1999-02-11,28.989999771118164
1999-02-12,29.059999465942383
1999-02-13,28.01999855041504
1999-02-14,27.84000015258789
1999-02-15,28.059999465942383
1999-02-16,27.619998931884766
1999-02-17,27.34000015258789
1999-02-18,27.06999969482422
1999-02-19,27.049999237060547
1999-02-20,27.510000228881836
1999-02-21,27.59000015258789
1999-02-22,27.84000015258789
1999-02-23,28.489999771118164
1999-02-24,28.219999313354492
1999-02-25,28.079999923706055
1999-02-26,28.0
1999-02-27,28.010000228881836
1999-02-28,28.01999855041504
1999-03-01,28.03999900817871
1999-03-02,28.06999969482422
1999-03-03,27.920000076293945
1999-03-04,27.979999542236328
1999-03-05,28.03999900817871
1999-03-06,28.239999771118164
1999-03-07,28.149999618530273
1999-03-08,28.329999923706055
1999-03-09,28.779998779296875
1999-03-10,28.979999542236328
1999-03-11,29.3799991607666
1999-03-12,29.349998474121094
1999-03-13,29.17999839782715
1999-03-14,28.619998931884766
1999-03-15,28.239999771118164
1999-03-16,27.84000015258789
1999-03-17,27.69999885559082
1999-03-18,28.899999618530273
1999-03-19,29.309999465942383
1999-03-20,30.03999900817871
1999-03-21,30.60999870300293
1999-03-22,29.85999870300293
1999-03-23,29.439998626708984
1999-03-24,29.420000076293945
1999-03-25,29.40999984741211
1999-03-26,29.40999984741211
1999-03-27,29.59000015258789
1999-03-28,29.649999618530273
1999-03-29,29.51999855041504
1999-03-30,29.489999771118164
1999-03-31,29.35999870300293
1999-04-01,29.559999465942383
1999-04-02,29.599998474121094
1999-04-03,29.59000015258789
1999-04-04,29.59000015258789
1999-04-05,29.579999923706055
1999-04-06,29.579999923706055
1999-04-07,29.479999542236328
1999-04-08,29.56999969482422
1999-04-09,29.65999984741211
1999-04-10,29.670000076293945
1999-04-11,29.670000076293945
1999-04-12,29.67999839782715
1999-04-13,29.689998626708984
1999-04-14,29.69999885559082
1999-04-15,29.719999313354492
1999-04-16,29.869998931884766
1999-04-17,30.06999969482422
1999-04-18,30.09000015258789
1999-04-19,30.049999237060547
1999-04-20,30.029998779296875
1999-04-21,30.01999855041504
1999-04-22,30.010000228881836
1999-04-23,29.719999313354492
1999-04-24,29.65999984741211
1999-04-25,29.69999885559082
1999-04-26,29.8799991607666
1999-04-27,29.889999389648438
1999-04-28,29.90999984741211
1999-04-29,29.920000076293945
1999-04-30,29.92999839782715
1999-05-01,29.939998626708984
1999-05-02,29.94999885559082
1999-05-03,29.959999084472656
1999-05-04,30.510000228881836
1999-05-05,30.59000015258789
1999-05-06,31.079999923706055
1999-05-07,31.149999618530273
1999-05-08,31.10999870300293
1999-05-09,31.06999969482422
1999-05-10,31.209999084472656
1999-05-11,30.719999313354492
1999-05-12,30.579999923706055
1999-05-13,30.489999771118164
1999-05-14,30.65999984741211
1999-05-15,30.689998626708984
1999-05-16,30.6299991607666
1999-05-17,30.559999465942383
1999-05-18,30.5
1999-05-19,30.44999885559082
1999-05-20,29.760000228881836
1999-05-21,29.31999969482422
1999-05-22,29.189998626708984
1999-05-23,29.26999855041504
1999-05-24,29.309999465942383
1999-05-25,29.31999969482422
1999-05-26,29.31999969482422
1999-05-27,29.309999465942383
1999-05-28,29.28999900817871
1999-05-29,29.329999923706055
1999-05-30,29.40999984741211
1999-05-31,29.399999618530273
1999-06-01,29.510000228881836
1999-06-02,29.35999870300293
1999-06-03,29.260000228881836
1999-06-04,29.229999542236328
1999-06-05,29.19999885559082
1999-06-06,29.170000076293945
1999-06-07,29.139999389648438
1999-06-08,29.119998931884766
1999-06-09,29.099998474121094
1999-06-10,29.079999923706055
1999-06-11,29.059999465942383
1999-06-12,29.03999900817871
1999-06-13,29.01999855041504
1999-06-14,29.099998474121094
1999-06-15,29.35999870300293
1999-06-16,29.40999984741211
1999-06-17,29.389999389648438
1999-06-18,29.3799991607666
1999-06-19,29.35999870300293
1999-06-20,29.34000015258789
1999-06-21,29.619998931884766
1999-06-22,29.469999313354492
1999-06-23,29.469999313354492
1999-06-24,29.35999870300293
1999-06-25,29.299999237060547
1999-06-26,29.229999542236328
1999-06-27,29.349998474121094
1999-06-28,29.439998626708984
1999-06-29,29.579999923706055
1999-06-30,29.389999389648438
1999-07-01,29.25
1999-07-02,29.09000015258789
1999-07-03,29.059999465942383
1999-07-04,29.029998779296875
1999-07-05,29.399999618530273
1999-07-06,31.219999313354492
1999-07-07,30.260000228881836
1999-07-08,29.35999870300293
1999-07-09,29.299999237060547
1999-07-10,29.420000076293945
1999-07-11,29.44999885559082
1999-07-12,29.42999839782715
1999-07-13,29.399999618530273
1999-07-14,29.369998931884766
1999-07-15,29.34000015258789
1999-07-16,28.619998931884766
1999-07-17,28.329999923706055
1999-07-18,27.75
1999-07-19,27.459999084472656
1999-07-20,27.76999855041504
1999-07-21,28.51999855041504
1999-07-22,29.1299991607666
1999-07-23,29.209999084472656
1999-07-24,29.209999084472656
1999-07-25,29.17999839782715
1999-07-26,29.15999984741211
1999-07-27,29.139999389648438
1999-07-28,29.119998931884766
1999-07-29,29.099998474121094
1999-07-30,29.09000015258789
1999-07-31,29.06999969482422
1999-08-01,29.049999237060547
1999-08-02,29.029998779296875
1999-08-03,29.010000228881836
1999-08-04,28.979999542236328
1999-08-05,28.94999885559082
1999-08-06,28.93000030517578
1999-08-07,28.939998626708984
1999-08-08,28.529998779296875
1999-08-09,28.389999389648438
1999-08-10,28.3799991607666
1999-08-11,28.3799991607666
1999-08-12,28.40999984741211
1999-08-13,28.439998626708984
1999-08-14,28.469999313354492
1999-08-15,29.579999923706055
1999-08-16,30.049999237060547
1999-08-17,30.31999969482422
1999-08-18,30.369998931884766
1999-08-19,30.25
1999-08-20,30.01999855041504
1999-08-21,29.92999839782715
1999-08-22,29.760000228881836
1999-08-23,29.84000015258789
1999-08-24,29.719999313354492
1999-08-25,29.709999084472656
1999-08-26,29.719999313354492
1999-08-27,29.69999885559082
1999-08-28,29.670000076293945
1999-08-29,29.6299991607666
1999-08-30,29.599998474121094
1999-08-31,29.559999465942383
1999-09-01,29.529998779296875
1999-09-02,30.03999900817871
1999-09-03,30.079999923706055
1999-09-04,30.010000228881836
1999-09-05,29.969999313354492
1999-09-06,29.92999839782715
1999-09-07,29.899999618530273
1999-09-08,29.639999389648438
1999-09-09,29.489999771118164
1999-09-10,29.479999542236328
1999-09-11,29.719999313354492
1999-09-12,30.079999923706055
1999-09-13,30.209999084472656
1999-09-14,29.81999969482422
1999-09-15,29.03999900817871
1999-09-16,28.799999237060547
1999-09-17,28.349998474121094
1999-09-18,28.19999885559082
1999-09-19,28.139999389648438
1999-09-20,27.959999084472656
1999-09-21,27.93000030517578
1999-09-22,28.239999771118164
1999-09-23,28.3799991607666
1999-09-24,28.35999870300293
1999-09-25,28.149999618530273
1999-09-26,28.099998474121094
1999-09-27,28.209999084472656
1999-09-28,28.559999465942383
1999-09-29,28.639999389648438
1999-09-30,29.09000015258789
1999-10-01,29.209999084472656
1999-10-02,29.309999465942383
1999-10-03,29.349998474121094
1999-10-04,28.579999923706055
1999-10-05,28.689998626708984
1999-10-06,29.099998474121094
1999-10-07,29.15999984741211
1999-10-08,29.149999618530273
1999-10-09,29.139999389648438
1999-10-10,29.1299991607666
1999-10-11,29.28999900817871
1999-10-12,29.53999900817871
1999-10-13,29.559999465942383
1999-10-14,29.44999885559082
1999-10-15,29.35999870300293
1999-10-16,29.56999969482422
1999-10-17,29.059999465942383
1999-10-18,28.899999618530273
1999-10-19,28.959999084472656
1999-10-20,28.34000015258789
1999-10-21,28.18000030517578
1999-10-22,27.829999923706055
1999-10-23,27.75
1999-10-24,27.799999237060547
1999-10-25,27.78999900817871
1999-10-26,27.809999465942383
1999-10-27,27.94999885559082
1999-10-28,28.59000015258789
1999-10-29,28.829999923706055
1999-10-30,28.829999923706055
1999-10-31,28.81999969482422
1999-11-01,28.809999465942383
1999-11-02,28.78999900817871
1999-11-03,28.779998779296875
1999-11-04,28.76999855041504
1999-11-05,28.239999771118164
1999-11-06,28.170000076293945
1999-11-07,28.209999084472656
1999-11-08,27.94999885559082
1999-11-09,27.920000076293945
1999-11-10,27.94999885559082
1999-11-11,29.78999900817871
1999-11-12,30.34000015258789
1999-11-13,30.25
1999-11-14,30.25
1999-11-15,30.219999313354492
1999-11-16,30.229999542236328
1999-11-17,29.729999542236328
1999-11-18,28.899999618530273
1999-11-19,28.619998931884766
1999-11-20,28.489999771118164
1999-11-21,28.51999855041504
1999-11-22,28.189998626708984
1999-11-23,27.479999542236328
1999-11-24,27.799999237060547
1999-11-25,27.760000228881836
1999-11-26,28.010000228881836
1999-11-27,28.079999923706055
1999-11-28,28.029998779296875
1999-11-29,27.869998931884766
1999-11-30,27.989999771118164
1999-12-01,27.6299991607666
1999-12-02,27.479999542236328
1999-12-03,27.469999313354492
1999-12-04,27.489999771118164
1999-12-05,27.5
1999-12-06,27.5
1999-12-07,27.5
1999-12-08,26.959999084472656
1999-12-09,26.56999969482422
1999-12-10,26.51999855041504
1999-12-11,26.529998779296875
1999-12-12,26.53999900817871
1999-12-13,25.84000015258789
1999-12-14,25.6299991607666
1999-12-15,25.670000076293945
1999-12-16,26.75
1999-12-17,26.760000228881836
1999-12-18,26.389999389648438
1999-12-19,25.989999771118164
1999-12-20,25.76999855041504
1999-12-21,25.529998779296875
1999-12-22,25.35999870300293
1999-12-23,25.18000030517578
1999-12-24,25.149999618530273
1999-12-25,24.549999237060547
1999-12-26,24.44999885559082
1999-12-27,24.479999542236328
1999-12-28,24.56999969482422
1999-12-29,24.59000015258789
1999-12-30,24.779998779296875
1999-12-31,24.889999389648438
2000-01-01,25.03999900817871
2000-01-02,25.079999923706055
2000-01-03,26.599998474121094
2000-01-04,26.969999313354492
2000-01-05,26.670000076293945
2000-01-06,26.309999465942383
2000-01-07,26.229999542236328
2000-01-08,25.920000076293945
2000-01-09,26.010000228881836
2000-01-10,26.239999771118164
2000-01-11,26.689998626708984
2000-01-12,26.689998626708984
2000-01-13,26.299999237060547
2000-01-14,26.51999855041504
2000-01-15,26.51999855041504
2000-01-16,26.59000015258789
2000-01-17,26.579999923706055
2000-01-18,26.90999984741211
2000-01-19,27.09000015258789
2000-01-20,27.06999969482422
2000-01-21,27.09000015258789
2000-01-22,27.03999900817871
2000-01-23,27.029998779296875
2000-01-24,27.18000030517578
2000-01-25,27.19999885559082
2000-01-26,27.31999969482422
2000-01-27,27.260000228881836
2000-01-28,27.209999084472656
2000-01-29,27.03999900817871
2000-01-30,26.26999855041504
2000-01-31,26.099998474121094
2000-02-01,26.06999969482422
2000-02-02,25.68000030517578
2000-02-03,25.559999465942383
2000-02-04,25.56999969482422
2000-02-05,25.59000015258789
2000-02-06,25.6299991607666
2000-02-07,25.829999923706055
2000-02-08,26.0
2000-02-09,25.969999313354492
2000-02-10,26.19999885559082
2000-02-11,26.25
2000-02-12,26.559999465942383
2000-02-13,26.93000030517578
2000-02-14,26.920000076293945
2000-02-15,27.0
2000-02-16,27.76999855041504
2000-02-17,27.989999771118164
2000-02-18,27.94999885559082
2000-02-19,27.170000076293945
2000-02-20,26.94999885559082
2000-02-21,26.85999870300293
2000-02-22,27.03999900817871
2000-02-23,27.349998474121094
2000-02-24,27.78999900817871
2000-02-25,28.010000228881836
2000-02-26,27.75
2000-02-27,28.309999465942383
2000-02-28,28.579999923706055
2000-02-29,28.40999984741211
2000-03-01,27.309999465942383
2000-03-02,27.229999542236328
2000-03-03,27.979999542236328
2000-03-04,28.209999084472656
2000-03-05,28.799999237060547
2000-03-06,28.869998931884766
2000-03-07,29.010000228881836
2000-03-08,28.78999900817871
2000-03-09,28.209999084472656
2000-03-10,28.189998626708984
2000-03-11,28.599998474121094
2000-03-12,28.709999084472656
2000-03-13,28.709999084472656
2000-03-14,28.81999969482422
2000-03-15,28.899999618530273
2000-03-16,28.90999984741211
2000-03-17,28.51999855041504
2000-03-18,28.15999984741211
2000-03-19,28.209999084472656
2000-03-20,28.899999618530273
2000-03-21,28.81999969482422
2000-03-22,28.94999885559082
2000-03-23,29.34000015258789
2000-03-24,29.40999984741211
2000-03-25,29.25
2000-03-26,29.28999900817871
2000-03-27,29.31999969482422
2000-03-28,29.349998474121094
2000-03-29,28.829999923706055
2000-03-30,28.81999969482422
2000-03-31,28.849998474121094
2000-04-01,28.81999969482422
2000-04-02,28.78999900817871
2000-04-03,28.920000076293945
2000-04-04,28.90999984741211
2000-04-05,28.85999870300293
2000-04-06,28.76999855041504
2000-04-07,28.76999855041504
2000-04-08,29.94999885559082
2000-04-09,30.059999465942383
2000-04-10,30.049999237060547
2000-04-11,30.03999900817871
2000-04-12,30.059999465942383
2000-04-13,30.059999465942383
2000-04-14,29.969999313354492
2000-04-15,29.709999084472656
2000-04-16,29.139999389648438
2000-04-17,29.239999771118164
2000-04-18,29.649999618530273
2000-04-19,29.639999389648438
2000-04-20,29.939998626708984
2000-04-21,29.809999465942383
2000-04-22,29.65999984741211
2000-04-23,29.53999900817871
2000-04-24,29.969999313354492
2000-04-25,29.729999542236328
2000-04-26,28.899999618530273
2000-04-27,28.719999313354492
2000-04-28,28.709999084472656
2000-04-29,28.85999870300293
2000-04-30,28.76999855041504
2000-05-01,28.599998474121094
2000-05-02,28.849998474121094
2000-05-03,29.26999855041504
2000-05-04,29.60999870300293
2000-05-05,30.189998626708984
2000-05-06,30.76999855041504
2000-05-07,30.44999885559082
2000-05-08,30.10999870300293
2000-05-09,30.25
2000-05-10,30.959999084472656
2000-05-11,31.049999237060547
2000-05-12,30.969999313354492
2000-05-13,30.920000076293945
2000-05-14,30.869998931884766
2000-05-15,30.829999923706055
2000-05-16,30.78999900817871
2000-05-17,30.719999313354492
2000-05-18,30.649999618530273
2000-05-19,30.59000015258789
2000-05-20,30.53999900817871
2000-05-21,30.739999771118164
2000-05-22,30.56999969482422
2000-05-23,30.399999618530273
2000-05-24,30.389999389648438
2000-05-25,30.25
2000-05-26,30.19999885559082
2000-05-27,30.189998626708984
2000-05-28,30.119998931884766
2000-05-29,30.1299991607666
2000-05-30,30.1299991607666
2000-05-31,30.099998474121094
2000-06-01,30.059999465942383
2000-06-02,30.029998779296875
2000-06-03,30.010000228881836
2000-06-04,29.979999542236328
2000-06-05,29.94999885559082
2000-06-06,29.079999923706055
2000-06-07,28.8799991607666
2000-06-08,28.869998931884766
2000-06-09,28.8799991607666
2000-06-10,28.739999771118164
2000-06-11,28.6299991607666
2000-06-12,28.60999870300293
2000-06-13,28.60999870300293
2000-06-14,28.60999870300293
2000-06-15,28.60999870300293
2000-06-16,28.60999870300293
2000-06-17,28.65999984741211
2000-06-18,28.65999984741211
2000-06-19,28.65999984741211
2000-06-20,28.65999984741211
2000-06-21,28.65999984741211
2000-06-22,28.68000030517578
2000-06-23,28.689998626708984
2000-06-24,28.69999885559082
2000-06-25,28.69999885559082
2000-06-26,28.69999885559082
2000-06-27,29.239999771118164
2000-06-28,29.299999237060547
2000-06-29,29.239999771118164
2000-06-30,29.099998474121094
2000-07-01,29.03999900817871
2000-07-02,28.989999771118164
2000-07-03,28.959999084472656
2000-07-04,28.920000076293945
2000-07-05,29.799999237060547
2000-07-06,29.8799991607666
2000-07-07,29.85999870300293
2000-07-08,29.809999465942383
2000-07-09,29.760000228881836
2000-07-10,29.719999313354492
2000-07-11,29.67999839782715
2000-07-12,29.689998626708984
2000-07-13,29.619998931884766
2000-07-14,29.31999969482422
2000-07-15,29.1299991607666
2000-07-16,28.920000076293945
2000-07-17,28.799999237060547
2000-07-18,28.799999237060547
2000-07-19,28.799999237060547
2000-07-20,28.799999237060547
2000-07-21,28.60999870300293
2000-07-22,28.06999969482422
2000-07-23,28.09000015258789
2000-07-24,28.689998626708984
2000-07-25,28.76999855041504
2000-07-26,28.719999313354492
2000-07-27,28.69999885559082
2000-07-28,28.989999771118164
2000-07-29,30.029998779296875
2000-07-30,30.10999870300293
2000-07-31,30.029998779296875
2000-08-01,28.799999237060547
2000-08-02,28.599998474121094
2000-08-03,28.65999984741211
2000-08-04,28.69999885559082
2000-08-05,28.739999771118164
2000-08-06,28.76999855041504
2000-08-07,28.78999900817871
2000-08-08,28.809999465942383
2000-08-09,29.219999313354492
2000-08-10,29.31999969482422
2000-08-11,29.65999984741211
2000-08-12,29.899999618530273
2000-08-13,29.939998626708984
2000-08-14,29.8799991607666
2000-08-15,29.689998626708984
2000-08-16,29.639999389648438
2000-08-17,29.60999870300293
2000-08-18,29.59000015258789
2000-08-19,29.56999969482422
2000-08-20,29.510000228881836
2000-08-21,29.420000076293945
2000-08-22,29.399999618530273
2000-08-23,29.369998931884766
2000-08-24,29.349998474121094
2000-08-25,29.329999923706055
2000-08-26,29.309999465942383
2000-08-27,29.28999900817871
2000-08-28,29.26999855041504
2000-08-29,29.25
2000-08-30,29.229999542236328
2000-08-31,29.209999084472656
2000-09-01,29.189998626708984
2000-09-02,29.17999839782715
2000-09-03,29.139999389648438
2000-09-04,29.06999969482422
2000-09-05,29.01999855041504
2000-09-06,28.979999542236328
2000-09-07,28.94999885559082
2000-09-08,28.81999969482422
2000-09-09,28.479999542236328
2000-09-10,28.349998474121094
2000-09-11,28.31999969482422
2000-09-12,28.309999465942383
2000-09-13,28.299999237060547
2000-09-14,28.28999900817871
2000-09-15,28.28999900817871
2000-09-16,29.579999923706055
2000-09-17,29.779998779296875
2000-09-18,29.479999542236328
2000-09-19,29.44999885559082
2000-09-20,29.869998931884766
2000-09-21,29.959999084472656
2000-09-22,29.920000076293945
2000-09-23,29.8799991607666
2000-09-24,29.849998474121094
2000-09-25,29.81999969482422
2000-09-26,28.939998626708984
2000-09-27,28.479999542236328
2000-09-28,28.459999084472656
2000-09-29,28.510000228881836
2000-09-30,28.479999542236328
2000-10-01,28.010000228881836
2000-10-02,27.979999542236328
2000-10-03,28.0
2000-10-04,28.029998779296875
2000-10-05,28.09000015258789
2000-10-06,29.01999855041504
2000-10-07,29.3799991607666
2000-10-08,29.479999542236328
2000-10-09,29.35999870300293
2000-10-10,29.329999923706055
2000-10-11,29.34000015258789
2000-10-12,29.34000015258789
2000-10-13,29.34000015258789
2000-10-14,29.34000015258789
2000-10-15,29.349998474121094
2000-10-16,29.10999870300293
2000-10-17,29.06999969482422
2000-10-18,29.10999870300293
2000-10-19,29.489999771118164
2000-10-20,29.479999542236328
2000-10-21,29.309999465942383
2000-10-22,29.229999542236328
2000-10-23,28.81999969482422
2000-10-24,29.399999618530273
2000-10-25,29.529998779296875
2000-10-26,29.899999618530273
2000-10-27,30.119998931884766
2000-10-28,29.989999771118164
2000-10-29,29.94999885559082
2000-10-30,29.899999618530273
2000-10-31,29.44999885559082
2000-11-01,29.349998474121094
2000-11-02,29.139999389648438
2000-11-03,28.920000076293945
2000-11-04,28.579999923706055
2000-11-05,28.229999542236328
2000-11-06,27.989999771118164
2000-11-07,27.849998474121094
2000-11-08,27.709999084472656
2000-11-09,27.75
2000-11-10,27.989999771118164
2000-11-11,28.6299991607666
2000-11-12,28.3799991607666
2000-11-13,27.920000076293945
2000-11-14,27.889999389648438
2000-11-15,27.84000015258789
2000-11-16,27.779998779296875
2000-11-17,27.779998779296875
2000-11-18,27.779998779296875
2000-11-19,27.69999885559082
2000-11-20,27.56999969482422
2000-11-21,27.439998626708984
2000-11-22,27.459999084472656
2000-11-23,27.469999313354492
2000-11-24,27.44999885559082
2000-11-25,27.6299991607666
2000-11-26,27.599998474121094
2000-11-27,27.549999237060547
2000-11-28,27.53999900817871
2000-11-29,27.75
2000-11-30,27.779998779296875
2000-12-01,27.75
2000-12-02,28.06999969482422
2000-12-03,28.06999969482422
2000-12-04,28.029998779296875
2000-12-05,28.059999465942383
2000-12-06,27.94999885559082
2000-12-07,27.93000030517578
2000-12-08,27.8799991607666
2000-12-09,27.689998626708984
2000-12-10,27.619998931884766
2000-12-11,27.60999870300293
2000-12-12,28.229999542236328
2000-12-13,28.25
2000-12-14,28.09000015258789
2000-12-15,27.489999771118164
2000-12-16,27.689998626708984
2000-12-17,28.010000228881836
2000-12-18,27.639999389648438
2000-12-19,27.299999237060547
2000-12-20,27.28999900817871
2000-12-21,27.559999465942383
2000-12-22,27.619998931884766
2000-12-23,27.649999618530273
2000-12-24,27.729999542236328
2000-12-25,27.85999870300293
2000-12-26,26.81999969482422
2000-12-27,26.549999237060547
2000-12-28,26.649999618530273
2000-12-29,26.69999885559082
2000-12-30,26.760000228881836
2000-12-31,26.689998626708984
2001-01-01,26.389999389648438
2001-01-02,26.369998931884766
2001-01-03,26.510000228881836
2001-01-04,26.619998931884766
2001-01-05,26.69999885559082
2001-01-06,26.59000015258789
2001-01-07,26.099998474121094
2001-01-08,26.1299991607666
2001-01-09,26.26999855041504
2001-01-10,27.10999870300293
2001-01-11,27.84000015258789
2001-01-12,28.369998931884766
2001-01-13,28.459999084472656
2001-01-14,27.829999923706055
2001-01-15,26.979999542236328
2001-01-16,26.94999885559082
2001-01-17,27.059999465942383
2001-01-18,27.18000030517578
2001-01-19,27.219999313354492
2001-01-20,27.329999923706055
2001-01-21,27.85999870300293
2001-01-22,28.31999969482422
2001-01-23,28.049999237060547
2001-01-24,27.760000228881836
2001-01-25,27.76999855041504
2001-01-26,27.420000076293945
2001-01-27,27.799999237060547
2001-01-28,28.10999870300293
2001-01-29,28.15999984741211
2001-01-30,28.15999984741211
2001-01-31,28.15999984741211
2001-02-01,28.779998779296875
2001-02-02,28.739999771118164
2001-02-03,28.56999969482422
2001-02-04,28.049999237060547
2001-02-05,27.799999237060547
2001-02-06,27.779998779296875
2001-02-07,27.799999237060547
2001-02-08,27.829999923706055
2001-02-09,27.849998474121094
2001-02-10,27.8799991607666
2001-02-11,28.44999885559082
2001-02-12,28.56999969482422
2001-02-13,28.510000228881836
2001-02-14,28.469999313354492
2001-02-15,28.309999465942383
2001-02-16,28.420000076293945
2001-02-17,28.689998626708984
2001-02-18,28.85999870300293
2001-02-19,28.8799991607666
2001-02-20,28.90999984741211
2001-02-21,28.149999618530273
2001-02-22,28.18000030517578
2001-02-23,28.25
2001-02-24,28.489999771118164
2001-02-25,28.619998931884766
2001-02-26,28.670000076293945
2001-02-27,28.68000030517578
2001-02-28,28.709999084472656
2001-03-01,28.639999389648438
2001-03-02,28.5
2001-03-03,27.849998474121094
2001-03-04,27.59000015258789
2001-03-05,28.559999465942383
2001-03-06,29.53999900817871
2001-03-07,29.739999771118164
2001-03-08,29.3799991607666
2001-03-09,29.15999984741211
2001-03-10,29.17999839782715
2001-03-11,29.170000076293945
2001-03-12,29.1299991607666
2001-03-13,28.279998779296875
2001-03-14,27.85999870300293
2001-03-15,28.139999389648438
2001-03-16,28.31999969482422
2001-03-17,29.059999465942383
2001-03-18,29.260000228881836
2001-03-19,29.25
2001-03-20,29.299999237060547
2001-03-21,29.34000015258789
2001-03-22,28.510000228881836
2001-03-23,28.729999542236328
2001-03-24,28.75
2001-03-25,28.709999084472656
2001-03-26,28.649999618530273
2001-03-27,28.689998626708984
2001-03-28,28.76999855041504
2001-03-29,29.119998931884766
2001-03-30,29.119998931884766
2001-03-31,29.459999084472656
2001-04-01,29.65999984741211
2001-04-02,29.65999984741211
2001-04-03,29.049999237060547
2001-04-04,27.799999237060547
2001-04-05,29.01999855041504
2001-04-06,29.529998779296875
2001-04-07,29.549999237060547
2001-04-08,30.049999237060547
2001-04-09,30.15999984741211
2001-04-10,30.28999900817871
2001-04-11,30.40999984741211
2001-04-12,30.029998779296875
2001-04-13,29.639999389648438
2001-04-14,29.619998931884766
2001-04-15,29.739999771118164
2001-04-16,29.75
2001-04-17,30.78999900817871
2001-04-18,30.90999984741211
2001-04-19,30.969999313354492
2001-04-20,31.079999923706055
2001-04-21,30.799999237060547
2001-04-22,30.510000228881836
2001-04-23,30.369998931884766
2001-04-24,30.0
2001-04-25,29.959999084472656
2001-04-26,29.94999885559082
2001-04-27,29.94999885559082
2001-04-28,30.60999870300293
2001-04-29,30.719999313354492
2001-04-30,30.729999542236328
2001-05-01,30.729999542236328
2001-05-02,30.719999313354492
2001-05-03,30.719999313354492
2001-05-04,30.719999313354492
2001-05-05,30.959999084472656
2001-05-06,31.0
2001-05-07,30.989999771118164
2001-05-08,31.06999969482422
2001-05-09,31.099998474121094
2001-05-10,31.139999389648438
2001-05-11,31.51999855041504
2001-05-12,31.529998779296875
2001-05-13,31.229999542236328
2001-05-14,30.469999313354492
2001-05-15,30.420000076293945
2001-05-16,30.420000076293945
2001-05-17,30.389999389648438
2001-05-18,30.349998474121094
2001-05-19,30.329999923706055
2001-05-20,30.309999465942383
2001-05-21,30.34000015258789
2001-05-22,30.619998931884766
2001-05-23,30.639999389648438
2001-05-24,31.149999618530273
2001-05-25,31.369998931884766
2001-05-26,31.209999084472656
2001-05-27,31.0
2001-05-28,30.549999237060547
2001-05-29,30.189998626708984
2001-05-30,30.1299991607666
2001-05-31,30.079999923706055
2001-06-01,30.03999900817871
2001-06-02,30.010000228881836
2001-06-03,29.979999542236328
2001-06-04,29.959999084472656
2001-06-05,29.939998626708984
2001-06-06,29.420000076293945
2001-06-07,29.029998779296875
2001-06-08,29.639999389648438
2001-06-09,29.979999542236328
2001-06-10,30.010000228881836
2001-06-11,29.959999084472656
2001-06-12,29.979999542236328
2001-06-13,30.1299991607666
2001-06-14,30.099998474121094
2001-06-15,30.03999900817871
2001-06-16,29.459999084472656
2001-06-17,29.459999084472656
2001-06-18,29.75
2001-06-19,29.8799991607666
2001-06-20,29.85999870300293
2001-06-21,29.829999923706055
2001-06-22,29.799999237060547
2001-06-23,29.76999855041504
2001-06-24,29.729999542236328
2001-06-25,28.959999084472656
2001-06-26,28.389999389648438
2001-06-27,28.31999969482422
2001-06-28,28.420000076293945
2001-06-29,28.43000030517578
2001-06-30,28.420000076293945
2001-07-01,28.420000076293945
2001-07-02,28.420000076293945
2001-07-03,28.420000076293945
2001-07-04,28.420000076293945
2001-07-05,28.420000076293945
2001-07-06,28.420000076293945
2001-07-07,28.420000076293945
2001-07-08,28.420000076293945
2001-07-09,28.43000030517578
2001-07-10,28.599998474121094
2001-07-11,28.899999618530273
2001-07-12,28.939998626708984
2001-07-13,28.90999984741211
2001-07-14,28.889999389648438
2001-07-15,28.69999885559082
2001-07-16,28.549999237060547
2001-07-17,28.510000228881836
2001-07-18,28.69999885559082
2001-07-19,28.3799991607666
2001-07-20,28.239999771118164
2001-07-21,28.25
2001-07-22,28.26999855041504
2001-07-23,29.239999771118164
2001-07-24,29.60999870300293
2001-07-25,30.149999618530273
2001-07-26,30.25
2001-07-27,30.26999855041504
2001-07-28,30.229999542236328
2001-07-29,30.189998626708984
2001-07-30,30.19999885559082
2001-07-31,30.239999771118164
2001-08-01,30.239999771118164
2001-08-02,30.17999839782715
2001-08-03,29.739999771118164
2001-08-04,29.56999969482422
2001-08-05,29.510000228881836
2001-08-06,29.189998626708984
2001-08-07,28.920000076293945
2001-08-08,29.279998779296875
2001-08-09,29.5
2001-08-10,29.489999771118164
2001-08-11,29.369998931884766
2001-08-12,29.329999923706055
2001-08-13,29.299999237060547
2001-08-14,29.389999389648438
2001-08-15,29.44999885559082
2001-08-16,29.459999084472656
2001-08-17,29.42999839782715
2001-08-18,29.399999618530273
2001-08-19,29.3799991607666
2001-08-20,29.35999870300293
2001-08-21,29.299999237060547
2001-08-22,29.34000015258789
2001-08-23,29.399999618530273
2001-08-24,29.469999313354492
2001-08-25,29.69999885559082
2001-08-26,29.75
2001-08-27,29.719999313354492
2001-08-28,29.689998626708984
2001-08-29,29.670000076293945
2001-08-30,29.639999389648438
2001-08-31,29.60999870300293
2001-09-01,29.049999237060547
2001-09-02,28.869998931884766
2001-09-03,29.0
2001-09-04,28.989999771118164
2001-09-05,29.03999900817871
2001-09-06,29.1299991607666
2001-09-07,29.01999855041504
2001-09-08,28.93000030517578
2001-09-09,28.299999237060547
2001-09-10,29.69999885559082
2001-09-11,30.510000228881836
2001-09-12,30.619998931884766
2001-09-13,30.56999969482422
2001-09-14,29.869998931884766
2001-09-15,30.01999855041504
2001-09-16,29.889999389648438
2001-09-17,29.760000228881836
2001-09-18,29.479999542236328
2001-09-19,30.3799991607666
2001-09-20,30.549999237060547
2001-09-21,30.510000228881836
2001-09-22,30.31999969482422
2001-09-23,30.399999618530273
2001-09-24,30.40999984741211
2001-09-25,30.40999984741211
2001-09-26,30.35999870300293
2001-09-27,30.309999465942383
2001-09-28,30.260000228881836
2001-09-29,30.229999542236328
2001-09-30,30.19999885559082
2001-10-01,29.939998626708984
2001-10-02,29.889999389648438
2001-10-03,29.869998931884766
2001-10-04,28.85999870300293
2001-10-05,28.549999237060547
2001-10-06,28.549999237060547
2001-10-07,28.559999465942383
2001-10-08,28.579999923706055
2001-10-09,29.329999923706055
2001-10-10,30.09000015258789
2001-10-11,30.25
2001-10-12,30.059999465942383
2001-10-13,29.920000076293945
2001-10-14,29.489999771118164
2001-10-15,29.28999900817871
2001-10-16,29.15999984741211
2001-10-17,29.0
2001-10-18,28.969999313354492
2001-10-19,28.94999885559082
2001-10-20,29.6299991607666
2001-10-21,29.649999618530273
2001-10-22,29.189998626708984
2001-10-23,29.079999923706055
2001-10-24,28.420000076293945
2001-10-25,27.90999984741211
2001-10-26,28.35999870300293
2001-10-27,28.56999969482422
2001-10-28,28.670000076293945
2001-10-29,28.729999542236328
2001-10-30,28.809999465942383
2001-10-31,28.670000076293945
2001-11-01,28.689998626708984
2001-11-02,28.69999885559082
2001-11-03,28.719999313354492
2001-11-04,28.719999313354492
2001-11-05,29.739999771118164
2001-11-06,29.85999870300293
2001-11-07,29.51999855041504
2001-11-08,29.56999969482422
2001-11-09,29.559999465942383
2001-11-10,29.489999771118164
2001-11-11,29.469999313354492
2001-11-12,29.44999885559082
2001-11-13,29.42999839782715
2001-11-14,29.399999618530273
2001-11-15,28.399999618530273
2001-11-16,27.829999923706055
2001-11-17,27.510000228881836
2001-11-18,27.3799991607666
2001-11-19,27.229999542236328
2001-11-20,27.25
2001-11-21,26.69999885559082
2001-11-22,26.31999969482422
2001-11-23,26.25
2001-11-24,26.279998779296875
2001-11-25,26.469999313354492
2001-11-26,26.559999465942383
2001-11-27,26.18000030517578
2001-11-28,26.229999542236328
2001-11-29,26.559999465942383
2001-11-30,26.559999465942383
2001-12-01,26.399999618530273
2001-12-02,27.010000228881836
2001-12-03,27.149999618530273
2001-12-04,28.439998626708984
2001-12-05,28.93000030517578
2001-12-06,28.76999855041504
2001-12-07,28.53999900817871
2001-12-08,28.26999855041504
2001-12-09,28.079999923706055
2001-12-10,27.78999900817871
2001-12-11,27.69999885559082
2001-12-12,27.6299991607666
2001-12-13,27.619998931884766
2001-12-14,27.26999855041504
2001-12-15,27.119998931884766
2001-12-16,27.299999237060547
2001-12-17,27.60999870300293
2001-12-18,27.6299991607666
2001-12-19,27.78999900817871
2001-12-20,27.939998626708984
2001-12-21,28.0
2001-12-22,28.0
2001-12-23,27.3799991607666
2001-12-24,27.10999870300293
2001-12-25,26.78999900817871
2001-12-26,26.639999389648438
2001-12-27,26.56999969482422
2001-12-28,26.01999855041504
2001-12-29,25.959999084472656
2001-12-30,26.19999885559082
2001-12-31,26.53999900817871
2002-01-01,26.939998626708984
2002-01-02,26.56999969482422
2002-01-03,26.239999771118164
2002-01-04,26.049999237060547
2002-01-05,25.81999969482422
2002-01-06,25.60999870300293
2002-01-07,25.729999542236328
2002-01-08,26.029998779296875
2002-01-09,26.299999237060547
2002-01-10,26.85999870300293
2002-01-11,27.10999870300293
2002-01-12,27.35999870300293
2002-01-13,27.260000228881836
2002-01-14,26.40999984741211
2002-01-15,26.15999984741211
2002-01-16,26.3799991607666
2002-01-17,26.739999771118164
2002-01-18,26.969999313354492
2002-01-19,27.010000228881836
2002-01-20,27.31999969482422
2002-01-21,27.18000030517578
2002-01-22,26.94999885559082
2002-01-23,26.799999237060547
2002-01-24,26.739999771118164
2002-01-25,27.15999984741211
2002-01-26,27.03999900817871
2002-01-27,27.239999771118164
2002-01-28,27.279998779296875
2002-01-29,27.28999900817871
2002-01-30,27.28999900817871
2002-01-31,27.489999771118164
2002-02-01,27.469999313354492
2002-02-02,27.43000030517578
2002-02-03,27.18000030517578
2002-02-04,27.079999923706055
2002-02-05,27.219999313354492
2002-02-06,27.26999855041504
2002-02-07,27.299999237060547
2002-02-08,27.34000015258789
2002-02-09,27.369998931884766
2002-02-10,26.90999984741211
2002-02-11,26.899999618530273
2002-02-12,27.079999923706055
2002-02-13,27.3799991607666
2002-02-14,27.639999389648438
2002-02-15,27.6299991607666
2002-02-16,27.599998474121094
2002-02-17,27.6299991607666
2002-02-18,28.19999885559082
2002-02-19,28.19999885559082
2002-02-20,28.09000015258789
2002-02-21,28.079999923706055
2002-02-22,28.079999923706055
2002-02-23,28.059999465942383
2002-02-24,28.09000015258789
2002-02-25,28.09000015258789
2002-02-26,28.10999870300293
2002-02-27,28.119998931884766
2002-02-28,28.489999771118164
2002-03-01,28.439998626708984
2002-03-02,28.170000076293945
2002-03-03,27.779998779296875
2002-03-04,27.8799991607666
2002-03-05,28.149999618530273
2002-03-06,28.15999984741211
2002-03-07,28.170000076293945
2002-03-08,28.18000030517578
2002-03-09,28.309999465942383
2002-03-10,27.939998626708984
2002-03-11,27.56999969482422
2002-03-12,27.40999984741211
2002-03-13,27.65999984741211
2002-03-14,27.849998474121094
2002-03-15,27.78999900817871
2002-03-16,27.760000228881836
2002-03-17,27.829999923706055
2002-03-18,28.43000030517578
2002-03-19,28.849998474121094
2002-03-20,28.94999885559082
2002-03-21,28.6299991607666
2002-03-22,28.35999870300293
2002-03-23,28.34000015258789
2002-03-24,28.53999900817871
2002-03-25,28.76999855041504
2002-03-26,28.989999771118164
2002-03-27,29.26999855041504
2002-03-28,29.010000228881836
2002-03-29,29.15999984741211
2002-03-30,29.3799991607666
2002-03-31,29.76999855041504
2002-04-01,29.889999389648438
2002-04-02,29.689998626708984
2002-04-03,30.17999839782715
2002-04-04,30.579999923706055
2002-04-05,30.209999084472656
2002-04-06,29.8799991607666
2002-04-07,29.85999870300293
2002-04-08,30.01999855041504
2002-04-09,29.84000015258789
2002-04-10,29.5
2002-04-11,29.719999313354492
2002-04-12,29.829999923706055
2002-04-13,29.84000015258789
2002-04-14,29.869998931884766
2002-04-15,29.899999618530273
2002-04-16,30.15999984741211
2002-04-17,30.09000015258789
2002-04-18,29.939998626708984
2002-04-19,29.6299991607666
2002-04-20,29.549999237060547
2002-04-21,29.53999900817871
2002-04-22,29.389999389648438
2002-04-23,29.939998626708984
2002-04-24,30.399999618530273
2002-04-25,29.92999839782715
2002-04-26,29.76999855041504
2002-04-27,29.84000015258789
2002-04-28,30.119998931884766
2002-04-29,30.399999618530273
2002-04-30,30.619998931884766
2002-05-01,31.170000076293945
2002-05-02,31.25
2002-05-03,31.149999618530273
2002-05-04,30.920000076293945
2002-05-05,31.19999885559082
2002-05-06,31.239999771118164
2002-05-07,31.26999855041504
2002-05-08,30.5
2002-05-09,30.34000015258789
2002-05-10,30.279998779296875
2002-05-11,30.239999771118164
2002-05-12,30.19999885559082
2002-05-13,30.329999923706055
2002-05-14,30.42999839782715
2002-05-15,30.479999542236328
2002-05-16,30.51999855041504
2002-05-17,30.60999870300293
2002-05-18,30.56999969482422
2002-05-19,30.510000228881836
2002-05-20,30.459999084472656
2002-05-21,30.239999771118164
2002-05-22,30.219999313354492
2002-05-23,29.849998474121094
2002-05-24,29.309999465942383
2002-05-25,29.17999839782715
2002-05-26,29.15999984741211
2002-05-27,29.139999389648438
2002-05-28,29.1299991607666
2002-05-29,29.529998779296875
2002-05-30,29.559999465942383
2002-05-31,29.510000228881836
2002-06-01,29.399999618530273
2002-06-02,29.719999313354492
2002-06-03,29.90999984741211
2002-06-04,29.920000076293945
2002-06-05,29.889999389648438
2002-06-06,29.85999870300293
2002-06-07,29.84000015258789
2002-06-08,29.779998779296875
2002-06-09,29.729999542236328
2002-06-10,29.689998626708984
2002-06-11,29.689998626708984
2002-06-12,29.67999839782715
2002-06-13,29.670000076293945
2002-06-14,29.649999618530273
2002-06-15,29.619998931884766
2002-06-16,29.59000015258789
2002-06-17,28.889999389648438
2002-06-18,28.56999969482422
2002-06-19,28.51999855041504
2002-06-20,28.510000228881836
2002-06-21,28.510000228881836
2002-06-22,28.51999855041504
2002-06-23,28.53999900817871
2002-06-24,28.6299991607666
2002-06-25,28.649999618530273
2002-06-26,28.760000228881836
2002-06-27,28.920000076293945
2002-06-28,29.719999313354492
2002-06-29,29.979999542236328
2002-06-30,30.010000228881836
2002-07-01,29.899999618530273
2002-07-02,30.17999839782715
2002-07-03,30.059999465942383
2002-07-04,30.029998779296875
2002-07-05,30.0
2002-07-06,29.979999542236328
2002-07-07,29.75
2002-07-08,29.84000015258789
2002-07-09,29.84000015258789
2002-07-10,29.799999237060547
2002-07-11,30.049999237060547
2002-07-12,30.17999839782715
2002-07-13,29.510000228881836
2002-07-14,29.229999542236328
2002-07-15,29.170000076293945
2002-07-16,29.149999618530273
2002-07-17,29.139999389648438
2002-07-18,29.139999389648438
2002-07-19,29.10999870300293
2002-07-20,29.09000015258789
2002-07-21,29.049999237060547
2002-07-22,29.029998779296875
2002-07-23,29.0
2002-07-24,28.959999084472656
2002-07-25,29.28999900817871
2002-07-26,29.599998474121094
2002-07-27,29.689998626708984
2002-07-28,29.649999618530273
2002-07-29,29.60999870300293
2002-07-30,29.579999923706055
2002-07-31,29.549999237060547
2002-08-01,29.439998626708984
2002-08-02,29.889999389648438
2002-08-03,30.049999237060547
2002-08-04,30.049999237060547
2002-08-05,30.0
2002-08-06,29.939998626708984
2002-08-07,29.889999389648438
2002-08-08,29.84000015258789
2002-08-09,29.78999900817871
2002-08-10,29.75
2002-08-11,29.69999885559082
2002-08-12,29.639999389648438
2002-08-13,29.579999923706055
2002-08-14,29.53999900817871
2002-08-15,29.5
2002-08-16,29.459999084472656
2002-08-17,29.42999839782715
2002-08-18,29.40999984741211
2002-08-19,29.3799991607666
2002-08-20,29.349998474121094
2002-08-21,29.939998626708984
2002-08-22,30.03999900817871
2002-08-23,30.309999465942383
2002-08-24,30.420000076293945
2002-08-25,30.369998931884766
2002-08-26,30.329999923706055
2002-08-27,30.279998779296875
2002-08-28,30.149999618530273
2002-08-29,30.09000015258789
2002-08-30,29.729999542236328
2002-08-31,29.349998474121094
2002-09-01,28.729999542236328
2002-09-02,28.51999855041504
2002-09-03,28.479999542236328
2002-09-04,28.489999771118164
2002-09-05,28.489999771118164
2002-09-06,29.09000015258789
2002-09-07,29.299999237060547
2002-09-08,29.34000015258789
2002-09-09,29.349998474121094
2002-09-10,29.31999969482422
2002-09-11,29.299999237060547
2002-09-12,29.279998779296875
2002-09-13,29.260000228881836
2002-09-14,29.25
2002-09-15,29.229999542236328
2002-09-16,28.899999618530273
2002-09-17,29.01999855041504
2002-09-18,29.1299991607666
2002-09-19,29.119998931884766
2002-09-20,29.099998474121094
2002-09-21,29.079999923706055
2002-09-22,29.06999969482422
2002-09-23,29.059999465942383
2002-09-24,29.079999923706055
2002-09-25,29.049999237060547
2002-09-26,28.90999984741211
2002-09-27,29.489999771118164
2002-09-28,29.799999237060547
2002-09-29,29.309999465942383
2002-09-30,29.029998779296875
2002-10-01,30.28999900817871
2002-10-02,30.42999839782715
2002-10-03,30.229999542236328
2002-10-04,29.729999542236328
2002-10-05,29.649999618530273
2002-10-06,29.65999984741211
2002-10-07,28.389999389648438
2002-10-08,28.43000030517578
2002-10-09,28.3799991607666
2002-10-10,28.51999855041504
2002-10-11,28.760000228881836
2002-10-12,29.899999618530273
2002-10-13,30.329999923706055
2002-10-14,30.09000015258789
2002-10-15,29.349998474121094
2002-10-16,28.969999313354492
2002-10-17,29.829999923706055
2002-10-18,29.78999900817871
2002-10-19,29.03999900817871
2002-10-20,28.719999313354492
2002-10-21,28.68000030517578
2002-10-22,29.92999839782715
2002-10-23,30.44999885559082
2002-10-24,30.549999237060547
2002-10-25,30.119998931884766
2002-10-26,29.399999618530273
2002-10-27,29.219999313354492
2002-10-28,29.209999084472656
2002-10-29,29.149999618530273
2002-10-30,29.099998474121094
2002-10-31,29.01999855041504
2002-11-01,28.60999870300293
2002-11-02,28.639999389648438
2002-11-03,28.689998626708984
2002-11-04,28.78999900817871
2002-11-05,27.85999870300293
2002-11-06,27.78999900817871
2002-11-07,27.689998626708984
2002-11-08,27.670000076293945
2002-11-09,27.670000076293945
2002-11-10,27.69999885559082
2002-11-11,27.76999855041504
2002-11-12,28.03999900817871
2002-11-13,28.149999618530273
2002-11-14,28.239999771118164
2002-11-15,29.0
2002-11-16,29.3799991607666
2002-11-17,29.149999618530273
2002-11-18,28.349998474121094
2002-11-19,28.229999542236328
2002-11-20,28.35999870300293
2002-11-21,28.3799991607666
2002-11-22,28.439998626708984
2002-11-23,28.489999771118164
2002-11-24,28.559999465942383
2002-11-25,28.6299991607666
2002-11-26,28.599998474121094
2002-11-27,28.76999855041504
2002-11-28,29.44999885559082
2002-11-29,29.53999900817871
2002-11-30,29.469999313354492
2002-12-01,28.889999389648438
2002-12-02,28.299999237060547
2002-12-03,28.209999084472656
2002-12-04,28.149999618530273
2002-12-05,29.28999900817871
2002-12-06,29.799999237060547
2002-12-07,30.01999855041504
2002-12-08,30.28999900817871
2002-12-09,29.459999084472656
2002-12-10,28.639999389648438
2002-12-11,28.6299991607666
2002-12-12,28.469999313354492
2002-12-13,28.959999084472656
2002-12-14,29.119998931884766
2002-12-15,28.779998779296875
2002-12-16,28.639999389648438
2002-12-17,28.709999084472656
2002-12-18,28.81999969482422
2002-12-19,28.809999465942383
2002-12-20,28.68000030517578
2002-12-21,28.69999885559082
2002-12-22,28.75
2002-12-23,28.68000030517578
2002-12-24,29.239999771118164
2002-12-25,29.26999855041504
2002-12-26,29.309999465942383
2002-12-27,29.329999923706055
2002-12-28,29.10999870300293
2002-12-29,29.1299991607666
2002-12-30,29.10999870300293
2002-12-31,29.03999900817871
2003-01-01,28.689998626708984
2003-01-02,28.420000076293945
2003-01-03,28.389999389648438
2003-01-04,28.469999313354492
2003-01-05,28.329999923706055
2003-01-06,28.18000030517578
2003-01-07,28.03999900817871
2003-01-08,28.329999923706055
2003-01-09,28.35999870300293
2003-01-10,28.34000015258789
2003-01-11,28.229999542236328
2003-01-12,28.239999771118164
2003-01-13,27.670000076293945
2003-01-14,27.51999855041504
2003-01-15,27.559999465942383
2003-01-16,27.619998931884766
2003-01-17,27.59000015258789
2003-01-18,27.479999542236328
2003-01-19,27.28999900817871
2003-01-20,27.349998474121094
2003-01-21,27.44999885559082
2003-01-22,27.119998931884766
2003-01-23,26.979999542236328
2003-01-24,26.43000030517578
2003-01-25,26.239999771118164
2003-01-26,27.099998474121094
2003-01-27,27.119998931884766
2003-01-28,26.779998779296875
2003-01-29,26.639999389648438
2003-01-30,27.60999870300293
2003-01-31,27.729999542236328
2003-02-01,27.779998779296875
2003-02-02,27.809999465942383
2003-02-03,27.849998474121094
2003-02-04,27.969999313354492
2003-02-05,27.84000015258789
2003-02-06,27.729999542236328
2003-02-07,27.729999542236328
2003-02-08,27.549999237060547
2003-02-09,27.469999313354492
2003-02-10,27.649999618530273
2003-02-11,27.849998474121094
2003-02-12,27.90999984741211
2003-02-13,27.939998626708984
2003-02-14,28.099998474121094
2003-02-15,28.10999870300293
2003-02-16,28.10999870300293
2003-02-17,28.09000015258789
2003-02-18,28.149999618530273
2003-02-19,28.209999084472656
2003-02-20,28.279998779296875
2003-02-21,28.329999923706055
2003-02-22,28.60999870300293
2003-02-23,28.689998626708984
2003-02-24,28.81999969482422
2003-02-25,28.889999389648438
2003-02-26,28.76999855041504
2003-02-27,28.60999870300293
2003-02-28,28.51999855041504
2003-03-01,28.529998779296875
2003-03-02,28.579999923706055
2003-03-03,29.3799991607666
2003-03-04,29.639999389648438
2003-03-05,29.799999237060547
2003-03-06,29.599998474121094
2003-03-07,29.349998474121094
2003-03-08,28.56999969482422
2003-03-09,28.43000030517578
2003-03-10,28.40999984741211
2003-03-11,28.439998626708984
2003-03-12,29.51999855041504
2003-03-13,29.689998626708984
2003-03-14,29.510000228881836
2003-03-15,29.309999465942383
2003-03-16,29.559999465942383
2003-03-17,29.599998474121094
2003-03-18,29.65999984741211
2003-03-19,29.729999542236328
2003-03-20,29.459999084472656
2003-03-21,28.8799991607666
2003-03-22,29.029998779296875
2003-03-23,29.1299991607666
2003-03-24,29.139999389648438
2003-03-25,28.969999313354492
2003-03-26,28.84000015258789
2003-03-27,29.059999465942383
2003-03-28,29.139999389648438
2003-03-29,29.209999084472656
2003-03-30,29.01999855041504
2003-03-31,28.689998626708984
2003-04-01,28.639999389648438
2003-04-02,28.68000030517578
2003-04-03,30.420000076293945
2003-04-04,30.709999084472656
2003-04-05,31.06999969482422
2003-04-06,30.69999885559082
2003-04-07,30.619998931884766
2003-04-08,30.779998779296875
2003-04-09,30.709999084472656
2003-04-10,30.67999839782715
2003-04-11,30.920000076293945
2003-04-12,31.01999855041504
2003-04-13,31.010000228881836
2003-04-14,30.76999855041504
2003-04-15,30.779998779296875
2003-04-16,30.649999618530273
2003-04-17,30.94999885559082
2003-04-18,31.01999855041504
2003-04-19,30.829999923706055
2003-04-20,30.799999237060547
2003-04-21,30.81999969482422
2003-04-22,30.969999313354492
2003-04-23,30.90999984741211
2003-04-24,30.849998474121094
2003-04-25,31.01999855041504
2003-04-26,31.10999870300293
2003-04-27,31.469999313354492
2003-04-28,31.599998474121094
2003-04-29,31.599998474121094
2003-04-30,30.549999237060547
2003-05-01,29.959999084472656
2003-05-02,29.84000015258789
2003-05-03,29.84000015258789
2003-05-04,30.849998474121094
2003-05-05,31.059999465942383
2003-05-06,31.209999084472656
2003-05-07,31.26999855041504
2003-05-08,31.260000228881836
2003-05-09,31.010000228881836
2003-05-10,30.649999618530273
2003-05-11,30.34000015258789
2003-05-12,30.26999855041504
2003-05-13,30.28999900817871
2003-05-14,30.34000015258789
2003-05-15,30.53999900817871
2003-05-16,30.549999237060547
2003-05-17,30.799999237060547
2003-05-18,30.94999885559082
2003-05-19,30.939998626708984
2003-05-20,30.90999984741211
2003-05-21,30.869998931884766
2003-05-22,31.309999465942383
2003-05-23,31.479999542236328
2003-05-24,31.26999855041504
2003-05-25,30.979999542236328
2003-05-26,30.75
2003-05-27,30.760000228881836
2003-05-28,30.85999870300293
2003-05-29,30.849998474121094
2003-05-30,30.869998931884766
2003-05-31,30.479999542236328
2003-06-01,30.229999542236328
2003-06-02,30.19999885559082
2003-06-03,30.189998626708984
2003-06-04,30.15999984741211
2003-06-05,29.92999839782715
2003-06-06,29.94999885559082
2003-06-07,29.979999542236328
2003-06-08,30.059999465942383
2003-06-09,29.92999839782715
2003-06-10,29.639999389648438
2003-06-11,29.549999237060547
2003-06-12,29.510000228881836
2003-06-13,29.849998474121094
2003-06-14,29.75
2003-06-15,29.76999855041504
2003-06-16,29.76999855041504
2003-06-17,29.799999237060547
2003-06-18,29.75
2003-06-19,29.599998474121094
2003-06-20,29.439998626708984
2003-06-21,29.40999984741211
2003-06-22,29.469999313354492
2003-06-23,29.189998626708984
2003-06-24,29.09000015258789
2003-06-25,29.029998779296875
2003-06-26,29.28999900817871
2003-06-27,29.28999900817871
2003-06-28,29.28999900817871
2003-06-29,29.279998779296875
2003-06-30,29.279998779296875
2003-07-01,29.1299991607666
2003-07-02,29.099998474121094
2003-07-03,29.170000076293945
2003-07-04,29.209999084472656
2003-07-05,29.209999084472656
2003-07-06,29.209999084472656
2003-07-07,29.42999839782715
2003-07-08,29.599998474121094
2003-07-09,29.619998931884766
2003-07-10,29.599998474121094
2003-07-11,29.579999923706055
2003-07-12,29.56999969482422
2003-07-13,29.549999237060547
2003-07-14,29.529998779296875
2003-07-15,29.510000228881836
2003-07-16,29.489999771118164
2003-07-17,29.479999542236328
2003-07-18,29.469999313354492
2003-07-19,29.01999855041504
2003-07-20,28.899999618530273
2003-07-21,28.729999542236328
2003-07-22,28.51999855041504
2003-07-23,28.510000228881836
2003-07-24,28.489999771118164
2003-07-25,28.489999771118164
2003-07-26,28.479999542236328
2003-07-27,29.5
2003-07-28,29.94999885559082
2003-07-29,30.0
2003-07-30,29.94999885559082
2003-07-31,29.8799991607666
2003-08-01,29.78999900817871
2003-08-02,29.85999870300293
2003-08-03,29.8799991607666
2003-08-04,29.829999923706055
2003-08-05,29.78999900817871
2003-08-06,29.75
2003-08-07,29.709999084472656
2003-08-08,29.67999839782715
2003-08-09,29.479999542236328
2003-08-10,29.31999969482422
2003-08-11,29.299999237060547
2003-08-12,29.28999900817871
2003-08-13,29.28999900817871
2003-08-14,28.94999885559082
2003-08-15,28.979999542236328
2003-08-16,29.0
2003-08-17,29.0
2003-08-18,28.969999313354492
2003-08-19,28.939998626708984
2003-08-20,28.920000076293945
2003-08-21,28.899999618530273
2003-08-22,28.889999389648438
2003-08-23,28.869998931884766
2003-08-24,28.85999870300293
2003-08-25,28.899999618530273
2003-08-26,29.049999237060547
2003-08-27,29.079999923706055
2003-08-28,29.989999771118164
2003-08-29,30.099998474121094
2003-08-30,30.06999969482422
2003-08-31,30.010000228881836
2003-09-01,30.149999618530273
2003-09-02,30.099998474121094
2003-09-03,30.029998779296875
2003-09-04,29.969999313354492
2003-09-05,29.92999839782715
2003-09-06,29.8799991607666
2003-09-07,29.84000015258789
2003-09-08,29.809999465942383
2003-09-09,29.76999855041504
2003-09-10,29.739999771118164
2003-09-11,29.69999885559082
2003-09-12,29.670000076293945
2003-09-13,29.59000015258789
2003-09-14,29.529998779296875
2003-09-15,29.399999618530273
2003-09-16,28.8799991607666
2003-09-17,28.689998626708984
2003-09-18,28.719999313354492
2003-09-19,28.739999771118164
2003-09-20,28.739999771118164
2003-09-21,28.739999771118164
2003-09-22,29.17999839782715
2003-09-23,29.15999984741211
2003-09-24,29.119998931884766
2003-09-25,28.75
2003-09-26,28.729999542236328
2003-09-27,29.279998779296875
2003-09-28,29.260000228881836
2003-09-29,29.17999839782715
2003-09-30,29.139999389648438
2003-10-01,29.1299991607666
2003-10-02,28.939998626708984
2003-10-03,28.90999984741211
2003-10-04,28.899999618530273
2003-10-05,28.899999618530273
2003-10-06,28.90999984741211
2003-10-07,28.689998626708984
2003-10-08,28.739999771118164
2003-10-09,29.09000015258789
2003-10-10,29.189998626708984
2003-10-11,29.19999885559082
2003-10-12,29.189998626708984
2003-10-13,29.17999839782715
2003-10-14,29.189998626708984
2003-10-15,29.209999084472656
2003-10-16,29.19999885559082
2003-10-17,29.17999839782715
2003-10-18,29.219999313354492
2003-10-19,29.399999618530273
2003-10-20,29.420000076293945
2003-10-21,29.389999389648438
2003-10-22,29.35999870300293
2003-10-23,29.329999923706055
2003-10-24,29.309999465942383
2003-10-25,28.69999885559082
2003-10-26,28.579999923706055
2003-10-27,28.549999237060547
2003-10-28,28.81999969482422
2003-10-29,28.75
2003-10-30,28.619998931884766
2003-10-31,28.329999923706055
2003-11-01,28.459999084472656
2003-11-02,29.049999237060547
2003-11-03,29.229999542236328
2003-11-04,29.260000228881836
2003-11-05,29.42999839782715
2003-11-06,29.56999969482422
2003-11-07,29.67999839782715
2003-11-08,29.469999313354492
2003-11-09,29.35999870300293
2003-11-10,29.69999885559082
2003-11-11,29.56999969482422
2003-11-12,29.209999084472656
2003-11-13,28.989999771118164
2003-11-14,28.979999542236328
2003-11-15,28.760000228881836
2003-11-16,29.209999084472656
2003-11-17,29.299999237060547
2003-11-18,29.26999855041504
2003-11-19,29.529998779296875
2003-11-20,29.559999465942383
2003-11-21,29.44999885559082
2003-11-22,29.479999542236328
2003-11-23,28.85999870300293
2003-11-24,28.81999969482422
2003-11-25,28.869998931884766
2003-11-26,28.689998626708984
2003-11-27,28.799999237060547
2003-11-28,28.979999542236328
2003-11-29,28.799999237060547
2003-11-30,28.670000076293945
2003-12-01,28.689998626708984
2003-12-02,27.849998474121094
2003-12-03,27.68000030517578
2003-12-04,27.709999084472656
2003-12-05,27.60999870300293
2003-12-06,27.559999465942383
2003-12-07,27.689998626708984
2003-12-08,27.78999900817871
2003-12-09,27.760000228881836
2003-12-10,27.760000228881836
2003-12-11,27.709999084472656
2003-12-12,27.60999870300293
2003-12-13,27.56999969482422
2003-12-14,27.51999855041504
2003-12-15,27.369998931884766
2003-12-16,27.059999465942383
2003-12-17,26.779998779296875
2003-12-18,26.799999237060547
2003-12-19,26.85999870300293
2003-12-20,27.01999855041504
2003-12-21,26.35999870300293
2003-12-22,26.170000076293945
2003-12-23,26.53999900817871
2003-12-24,26.06999969482422
2003-12-25,25.869998931884766
2003-12-26,25.90999984741211
2003-12-27,25.94999885559082
2003-12-28,25.670000076293945
2003-12-29,25.649999618530273
2003-12-30,25.729999542236328
2003-12-31,25.969999313354492
2004-01-01,26.049999237060547
2004-01-02,26.28999900817871
2004-01-03,26.369998931884766
2004-01-04,26.469999313354492
2004-01-05,26.619998931884766
2004-01-06,26.85999870300293
2004-01-07,27.01999855041504
2004-01-08,26.93000030517578
2004-01-09,27.01999855041504
2004-01-10,27.119998931884766
2004-01-11,26.44999885559082
2004-01-12,26.309999465942383
2004-01-13,26.170000076293945
2004-01-14,26.119998931884766
2004-01-15,26.34000015258789
2004-01-16,26.53999900817871
2004-01-17,26.649999618530273
2004-01-18,26.69999885559082
2004-01-19,26.84000015258789
2004-01-20,26.989999771118164
2004-01-21,27.010000228881836
2004-01-22,27.10999870300293
2004-01-23,27.15999984741211
2004-01-24,26.3799991607666
2004-01-25,26.309999465942383
2004-01-26,26.329999923706055
2004-01-27,26.349998474121094
2004-01-28,26.739999771118164
2004-01-29,27.059999465942383
2004-01-30,26.599998474121094
2004-01-31,26.31999969482422
2004-02-01,26.26999855041504
2004-02-02,27.35999870300293
2004-02-03,27.51999855041504
2004-02-04,27.40999984741211
2004-02-05,26.989999771118164
2004-02-06,26.78999900817871
2004-02-07,26.809999465942383
2004-02-08,26.68000030517578
2004-02-09,26.349998474121094
2004-02-10,26.709999084472656
2004-02-11,26.979999542236328
2004-02-12,27.189998626708984
2004-02-13,27.099998474121094
2004-02-14,27.09000015258789
2004-02-15,26.939998626708984
2004-02-16,26.84000015258789
2004-02-17,26.639999389648438
2004-02-18,26.689998626708984
2004-02-19,26.56999969482422
2004-02-20,26.209999084472656
2004-02-21,26.26999855041504
2004-02-22,26.01999855041504
2004-02-23,25.959999084472656
2004-02-24,26.849998474121094
2004-02-25,27.19999885559082
2004-02-26,27.65999984741211
2004-02-27,27.81999969482422
2004-02-28,27.43000030517578
2004-02-29,27.260000228881836
2004-03-01,27.920000076293945
2004-03-02,28.1299991607666
2004-03-03,28.229999542236328
2004-03-04,28.189998626708984
2004-03-05,27.869998931884766
2004-03-06,27.799999237060547
2004-03-07,27.829999923706055
2004-03-08,27.85999870300293
2004-03-09,27.8799991607666
2004-03-10,27.729999542236328
2004-03-11,27.799999237060547
2004-03-12,27.959999084472656
2004-03-13,28.309999465942383
2004-03-14,28.40999984741211
2004-03-15,28.189998626708984
2004-03-16,28.059999465942383
2004-03-17,29.09000015258789
2004-03-18,29.119998931884766
2004-03-19,29.420000076293945
2004-03-20,29.69999885559082
2004-03-21,28.65999984741211
2004-03-22,28.389999389648438
2004-03-23,28.309999465942383
2004-03-24,28.75
2004-03-25,28.81999969482422
2004-03-26,28.85999870300293
2004-03-27,29.369998931884766
2004-03-28,29.739999771118164
2004-03-29,29.829999923706055
2004-03-30,29.739999771118164
2004-03-31,29.649999618530273
2004-04-01,29.40999984741211
2004-04-02,29.35999870300293
2004-04-03,29.399999618530273
2004-04-04,29.170000076293945
2004-04-05,29.17999839782715
2004-04-06,29.489999771118164
2004-04-07,29.599998474121094
2004-04-08,30.549999237060547
2004-04-09,30.40999984741211
2004-04-10,30.01999855041504
2004-04-11,29.869998931884766
2004-04-12,30.03999900817871
2004-04-13,30.329999923706055
2004-04-14,30.59000015258789
2004-04-15,30.969999313354492
2004-04-16,30.869998931884766
2004-04-17,30.779998779296875
2004-04-18,30.869998931884766
2004-04-19,30.5
2004-04-20,30.35999870300293
2004-04-21,31.01999855041504
2004-04-22,31.28999900817871
2004-04-23,31.119998931884766
2004-04-24,30.76999855041504
2004-04-25,30.51999855041504
2004-04-26,31.0
2004-04-27,31.079999923706055
2004-04-28,31.079999923706055
2004-04-29,31.079999923706055
2004-04-30,31.059999465942383
2004-05-01,30.979999542236328
2004-05-02,30.92999839782715
2004-05-03,30.889999389648438
2004-05-04,30.85999870300293
2004-05-05,30.84000015258789
2004-05-06,30.829999923706055
2004-05-07,30.829999923706055
2004-05-08,30.84000015258789
2004-05-09,30.09000015258789
2004-05-10,29.979999542236328
2004-05-11,29.969999313354492
2004-05-12,29.989999771118164
2004-05-13,30.0
2004-05-14,30.01999855041504
2004-05-15,29.78999900817871
2004-05-16,29.69999885559082
2004-05-17,29.639999389648438
2004-05-18,31.119998931884766
2004-05-19,31.31999969482422
2004-05-20,31.31999969482422
2004-05-21,31.229999542236328
2004-05-22,30.25
2004-05-23,30.079999923706055
2004-05-24,30.06999969482422
2004-05-25,30.079999923706055
2004-05-26,30.139999389648438
2004-05-27,29.75
2004-05-28,29.639999389648438
2004-05-29,29.760000228881836
2004-05-30,29.869998931884766
2004-05-31,29.84000015258789
2004-06-01,29.939998626708984
2004-06-02,30.119998931884766
2004-06-03,30.119998931884766
2004-06-04,30.059999465942383
2004-06-05,30.01999855041504
2004-06-06,30.229999542236328
2004-06-07,30.229999542236328
2004-06-08,30.170000076293945
2004-06-09,30.10999870300293
2004-06-10,30.049999237060547
2004-06-11,29.989999771118164
2004-06-12,29.939998626708984
2004-06-13,29.889999389648438
2004-06-14,29.84000015258789
2004-06-15,29.78999900817871
2004-06-16,29.75
2004-06-17,29.709999084472656
2004-06-18,29.670000076293945
2004-06-19,29.619998931884766
2004-06-20,29.56999969482422
2004-06-21,29.76999855041504
2004-06-22,29.529998779296875
2004-06-23,29.029998779296875
2004-06-24,29.529998779296875
2004-06-25,29.76999855041504
2004-06-26,29.34000015258789
2004-06-27,29.35999870300293
2004-06-28,30.099998474121094
2004-06-29,30.239999771118164
2004-06-30,30.260000228881836
2004-07-01,29.579999923706055
2004-07-02,29.439998626708984
2004-07-03,29.40999984741211
2004-07-04,29.3799991607666
2004-07-05,29.349998474121094
2004-07-06,29.299999237060547
2004-07-07,29.25
2004-07-08,29.349998474121094
2004-07-09,29.729999542236328
2004-07-10,29.899999618530273
2004-07-11,30.1299991607666
2004-07-12,30.31999969482422
2004-07-13,30.26999855041504
2004-07-14,30.19999885559082
2004-07-15,30.67999839782715
2004-07-16,30.69999885559082
2004-07-17,30.729999542236328
2004-07-18,30.81999969482422
2004-07-19,30.42999839782715
2004-07-20,30.209999084472656
2004-07-21,30.079999923706055
2004-07-22,30.01999855041504
2004-07-23,29.959999084472656
2004-07-24,29.90999984741211
2004-07-25,29.85999870300293
2004-07-26,29.809999465942383
2004-07-27,29.760000228881836
2004-07-28,29.719999313354492
2004-07-29,29.67999839782715
2004-07-30,29.6299991607666
2004-07-31,29.59000015258789
2004-08-01,29.549999237060547
2004-08-02,29.51999855041504
2004-08-03,29.489999771118164
2004-08-04,29.44999885559082
2004-08-05,29.42999839782715
2004-08-06,29.10999870300293
2004-08-07,28.969999313354492
2004-08-08,28.959999084472656
2004-08-09,28.920000076293945
2004-08-10,28.899999618530273
2004-08-11,28.8799991607666
2004-08-12,28.85999870300293
2004-08-13,28.94999885559082
2004-08-14,28.93000030517578
2004-08-15,28.939998626708984
2004-08-16,28.989999771118164
2004-08-17,29.010000228881836
2004-08-18,29.0
2004-08-19,28.989999771118164
2004-08-20,28.979999542236328
2004-08-21,28.969999313354492
2004-08-22,28.959999084472656
2004-08-23,30.079999923706055
2004-08-24,30.099998474121094
2004-08-25,29.639999389648438
2004-08-26,29.510000228881836
2004-08-27,29.31999969482422
2004-08-28,29.15999984741211
2004-08-29,29.17999839782715
2004-08-30,29.149999618530273
2004-08-31,29.1299991607666
2004-09-01,29.10999870300293
2004-09-02,29.09000015258789
2004-09-03,29.079999923706055
2004-09-04,29.059999465942383
2004-09-05,29.03999900817871
2004-09-06,29.029998779296875
2004-09-07,29.01999855041504
2004-09-08,29.010000228881836
2004-09-09,28.989999771118164
2004-09-10,29.779998779296875
2004-09-11,30.279998779296875
2004-09-12,30.299999237060547
2004-09-13,30.239999771118164
2004-09-14,30.189998626708984
2004-09-15,30.149999618530273
2004-09-16,30.119998931884766
2004-09-17,30.09000015258789
2004-09-18,29.6299991607666
2004-09-19,29.420000076293945
2004-09-20,29.3799991607666
2004-09-21,29.349998474121094
2004-09-22,29.329999923706055
2004-09-23,30.35999870300293
2004-09-24,30.260000228881836
2004-09-25,30.079999923706055
2004-09-26,30.079999923706055
2004-09-27,29.729999542236328
2004-09-28,29.03999900817871
2004-09-29,28.510000228881836
2004-09-30,27.989999771118164
2004-10-01,28.059999465942383
2004-10-02,28.1299991607666
2004-10-03,28.099998474121094
2004-10-04,28.099998474121094
2004-10-05,28.219999313354492
2004-10-06,28.26999855041504
2004-10-07,28.5
2004-10-08,29.059999465942383
2004-10-09,29.34000015258789
2004-10-10,29.34000015258789
2004-10-11,29.309999465942383
2004-10-12,29.26999855041504
2004-10-13,29.229999542236328
2004-10-14,29.529998779296875
2004-10-15,29.44999885559082
2004-10-16,29.369998931884766
2004-10-17,29.40999984741211
2004-10-18,29.51999855041504
2004-10-19,29.65999984741211
2004-10-20,29.649999618530273
2004-10-21,29.399999618530273
2004-10-22,29.28999900817871
2004-10-23,29.28999900817871
2004-10-24,29.399999618530273
2004-10-25,29.479999542236328
2004-10-26,29.42999839782715
2004-10-27,29.35999870300293
2004-10-28,29.26999855041504
2004-10-29,29.15999984741211
2004-10-30,29.369998931884766
2004-10-31,29.869998931884766
2004-11-01,30.0
2004-11-02,29.809999465942383
2004-11-03,29.599998474121094
2004-11-04,29.510000228881836
2004-11-05,29.549999237060547
2004-11-06,29.489999771118164
2004-11-07,29.459999084472656
2004-11-08,29.44999885559082
2004-11-09,29.439998626708984
2004-11-10,29.84000015258789
2004-11-11,30.619998931884766
2004-11-12,30.779998779296875
2004-11-13,30.15999984741211
2004-11-14,29.959999084472656
2004-11-15,29.85999870300293
2004-11-16,29.889999389648438
2004-11-17,29.85999870300293
2004-11-18,29.75
2004-11-19,29.69999885559082
2004-11-20,29.670000076293945
2004-11-21,29.729999542236328
2004-11-22,29.399999618530273
2004-11-23,28.69999885559082
2004-11-24,28.19999885559082
2004-11-25,28.01999855041504
2004-11-26,27.939998626708984
2004-11-27,27.559999465942383
2004-11-28,27.65999984741211
2004-11-29,28.03999900817871
2004-11-30,28.279998779296875
2004-12-01,27.8799991607666
2004-12-02,27.779998779296875
2004-12-03,27.420000076293945
2004-12-04,27.099998474121094
2004-12-05,27.559999465942383
2004-12-06,27.479999542236328
2004-12-07,27.229999542236328
2004-12-08,27.170000076293945
2004-12-09,27.18000030517578
2004-12-10,26.3799991607666
2004-12-11,26.229999542236328
2004-12-12,26.18000030517578
2004-12-13,26.10999870300293
2004-12-14,26.01999855041504
2004-12-15,25.939998626708984
2004-12-16,25.93000030517578
2004-12-17,25.84000015258789
2004-12-18,25.889999389648438
2004-12-19,25.920000076293945
2004-12-20,25.849998474121094
2004-12-21,25.719999313354492
2004-12-22,25.729999542236328
2004-12-23,25.920000076293945
2004-12-24,26.0
2004-12-25,26.09000015258789
2004-12-26,26.170000076293945
2004-12-27,26.19999885559082
2004-12-28,26.369998931884766
2004-12-29,26.459999084472656
2004-12-30,26.469999313354492
2004-12-31,26.510000228881836
2005-01-01,26.099998474121094
2005-01-02,26.049999237060547
2005-01-03,26.010000228881836
2005-01-04,26.170000076293945
2005-01-05,26.099998474121094
2005-01-06,26.119998931884766
2005-01-07,26.15999984741211
2005-01-08,26.40999984741211
2005-01-09,26.420000076293945
2005-01-10,26.439998626708984
2005-01-11,26.529998779296875
2005-01-12,26.53999900817871
2005-01-13,26.510000228881836
2005-01-14,26.44999885559082
2005-01-15,26.40999984741211
2005-01-16,26.399999618530273
2005-01-17,26.28999900817871
2005-01-18,26.15999984741211
2005-01-19,26.149999618530273
2005-01-20,26.31999969482422
2005-01-21,26.51999855041504
2005-01-22,26.670000076293945
2005-01-23,26.729999542236328
2005-01-24,26.619998931884766
2005-01-25,26.59000015258789
2005-01-26,26.6299991607666
2005-01-27,26.959999084472656
2005-01-28,27.09000015258789
2005-01-29,27.209999084472656
2005-01-30,26.94999885559082
2005-01-31,27.189998626708984
2005-02-01,27.59000015258789
2005-02-02,27.469999313354492
2005-02-03,27.549999237060547
2005-02-04,27.579999923706055
2005-02-05,28.329999923706055
2005-02-06,28.35999870300293
2005-02-07,28.279998779296875
2005-02-08,27.869998931884766
2005-02-09,27.799999237060547
2005-02-10,27.899999618530273
2005-02-11,27.65999984741211
2005-02-12,27.599998474121094
2005-02-13,27.599998474121094
2005-02-14,27.849998474121094
2005-02-15,28.189998626708984
2005-02-16,28.299999237060547
2005-02-17,28.389999389648438
2005-02-18,28.399999618530273
2005-02-19,28.279998779296875
2005-02-20,28.01999855041504
2005-02-21,27.619998931884766
2005-02-22,27.829999923706055
2005-02-23,28.329999923706055
2005-02-24,28.31999969482422
2005-02-25,28.40999984741211
2005-02-26,28.469999313354492
2005-02-27,28.76999855041504
2005-02-28,28.670000076293945
2005-03-01,28.51999855041504
2005-03-02,28.479999542236328
2005-03-03,27.989999771118164
2005-03-04,28.049999237060547
2005-03-05,28.01999855041504
2005-03-06,27.739999771118164
2005-03-07,27.529998779296875
2005-03-08,27.43000030517578
2005-03-09,27.599998474121094
2005-03-10,27.6299991607666
2005-03-11,27.639999389648438
2005-03-12,28.049999237060547
2005-03-13,28.049999237060547
2005-03-14,27.93000030517578
2005-03-15,27.8799991607666
2005-03-16,27.53999900817871
2005-03-17,28.0
2005-03-18,28.329999923706055
2005-03-19,28.35999870300293
2005-03-20,28.6299991607666
2005-03-21,29.309999465942383
2005-03-22,29.279998779296875
2005-03-23,29.09000015258789
2005-03-24,28.979999542236328
2005-03-25,29.03999900817871
2005-03-26,29.029998779296875
2005-03-27,28.939998626708984
2005-03-28,28.869998931884766
2005-03-29,28.799999237060547
2005-03-30,29.1299991607666
2005-03-31,29.6299991607666
2005-04-01,28.920000076293945
2005-04-02,28.19999885559082
2005-04-03,28.899999618530273
2005-04-04,28.78999900817871
2005-04-05,28.43000030517578
2005-04-06,28.849998474121094
2005-04-07,29.639999389648438
2005-04-08,29.84000015258789
2005-04-09,29.489999771118164
2005-04-10,29.899999618530273
2005-04-11,29.899999618530273
2005-04-12,29.65999984741211
2005-04-13,29.619998931884766
2005-04-14,29.67999839782715
2005-04-15,29.729999542236328
2005-04-16,29.599998474121094
2005-04-17,29.719999313354492
2005-04-18,29.81999969482422
2005-04-19,29.60999870300293
2005-04-20,29.53999900817871
2005-04-21,30.119998931884766
2005-04-22,30.529998779296875
2005-04-23,30.459999084472656
2005-04-24,30.53999900817871
2005-04-25,30.60999870300293
2005-04-26,30.369998931884766
2005-04-27,30.219999313354492
2005-04-28,30.25
2005-04-29,30.899999618530273
2005-04-30,31.06999969482422
2005-05-01,31.09000015258789
2005-05-02,30.899999618530273
2005-05-03,30.729999542236328
2005-05-04,31.739999771118164
2005-05-05,31.719999313354492
2005-05-06,31.67999839782715
2005-05-07,31.65999984741211
2005-05-08,30.049999237060547
2005-05-09,29.489999771118164
2005-05-10,29.40999984741211
2005-05-11,29.420000076293945
2005-05-12,29.439998626708984
2005-05-13,29.59000015258789
2005-05-14,29.799999237060547
2005-05-15,29.889999389648438
2005-05-16,29.389999389648438
2005-05-17,29.689998626708984
2005-05-18,29.8799991607666
2005-05-19,30.010000228881836
2005-05-20,30.010000228881836
2005-05-21,30.399999618530273
2005-05-22,30.639999389648438
2005-05-23,30.510000228881836
2005-05-24,30.53999900817871
2005-05-25,30.59000015258789
2005-05-26,30.549999237060547
2005-05-27,30.420000076293945
2005-05-28,29.76999855041504
2005-05-29,29.67999839782715
2005-05-30,29.670000076293945
2005-05-31,29.65999984741211
2005-06-01,29.649999618530273
2005-06-02,29.639999389648438
2005-06-03,29.6299991607666
2005-06-04,29.619998931884766
2005-06-05,29.60999870300293
2005-06-06,29.599998474121094
2005-06-07,29.59000015258789
2005-06-08,29.579999923706055
2005-06-09,29.56999969482422
2005-06-10,29.559999465942383
2005-06-11,29.549999237060547
2005-06-12,29.010000228881836
2005-06-13,28.75
2005-06-14,28.760000228881836
2005-06-15,28.799999237060547
2005-06-16,28.84000015258789
2005-06-17,28.85999870300293
2005-06-18,29.399999618530273
2005-06-19,29.60999870300293
2005-06-20,29.599998474121094
2005-06-21,29.10999870300293
2005-06-22,29.26999855041504
2005-06-23,29.260000228881836
2005-06-24,29.209999084472656
2005-06-25,29.15999984741211
2005-06-26,29.53999900817871
2005-06-27,29.739999771118164
2005-06-28,29.719999313354492
2005-06-29,29.67999839782715
2005-06-30,28.689998626708984
2005-07-01,28.309999465942383
2005-07-02,28.279998779296875
2005-07-03,28.28999900817871
2005-07-04,28.25
2005-07-05,28.229999542236328
2005-07-06,28.219999313354492
2005-07-07,28.219999313354492
2005-07-08,28.219999313354492
2005-07-09,28.469999313354492
2005-07-10,28.969999313354492
2005-07-11,29.170000076293945
2005-07-12,29.239999771118164
2005-07-13,29.239999771118164
2005-07-14,28.889999389648438
2005-07-15,29.35999870300293
2005-07-16,29.479999542236328
2005-07-17,29.40999984741211
2005-07-18,29.03999900817871
2005-07-19,29.03999900817871
2005-07-20,29.579999923706055
2005-07-21,29.709999084472656
2005-07-22,29.65999984741211
2005-07-23,29.619998931884766
2005-07-24,29.59000015258789
2005-07-25,29.559999465942383
2005-07-26,29.529998779296875
2005-07-27,29.5
2005-07-28,29.469999313354492
2005-07-29,29.439998626708984
2005-07-30,29.40999984741211
2005-07-31,29.3799991607666
2005-08-01,29.349998474121094
2005-08-02,29.329999923706055
2005-08-03,29.299999237060547
2005-08-04,29.279998779296875
2005-08-05,29.260000228881836
2005-08-06,29.239999771118164
2005-08-07,29.219999313354492
2005-08-08,29.19999885559082
2005-08-09,29.119998931884766
2005-08-10,28.899999618530273
2005-08-11,28.829999923706055
2005-08-12,28.81999969482422
2005-08-13,28.809999465942383
2005-08-14,28.809999465942383
2005-08-15,28.799999237060547
2005-08-16,28.78999900817871
2005-08-17,28.78999900817871
2005-08-18,28.78999900817871
2005-08-19,28.78999900817871
2005-08-20,28.78999900817871
2005-08-21,28.78999900817871
2005-08-22,28.81999969482422
2005-08-23,28.93000030517578
2005-08-24,29.06999969482422
2005-08-25,29.139999389648438
2005-08-26,29.309999465942383
2005-08-27,29.35999870300293
2005-08-28,29.35999870300293
2005-08-29,29.349998474121094
2005-08-30,29.260000228881836
2005-08-31,29.260000228881836
2005-09-01,29.26999855041504
2005-09-02,29.26999855041504
2005-09-03,29.26999855041504
2005-09-04,29.260000228881836
2005-09-05,29.260000228881836
2005-09-06,29.260000228881836
2005-09-07,29.25
2005-09-08,29.25
2005-09-09,29.229999542236328
2005-09-10,29.219999313354492
2005-09-11,29.209999084472656
2005-09-12,29.19999885559082
2005-09-13,29.189998626708984
2005-09-14,29.170000076293945
2005-09-15,29.15999984741211
2005-09-16,29.149999618530273
2005-09-17,29.149999618530273
2005-09-18,29.149999618530273
2005-09-19,29.149999618530273
2005-09-20,29.139999389648438
2005-09-21,28.68000030517578
2005-09-22,28.709999084472656
2005-09-23,28.709999084472656
2005-09-24,28.75
2005-09-25,28.760000228881836
2005-09-26,28.75
2005-09-27,28.739999771118164
2005-09-28,28.729999542236328
2005-09-29,29.099998474121094
2005-09-30,29.170000076293945
2005-10-01,30.209999084472656
2005-10-02,30.260000228881836
2005-10-03,30.219999313354492
2005-10-04,30.03999900817871
2005-10-05,29.35999870300293
2005-10-06,29.25
2005-10-07,29.26999855041504
2005-10-08,29.17999839782715
2005-10-09,28.989999771118164
2005-10-10,28.779998779296875
2005-10-11,28.739999771118164
2005-10-12,28.599998474121094
2005-10-13,28.719999313354492
2005-10-14,28.75
2005-10-15,28.719999313354492
2005-10-16,28.729999542236328
2005-10-17,30.029998779296875
2005-10-18,30.26999855041504
2005-10-19,30.19999885559082
2005-10-20,30.170000076293945
2005-10-21,29.42999839782715
2005-10-22,29.349998474121094
2005-10-23,29.35999870300293
2005-10-24,29.349998474121094
2005-10-25,29.34000015258789
2005-10-26,29.31999969482422
2005-10-27,29.189998626708984
2005-10-28,29.15999984741211
2005-10-29,29.549999237060547
2005-10-30,29.920000076293945
2005-10-31,29.78999900817871
2005-11-01,29.709999084472656
2005-11-02,29.670000076293945
2005-11-03,29.639999389648438
2005-11-04,29.599998474121094
2005-11-05,29.56999969482422
2005-11-06,29.53999900817871
2005-11-07,29.579999923706055
2005-11-08,29.26999855041504
2005-11-09,29.479999542236328
2005-11-10,29.689998626708984
2005-11-11,29.60999870300293
2005-11-12,29.369998931884766
2005-11-13,29.729999542236328
2005-11-14,29.84000015258789
2005-11-15,29.78999900817871
2005-11-16,29.6299991607666
2005-11-17,29.389999389648438
2005-11-18,29.209999084472656
2005-11-19,29.099998474121094
2005-11-20,29.09000015258789
2005-11-21,28.889999389648438
2005-11-22,28.760000228881836
2005-11-23,28.85999870300293
2005-11-24,28.899999618530273
2005-11-25,29.01999855041504
2005-11-26,27.779998779296875
2005-11-27,27.549999237060547
2005-11-28,27.369998931884766
2005-11-29,28.25
2005-11-30,28.60999870300293
2005-12-01,28.619998931884766
2005-12-02,28.619998931884766
2005-12-03,28.599998474121094
2005-12-04,28.56999969482422
2005-12-05,28.549999237060547
2005-12-06,28.529998779296875
2005-12-07,28.510000228881836
2005-12-08,28.279998779296875
2005-12-09,28.18000030517578
2005-12-10,28.279998779296875
2005-12-11,28.56999969482422
2005-12-12,28.6299991607666
2005-12-13,27.329999923706055
2005-12-14,27.029998779296875
2005-12-15,26.989999771118164
2005-12-16,26.93000030517578
2005-12-17,26.760000228881836
2005-12-18,26.599998474121094
2005-12-19,26.649999618530273
2005-12-20,26.729999542236328
2005-12-21,26.479999542236328
2005-12-22,26.099998474121094
2005-12-23,26.01999855041504
2005-12-24,26.029998779296875
2005-12-25,25.579999923706055
2005-12-26,25.439998626708984
2005-12-27,25.459999084472656
2005-12-28,25.510000228881836
2005-12-29,25.649999618530273
2005-12-30,26.099998474121094
2005-12-31,26.19999885559082
2006-01-01,26.189998626708984
2006-01-02,26.189998626708984
2006-01-03,26.56999969482422
2006-01-04,26.739999771118164
2006-01-05,27.01999855041504
2006-01-06,27.139999389648438
2006-01-07,27.01999855041504
2006-01-08,26.829999923706055
2006-01-09,26.75
2006-01-10,26.81999969482422
2006-01-11,26.849998474121094
2006-01-12,26.869998931884766
2006-01-13,27.1299991607666
2006-01-14,27.279998779296875
2006-01-15,27.5
2006-01-16,27.28999900817871
2006-01-17,26.90999984741211
2006-01-18,26.649999618530273
2006-01-19,26.309999465942383
2006-01-20,26.10999870300293
2006-01-21,27.19999885559082
2006-01-22,27.309999465942383
2006-01-23,27.349998474121094
2006-01-24,27.349998474121094
2006-01-25,26.709999084472656
2006-01-26,27.049999237060547
2006-01-27,27.059999465942383
2006-01-28,27.079999923706055
2006-01-29,27.149999618530273
2006-01-30,27.260000228881836
2006-01-31,27.35999870300293
2006-02-01,27.53999900817871
2006-02-02,27.670000076293945
2006-02-03,28.029998779296875
2006-02-04,28.1299991607666
2006-02-05,27.989999771118164
2006-02-06,27.920000076293945
2006-02-07,27.90999984741211
2006-02-08,28.029998779296875
2006-02-09,27.84000015258789
2006-02-10,27.75
2006-02-11,27.76999855041504
2006-02-12,28.099998474121094
2006-02-13,27.599998474121094
2006-02-14,27.25
2006-02-15,27.25
2006-02-16,27.649999618530273
2006-02-17,27.78999900817871
2006-02-18,27.779998779296875
2006-02-19,27.76999855041504
2006-02-20,28.349998474121094
2006-02-21,28.75
2006-02-22,28.639999389648438
2006-02-23,28.579999923706055
2006-02-24,28.6299991607666
2006-02-25,28.69999885559082
2006-02-26,28.6299991607666
2006-02-27,28.369998931884766
2006-02-28,28.25
2006-03-01,28.619998931884766
2006-03-02,28.549999237060547
2006-03-03,28.209999084472656
2006-03-04,27.760000228881836
2006-03-05,27.76999855041504
2006-03-06,28.489999771118164
2006-03-07,28.649999618530273
2006-03-08,28.60999870300293
2006-03-09,28.579999923706055
2006-03-10,28.8799991607666
2006-03-11,28.85999870300293
2006-03-12,28.85999870300293
2006-03-13,28.869998931884766
2006-03-14,29.059999465942383
2006-03-15,29.219999313354492
2006-03-16,29.149999618530273
2006-03-17,28.889999389648438
2006-03-18,29.26999855041504
2006-03-19,29.75
2006-03-20,29.34000015258789
2006-03-21,29.17999839782715
2006-03-22,29.219999313354492
2006-03-23,28.399999618530273
2006-03-24,27.779998779296875
2006-03-25,27.69999885559082
2006-03-26,27.799999237060547
2006-03-27,28.579999923706055
2006-03-28,28.869998931884766
2006-03-29,29.809999465942383
2006-03-30,30.119998931884766
2006-03-31,30.139999389648438
2006-04-01,29.94999885559082
2006-04-02,29.959999084472656
2006-04-03,29.969999313354492
2006-04-04,30.059999465942383
2006-04-05,30.399999618530273
2006-04-06,30.85999870300293
2006-04-07,31.079999923706055
2006-04-08,31.09000015258789
2006-04-09,31.059999465942383
2006-04-10,30.729999542236328
2006-04-11,30.6299991607666
2006-04-12,30.599998474121094
2006-04-13,30.59000015258789
2006-04-14,30.85999870300293
2006-04-15,30.920000076293945
2006-04-16,30.969999313354492
2006-04-17,30.92999839782715
2006-04-18,31.049999237060547
2006-04-19,31.09000015258789
2006-04-20,30.959999084472656
2006-04-21,30.709999084472656
2006-04-22,31.399999618530273
2006-04-23,31.299999237060547
2006-04-24,31.099998474121094
2006-04-25,30.81999969482422
2006-04-26,30.619998931884766
2006-04-27,30.489999771118164
2006-04-28,30.92999839782715
2006-04-29,31.029998779296875
2006-04-30,30.969999313354492
2006-05-01,31.719999313354492
2006-05-02,31.84000015258789
2006-05-03,31.59000015258789
2006-05-04,31.799999237060547
2006-05-05,31.939998626708984
2006-05-06,31.849998474121094
2006-05-07,31.399999618530273
2006-05-08,31.170000076293945
2006-05-09,31.170000076293945
2006-05-10,31.51999855041504
2006-05-11,31.029998779296875
2006-05-12,30.6299991607666
2006-05-13,30.56999969482422
2006-05-14,30.139999389648438
2006-05-15,30.31999969482422
2006-05-16,30.42999839782715
2006-05-17,29.829999923706055
2006-05-18,28.689998626708984
2006-05-19,28.93000030517578
2006-05-20,29.219999313354492
2006-05-21,29.149999618530273
2006-05-22,28.969999313354492
2006-05-23,29.209999084472656
2006-05-24,29.53999900817871
2006-05-25,29.599998474121094
2006-05-26,29.579999923706055
2006-05-27,29.739999771118164
2006-05-28,30.0
2006-05-29,30.34000015258789
2006-05-30,30.42999839782715
2006-05-31,30.389999389648438
2006-06-01,31.049999237060547
2006-06-02,29.84000015258789
2006-06-03,29.799999237060547
2006-06-04,29.85999870300293
2006-06-05,30.809999465942383
2006-06-06,31.0
2006-06-07,31.28999900817871
2006-06-08,31.3799991607666
2006-06-09,31.19999885559082
2006-06-10,31.10999870300293
2006-06-11,31.059999465942383
2006-06-12,31.0
2006-06-13,30.639999389648438
2006-06-14,30.549999237060547
2006-06-15,30.649999618530273
2006-06-16,30.76999855041504
2006-06-17,30.779998779296875
2006-06-18,30.689998626708984
2006-06-19,30.619998931884766
2006-06-20,30.549999237060547
2006-06-21,30.489999771118164
2006-06-22,30.42999839782715
2006-06-23,30.5
2006-06-24,30.559999465942383
2006-06-25,30.579999923706055
2006-06-26,30.549999237060547
2006-06-27,30.51999855041504
2006-06-28,30.489999771118164
2006-06-29,30.44999885559082
2006-06-30,30.40999984741211
2006-07-01,30.369998931884766
2006-07-02,30.329999923706055
2006-07-03,30.28999900817871
2006-07-04,30.25
2006-07-05,30.209999084472656
2006-07-06,29.779998779296875
2006-07-07,29.75
2006-07-08,29.779998779296875
2006-07-09,29.31999969482422
2006-07-10,29.229999542236328
2006-07-11,29.189998626708984
2006-07-12,28.90999984741211
2006-07-13,28.760000228881836
2006-07-14,28.75
2006-07-15,28.739999771118164
2006-07-16,28.729999542236328
2006-07-17,28.739999771118164
2006-07-18,28.779998779296875
2006-07-19,29.139999389648438
2006-07-20,29.34000015258789
2006-07-21,29.34000015258789
2006-07-22,29.529998779296875
2006-07-23,29.709999084472656
2006-07-24,29.849998474121094
2006-07-25,29.989999771118164
2006-07-26,29.969999313354492
2006-07-27,29.889999389648438
2006-07-28,28.989999771118164
2006-07-29,28.59000015258789
2006-07-30,28.549999237060547
2006-07-31,28.549999237060547
2006-08-01,28.549999237060547
2006-08-02,28.549999237060547
2006-08-03,28.549999237060547
2006-08-04,28.639999389648438
2006-08-05,28.939998626708984
2006-08-06,29.0
2006-08-07,29.0
2006-08-08,29.01999855041504
2006-08-09,29.03999900817871
2006-08-10,29.03999900817871
2006-08-11,29.01999855041504
2006-08-12,29.010000228881836
2006-08-13,28.989999771118164
2006-08-14,28.959999084472656
2006-08-15,28.93000030517578
2006-08-16,28.899999618530273
2006-08-17,28.8799991607666
2006-08-18,28.869998931884766
2006-08-19,28.849998474121094
2006-08-20,28.84000015258789
2006-08-21,28.809999465942383
2006-08-22,28.799999237060547
2006-08-23,29.649999618530273
2006-08-24,29.799999237060547
2006-08-25,29.81999969482422
2006-08-26,29.76999855041504
2006-08-27,29.719999313354492
2006-08-28,29.670000076293945
2006-08-29,29.6299991607666
2006-08-30,29.59000015258789
2006-08-31,29.329999923706055
2006-09-01,29.67999839782715
2006-09-02,30.149999618530273
2006-09-03,30.239999771118164
2006-09-04,30.25
2006-09-05,30.369998931884766
2006-09-06,30.349998474121094
2006-09-07,30.029998779296875
2006-09-08,29.8799991607666
2006-09-09,29.53999900817871
2006-09-10,29.579999923706055
2006-09-11,29.60999870300293
2006-09-12,29.649999618530273
2006-09-13,29.65999984741211
2006-09-14,28.979999542236328
2006-09-15,28.739999771118164
2006-09-16,28.739999771118164
2006-09-17,28.76999855041504
2006-09-18,28.78999900817871
2006-09-19,28.829999923706055
2006-09-20,28.869998931884766
2006-09-21,28.889999389648438
2006-09-22,28.90999984741211
2006-09-23,28.93000030517578
2006-09-24,28.939998626708984
2006-09-25,28.94999885559082
2006-09-26,28.619998931884766
2006-09-27,28.559999465942383
2006-09-28,28.559999465942383
2006-09-29,28.579999923706055
2006-09-30,28.59000015258789
2006-10-01,28.619998931884766
2006-10-02,28.43000030517578
2006-10-03,28.469999313354492
2006-10-04,28.479999542236328
2006-10-05,28.479999542236328
2006-10-06,28.5
2006-10-07,28.579999923706055
2006-10-08,28.599998474121094
2006-10-09,28.599998474121094
2006-10-10,28.599998474121094
2006-10-11,28.489999771118164
2006-10-12,28.43000030517578
2006-10-13,28.8799991607666
2006-10-14,29.09000015258789
2006-10-15,29.619998931884766
2006-10-16,29.849998474121094
2006-10-17,29.85999870300293
2006-10-18,29.829999923706055
2006-10-19,30.01999855041504
2006-10-20,30.229999542236328
2006-10-21,30.260000228881836
2006-10-22,30.049999237060547
2006-10-23,29.85999870300293
2006-10-24,29.6299991607666
2006-10-25,29.689998626708984
2006-10-26,29.739999771118164
2006-10-27,29.469999313354492
2006-10-28,29.399999618530273
2006-10-29,29.239999771118164
2006-10-30,29.059999465942383
2006-10-31,30.010000228881836
2006-11-01,29.849998474121094
2006-11-02,29.25
2006-11-03,28.85999870300293
2006-11-04,29.119998931884766
2006-11-05,29.029998779296875
2006-11-06,28.85999870300293
2006-11-07,28.81999969482422
2006-11-08,28.469999313354492
2006-11-09,28.56999969482422
2006-11-10,28.889999389648438
2006-11-11,28.899999618530273
2006-11-12,28.94999885559082
2006-11-13,29.35999870300293
2006-11-14,29.42999839782715
2006-11-15,29.529998779296875
2006-11-16,29.599998474121094
2006-11-17,29.779998779296875
2006-11-18,29.69999885559082
2006-11-19,29.729999542236328
2006-11-20,29.829999923706055
2006-11-21,29.75
2006-11-22,29.719999313354492
2006-11-23,30.01999855041504
2006-11-24,29.92999839782715
2006-11-25,29.8799991607666
2006-11-26,30.510000228881836
2006-11-27,30.459999084472656
2006-11-28,30.15999984741211
2006-11-29,29.939998626708984
2006-11-30,29.81999969482422
2006-12-01,29.59000015258789
2006-12-02,29.049999237060547
2006-12-03,29.17999839782715
2006-12-04,29.579999923706055
2006-12-05,29.6299991607666
2006-12-06,29.579999923706055
2006-12-07,29.489999771118164
2006-12-08,29.479999542236328
2006-12-09,30.029998779296875
2006-12-10,30.029998779296875
2006-12-11,29.94999885559082
2006-12-12,29.6299991607666
2006-12-13,29.329999923706055
2006-12-14,29.40999984741211
2006-12-15,29.399999618530273
2006-12-16,29.25
2006-12-17,28.579999923706055
2006-12-18,28.03999900817871
2006-12-19,27.829999923706055
2006-12-20,27.56999969482422
2006-12-21,27.53999900817871
2006-12-22,27.170000076293945
2006-12-23,27.06999969482422
2006-12-24,26.869998931884766
2006-12-25,26.439998626708984
2006-12-26,26.170000076293945
2006-12-27,26.059999465942383
2006-12-28,26.189998626708984
2006-12-29,26.170000076293945
2006-12-30,26.09000015258789
2006-12-31,25.979999542236328
2007-01-01,25.979999542236328
2007-01-02,26.219999313354492
2007-01-03,26.299999237060547
2007-01-04,26.09000015258789
2007-01-05,25.989999771118164
2007-01-06,26.06999969482422
2007-01-07,25.849998474121094
2007-01-08,25.619998931884766
2007-01-09,25.389999389648438
2007-01-10,25.649999618530273
2007-01-11,26.010000228881836
2007-01-12,26.349998474121094
2007-01-13,26.369998931884766
2007-01-14,26.09000015258789
2007-01-15,26.26999855041504
2007-01-16,26.729999542236328
2007-01-17,27.010000228881836
2007-01-18,27.010000228881836
2007-01-19,27.049999237060547
2007-01-20,27.029998779296875
2007-01-21,27.149999618530273
2007-01-22,27.10999870300293
2007-01-23,26.799999237060547
2007-01-24,27.209999084472656
2007-01-25,27.51999855041504
2007-01-26,27.51999855041504
2007-01-27,27.3799991607666
2007-01-28,26.90999984741211
2007-01-29,26.510000228881836
2007-01-30,26.260000228881836
2007-01-31,26.01999855041504
2007-02-01,25.899999618530273
2007-02-02,25.420000076293945
2007-02-03,25.3799991607666
2007-02-04,25.299999237060547
2007-02-05,25.439998626708984
2007-02-06,25.849998474121094
2007-02-07,26.219999313354492
2007-02-08,26.25
2007-02-09,26.43000030517578
2007-02-10,26.34000015258789
2007-02-11,26.26999855041504
2007-02-12,26.670000076293945
2007-02-13,26.549999237060547
2007-02-14,26.399999618530273
2007-02-15,26.739999771118164
2007-02-16,26.969999313354492
2007-02-17,27.1299991607666
2007-02-18,27.369998931884766
2007-02-19,27.5
2007-02-20,27.60999870300293
2007-02-21,27.76999855041504
2007-02-22,27.849998474121094
2007-02-23,27.869998931884766
2007-02-24,27.989999771118164
2007-02-25,27.989999771118164
2007-02-26,28.09000015258789
2007-02-27,28.1299991607666
2007-02-28,28.079999923706055
2007-03-01,28.029998779296875
2007-03-02,28.219999313354492
2007-03-03,28.28999900817871
2007-03-04,28.03999900817871
2007-03-05,28.28999900817871
2007-03-06,28.529998779296875
2007-03-07,28.559999465942383
2007-03-08,28.529998779296875
2007-03-09,28.56999969482422
2007-03-10,28.8799991607666
2007-03-11,28.8799991607666
2007-03-12,28.760000228881836
2007-03-13,28.19999885559082
2007-03-14,28.709999084472656
2007-03-15,28.84000015258789
2007-03-16,29.010000228881836
2007-03-17,29.029998779296875
2007-03-18,28.849998474121094
2007-03-19,28.93000030517578
2007-03-20,29.03999900817871
2007-03-21,29.1299991607666
2007-03-22,29.1299991607666
2007-03-23,29.309999465942383
2007-03-24,29.439998626708984
2007-03-25,29.51999855041504
2007-03-26,29.529998779296875
2007-03-27,29.959999084472656
2007-03-28,29.94999885559082
2007-03-29,29.94999885559082
2007-03-30,30.349998474121094
2007-03-31,30.579999923706055
2007-04-01,30.309999465942383
2007-04-02,30.10999870300293
2007-04-03,30.099998474121094
2007-04-04,30.099998474121094
2007-04-05,30.15999984741211
2007-04-06,30.170000076293945
2007-04-07,30.170000076293945
2007-04-08,30.10999870300293
2007-04-09,30.239999771118164
2007-04-10,30.399999618530273
2007-04-11,30.42999839782715
2007-04-12,30.40999984741211
2007-04-13,30.34000015258789
2007-04-14,30.299999237060547
2007-04-15,30.34000015258789
2007-04-16,31.149999618530273
2007-04-17,31.299999237060547
2007-04-18,31.469999313354492
2007-04-19,31.639999389648438
2007-04-20,31.56999969482422
2007-04-21,31.40999984741211
2007-04-22,31.15999984741211
2007-04-23,31.010000228881836
2007-04-24,30.899999618530273
2007-04-25,30.76999855041504
2007-04-26,30.719999313354492
2007-04-27,30.689998626708984
2007-04-28,30.670000076293945
2007-04-29,30.649999618530273
2007-04-30,30.6299991607666
2007-05-01,30.619998931884766
2007-05-02,30.599998474121094
2007-05-03,30.59000015258789
2007-05-04,30.579999923706055
2007-05-05,30.56999969482422
2007-05-06,30.559999465942383
2007-05-07,29.76999855041504
2007-05-08,29.5
2007-05-09,29.479999542236328
2007-05-10,29.479999542236328
2007-05-11,29.489999771118164
2007-05-12,29.510000228881836
2007-05-13,29.53999900817871
2007-05-14,29.56999969482422
2007-05-15,29.599998474121094
2007-05-16,29.6299991607666
2007-05-17,29.619998931884766
2007-05-18,29.8799991607666
2007-05-19,30.029998779296875
2007-05-20,30.3799991607666
2007-05-21,30.510000228881836
2007-05-22,30.6299991607666
2007-05-23,30.829999923706055
2007-05-24,30.51999855041504
2007-05-25,30.329999923706055
2007-05-26,30.34000015258789
2007-05-27,30.309999465942383
2007-05-28,30.279998779296875
2007-05-29,30.25
2007-05-30,30.219999313354492
2007-05-31,30.189998626708984
2007-06-01,30.15999984741211
2007-06-02,30.1299991607666
2007-06-03,30.099998474121094
2007-06-04,30.06999969482422
2007-06-05,30.469999313354492
2007-06-06,31.03999900817871
2007-06-07,31.279998779296875
2007-06-08,31.189998626708984
2007-06-09,31.239999771118164
2007-06-10,31.889999389648438
2007-06-11,31.90999984741211
2007-06-12,31.809999465942383
2007-06-13,31.739999771118164
2007-06-14,31.670000076293945
2007-06-15,31.35999870300293
2007-06-16,31.19999885559082
2007-06-17,31.15999984741211
2007-06-18,31.099998474121094
2007-06-19,31.049999237060547
2007-06-20,30.989999771118164
2007-06-21,30.92999839782715
2007-06-22,30.939998626708984
2007-06-23,31.06999969482422
2007-06-24,31.170000076293945
2007-06-25,31.15999984741211
2007-06-26,31.099998474121094
2007-06-27,31.049999237060547
2007-06-28,31.0
2007-06-29,30.94999885559082
2007-06-30,30.889999389648438
2007-07-01,30.829999923706055
2007-07-02,30.779998779296875
2007-07-03,30.719999313354492
2007-07-04,30.670000076293945
2007-07-05,30.619998931884766
2007-07-06,30.579999923706055
2007-07-07,30.529998779296875
2007-07-08,30.479999542236328
2007-07-09,30.439998626708984
2007-07-10,30.389999389648438
2007-07-11,30.349998474121094
2007-07-12,30.299999237060547
2007-07-13,30.260000228881836
2007-07-14,30.219999313354492
2007-07-15,30.17999839782715
2007-07-16,30.139999389648438
2007-07-17,30.10999870300293
2007-07-18,30.079999923706055
2007-07-19,30.049999237060547
2007-07-20,30.01999855041504
2007-07-21,29.989999771118164
2007-07-22,29.959999084472656
2007-07-23,30.10999870300293
2007-07-24,30.15999984741211
2007-07-25,30.15999984741211
2007-07-26,30.139999389648438
2007-07-27,30.099998474121094
2007-07-28,30.06999969482422
2007-07-29,29.619998931884766
2007-07-30,29.40999984741211
2007-07-31,29.389999389648438
2007-08-01,29.369998931884766
2007-08-02,29.349998474121094
2007-08-03,29.34000015258789
2007-08-04,29.31999969482422
2007-08-05,29.309999465942383
2007-08-06,29.299999237060547
2007-08-07,29.279998779296875
2007-08-08,29.26999855041504
2007-08-09,29.260000228881836
2007-08-10,29.239999771118164
2007-08-11,29.229999542236328
2007-08-12,29.219999313354492
2007-08-13,29.209999084472656
2007-08-14,29.189998626708984
2007-08-15,29.17999839782715
2007-08-16,29.170000076293945
2007-08-17,29.15999984741211
2007-08-18,29.149999618530273
2007-08-19,29.92999839782715
2007-08-20,30.09000015258789
2007-08-21,30.09000015258789
2007-08-22,30.049999237060547
2007-08-23,30.01999855041504
2007-08-24,29.979999542236328
2007-08-25,29.939998626708984
2007-08-26,29.889999389648438
2007-08-27,29.84000015258789
2007-08-28,29.799999237060547
2007-08-29,29.760000228881836
2007-08-30,29.729999542236328
2007-08-31,29.69999885559082
2007-09-01,29.670000076293945
2007-09-02,29.639999389648438
2007-09-03,29.579999923706055
2007-09-04,29.3799991607666
2007-09-05,29.059999465942383
2007-09-06,28.979999542236328
2007-09-07,29.079999923706055
2007-09-08,29.19999885559082
2007-09-09,29.279998779296875
2007-09-10,29.329999923706055
2007-09-11,29.369998931884766
2007-09-12,29.389999389648438
2007-09-13,29.399999618530273
2007-09-14,29.40999984741211
2007-09-15,29.420000076293945
2007-09-16,29.42999839782715
2007-09-17,29.439998626708984
2007-09-18,29.44999885559082
2007-09-19,29.459999084472656
2007-09-20,29.469999313354492
2007-09-21,29.260000228881836
2007-09-22,29.439998626708984
2007-09-23,29.5
2007-09-24,29.60999870300293
2007-09-25,29.60999870300293
2007-09-26,29.60999870300293
2007-09-27,29.60999870300293
2007-09-28,29.599998474121094
2007-09-29,29.599998474121094
2007-09-30,29.599998474121094
2007-10-01,29.59000015258789
2007-10-02,29.59000015258789
2007-10-03,29.579999923706055
2007-10-04,29.579999923706055
2007-10-05,29.56999969482422
2007-10-06,29.56999969482422
2007-10-07,29.56999969482422
2007-10-08,29.559999465942383
2007-10-09,29.559999465942383
2007-10-10,29.549999237060547
2007-10-11,29.53999900817871
2007-10-12,29.529998779296875
2007-10-13,29.510000228881836
2007-10-14,29.5
2007-10-15,29.489999771118164
2007-10-16,29.479999542236328
2007-10-17,29.439998626708984
2007-10-18,29.399999618530273
2007-10-19,29.309999465942383
2007-10-20,29.0
2007-10-21,28.94999885559082
2007-10-22,28.93000030517578
2007-10-23,28.90999984741211
2007-10-24,28.889999389648438
2007-10-25,28.8799991607666
2007-10-26,28.85999870300293
2007-10-27,28.43000030517578
2007-10-28,28.65999984741211
2007-10-29,28.69999885559082
2007-10-30,28.059999465942383
2007-10-31,27.90999984741211
2007-11-01,28.09000015258789
2007-11-02,28.18000030517578
2007-11-03,28.51999855041504
2007-11-04,28.599998474121094
2007-11-05,28.399999618530273
2007-11-06,28.26999855041504
2007-11-07,28.219999313354492
2007-11-08,28.049999237060547
2007-11-09,27.969999313354492
2007-11-10,27.85999870300293
2007-11-11,27.899999618530273
2007-11-12,28.029998779296875
2007-11-13,27.90999984741211
2007-11-14,27.649999618530273
2007-11-15,27.69999885559082
2007-11-16,28.31999969482422
2007-11-17,28.579999923706055
2007-11-18,28.649999618530273
2007-11-19,28.670000076293945
2007-11-20,28.760000228881836
2007-11-21,28.010000228881836
2007-11-22,27.8799991607666
2007-11-23,27.94999885559082
2007-11-24,27.439998626708984
2007-11-25,27.18000030517578
2007-11-26,26.889999389648438
2007-11-27,26.76999855041504
2007-11-28,26.689998626708984
2007-11-29,26.529998779296875
2007-11-30,26.26999855041504
2007-12-01,26.15999984741211
2007-12-02,26.279998779296875
2007-12-03,26.399999618530273
2007-12-04,26.369998931884766
2007-12-05,26.18000030517578
2007-12-06,26.170000076293945
2007-12-07,26.399999618530273
2007-12-08,26.6299991607666
2007-12-09,26.729999542236328
2007-12-10,26.8799991607666
2007-12-11,26.90999984741211
2007-12-12,27.1299991607666
2007-12-13,27.309999465942383
2007-12-14,27.28999900817871
2007-12-15,26.739999771118164
2007-12-16,26.65999984741211
2007-12-17,27.329999923706055
2007-12-18,27.78999900817871
2007-12-19,28.029998779296875
2007-12-20,28.309999465942383
2007-12-21,28.56999969482422
2007-12-22,28.239999771118164
2007-12-23,28.19999885559082
2007-12-24,28.099998474121094
2007-12-25,28.529998779296875
2007-12-26,28.279998779296875
2007-12-27,28.099998474121094
2007-12-28,28.139999389648438
2007-12-29,28.059999465942383
2007-12-30,27.959999084472656
2007-12-31,27.969999313354492
2008-01-01,27.969999313354492
2008-01-02,26.53999900817871
2008-01-03,26.10999870300293
2008-01-04,26.209999084472656
2008-01-05,26.139999389648438
2008-01-06,26.1299991607666
2008-01-07,26.31999969482422
2008-01-08,26.40999984741211
2008-01-09,26.670000076293945
2008-01-10,26.939998626708984
2008-01-11,27.10999870300293
2008-01-12,27.219999313354492
2008-01-13,27.369998931884766
2008-01-14,27.099998474121094
2008-01-15,27.170000076293945
2008-01-16,27.029998779296875
2008-01-17,27.01999855041504
2008-01-18,27.099998474121094
2008-01-19,27.229999542236328
2008-01-20,27.56999969482422
2008-01-21,27.619998931884766
2008-01-22,27.65999984741211
2008-01-23,27.579999923706055
2008-01-24,27.299999237060547
2008-01-25,27.099998474121094
2008-01-26,26.979999542236328
2008-01-27,26.849998474121094
2008-01-28,27.35999870300293
2008-01-29,27.479999542236328
2008-01-30,27.559999465942383
2008-01-31,27.369998931884766
2008-02-01,27.059999465942383
2008-02-02,27.349998474121094
2008-02-03,27.56999969482422
2008-02-04,27.51999855041504
2008-02-05,27.51999855041504
2008-02-06,27.689998626708984
2008-02-07,27.869998931884766
2008-02-08,27.899999618530273
2008-02-09,27.849998474121094
2008-02-10,27.849998474121094
2008-02-11,27.959999084472656
2008-02-12,28.029998779296875
2008-02-13,27.979999542236328
2008-02-14,27.899999618530273
2008-02-15,27.90999984741211
2008-02-16,28.35999870300293
2008-02-17,28.420000076293945
2008-02-18,28.399999618530273
2008-02-19,28.03999900817871
2008-02-20,27.90999984741211
2008-02-21,27.689998626708984
2008-02-22,27.69999885559082
2008-02-23,27.719999313354492
2008-02-24,27.849998474121094
2008-02-25,28.029998779296875
2008-02-26,28.079999923706055
2008-02-27,28.119998931884766
2008-02-28,28.209999084472656
2008-02-29,28.229999542236328
2008-03-01,28.15999984741211
2008-03-02,28.559999465942383
2008-03-03,28.029998779296875
2008-03-04,27.81999969482422
2008-03-05,27.65999984741211
2008-03-06,27.59000015258789
2008-03-07,27.869998931884766
2008-03-08,28.219999313354492
2008-03-09,28.420000076293945
2008-03-10,28.389999389648438
2008-03-11,28.15999984741211
2008-03-12,28.28999900817871
2008-03-13,28.34000015258789
2008-03-14,28.349998474121094
2008-03-15,28.3799991607666
2008-03-16,28.670000076293945
2008-03-17,28.649999618530273
2008-03-18,28.599998474121094
2008-03-19,28.529998779296875
2008-03-20,28.59000015258789
2008-03-21,28.69999885559082
2008-03-22,28.719999313354492
2008-03-23,28.76999855041504
2008-03-24,28.489999771118164
2008-03-25,28.799999237060547
2008-03-26,29.189998626708984
2008-03-27,28.959999084472656
2008-03-28,28.90999984741211
2008-03-29,28.959999084472656
2008-03-30,29.25
2008-03-31,29.31999969482422
2008-04-01,29.279998779296875
2008-04-02,29.279998779296875
2008-04-03,29.69999885559082
2008-04-04,29.81999969482422
2008-04-05,29.84000015258789
2008-04-06,29.85999870300293
2008-04-07,29.260000228881836
2008-04-08,29.139999389648438
2008-04-09,29.420000076293945
2008-04-10,29.94999885559082
2008-04-11,30.09000015258789
2008-04-12,30.189998626708984
2008-04-13,30.170000076293945
2008-04-14,30.15999984741211
2008-04-15,30.15999984741211
2008-04-16,30.15999984741211
2008-04-17,30.149999618530273
2008-04-18,30.149999618530273
2008-04-19,30.119998931884766
2008-04-20,30.59000015258789
2008-04-21,30.8799991607666
2008-04-22,30.920000076293945
2008-04-23,30.899999618530273
2008-04-24,30.8799991607666
2008-04-25,30.85999870300293
2008-04-26,30.84000015258789
2008-04-27,30.829999923706055
2008-04-28,30.809999465942383
2008-04-29,30.799999237060547
2008-04-30,30.779998779296875
2008-05-01,30.76999855041504
2008-05-02,30.760000228881836
2008-05-03,30.760000228881836
2008-05-04,30.75
2008-05-05,29.849998474121094
2008-05-06,29.579999923706055
2008-05-07,29.56999969482422
2008-05-08,29.59000015258789
2008-05-09,29.619998931884766
2008-05-10,29.639999389648438
2008-05-11,29.65999984741211
2008-05-12,29.67999839782715
2008-05-13,29.709999084472656
2008-05-14,29.729999542236328
2008-05-15,29.75
2008-05-16,29.76999855041504
2008-05-17,29.76999855041504
2008-05-18,29.760000228881836
2008-05-19,29.670000076293945
2008-05-20,29.649999618530273
2008-05-21,29.60999870300293
2008-05-22,29.59000015258789
2008-05-23,29.56999969482422
2008-05-24,29.549999237060547
2008-05-25,29.529998779296875
2008-05-26,29.51999855041504
2008-05-27,29.5
2008-05-28,29.489999771118164
2008-05-29,29.479999542236328
2008-05-30,29.479999542236328
2008-05-31,29.459999084472656
2008-06-01,29.44999885559082
2008-06-02,29.439998626708984
2008-06-03,29.469999313354492
2008-06-04,29.60999870300293
2008-06-05,29.639999389648438
2008-06-06,29.60999870300293
2008-06-07,29.59000015258789
2008-06-08,29.56999969482422
2008-06-09,29.53999900817871
2008-06-10,29.59000015258789
2008-06-11,29.829999923706055
2008-06-12,29.869998931884766
2008-06-13,29.849998474121094
2008-06-14,29.81999969482422
2008-06-15,29.779998779296875
2008-06-16,29.760000228881836
2008-06-17,29.729999542236328
2008-06-18,29.709999084472656
2008-06-19,30.06999969482422
2008-06-20,30.079999923706055
2008-06-21,29.959999084472656
2008-06-22,29.90999984741211
2008-06-23,29.8799991607666
2008-06-24,29.829999923706055
2008-06-25,29.76999855041504
2008-06-26,29.489999771118164
2008-06-27,29.3799991607666
2008-06-28,29.35999870300293
2008-06-29,29.34000015258789
2008-06-30,29.309999465942383
2008-07-01,29.260000228881836
2008-07-02,29.189998626708984
2008-07-03,29.1299991607666
2008-07-04,29.079999923706055
2008-07-05,29.049999237060547
2008-07-06,29.06999969482422
2008-07-07,29.209999084472656
2008-07-08,29.19999885559082
2008-07-09,29.15999984741211
2008-07-10,29.469999313354492
2008-07-11,29.729999542236328
2008-07-12,29.75
2008-07-13,29.69999885559082
2008-07-14,29.619998931884766
2008-07-15,29.549999237060547
2008-07-16,29.5
2008-07-17,29.459999084472656
2008-07-18,29.420000076293945
2008-07-19,29.389999389648438
2008-07-20,29.35999870300293
2008-07-21,29.329999923706055
2008-07-22,29.329999923706055
2008-07-23,29.34000015258789
2008-07-24,29.059999465942383
2008-07-25,28.959999084472656
2008-07-26,28.93000030517578
2008-07-27,28.899999618530273
2008-07-28,28.8799991607666
2008-07-29,28.85999870300293
2008-07-30,28.84000015258789
2008-07-31,28.829999923706055
2008-08-01,28.809999465942383
2008-08-02,28.799999237060547
2008-08-03,28.78999900817871
2008-08-04,28.76999855041504
2008-08-05,28.760000228881836
2008-08-06,28.75
2008-08-07,28.739999771118164
2008-08-08,28.729999542236328
2008-08-09,28.719999313354492
2008-08-10,28.689998626708984
2008-08-11,28.60999870300293
2008-08-12,28.599998474121094
2008-08-13,29.170000076293945
2008-08-14,29.189998626708984
2008-08-15,29.239999771118164
2008-08-16,29.329999923706055
2008-08-17,29.26999855041504
2008-08-18,29.260000228881836
2008-08-19,29.25
2008-08-20,29.229999542236328
2008-08-21,29.170000076293945
2008-08-22,29.059999465942383
2008-08-23,29.049999237060547
2008-08-24,29.899999618530273
2008-08-25,30.489999771118164
2008-08-26,30.549999237060547
2008-08-27,30.489999771118164
2008-08-28,30.469999313354492
2008-08-29,30.479999542236328
2008-08-30,30.139999389648438
2008-08-31,29.959999084472656
2008-09-01,29.920000076293945
2008-09-02,29.8799991607666
2008-09-03,29.44999885559082
2008-09-04,29.28999900817871
2008-09-05,29.25
2008-09-06,29.19999885559082
2008-09-07,29.15999984741211
2008-09-08,29.059999465942383
2008-09-09,28.829999923706055
2008-09-10,28.760000228881836
2008-09-11,28.739999771118164
2008-09-12,28.719999313354492
2008-09-13,28.709999084472656
2008-09-14,28.689998626708984
2008-09-15,28.68000030517578
2008-09-16,28.68000030517578
2008-09-17,29.10999870300293
2008-09-18,29.420000076293945
2008-09-19,29.479999542236328
2008-09-20,29.309999465942383
2008-09-21,29.469999313354492
2008-09-22,29.649999618530273
2008-09-23,29.799999237060547
2008-09-24,29.78999900817871
2008-09-25,29.549999237060547
2008-09-26,29.34000015258789
2008-09-27,29.139999389648438
2008-09-28,28.959999084472656
2008-09-29,28.899999618530273
2008-09-30,28.8799991607666
2008-10-01,28.85999870300293
2008-10-02,28.799999237060547
2008-10-03,29.729999542236328
2008-10-04,29.69999885559082
2008-10-05,29.69999885559082
2008-10-06,29.559999465942383
2008-10-07,30.469999313354492
2008-10-08,30.869998931884766
2008-10-09,30.85999870300293
2008-10-10,30.739999771118164
2008-10-11,30.53999900817871
2008-10-12,30.69999885559082
2008-10-13,30.78999900817871
2008-10-14,30.60999870300293
2008-10-15,30.51999855041504
2008-10-16,30.399999618530273
2008-10-17,30.10999870300293
2008-10-18,30.149999618530273
2008-10-19,30.119998931884766
2008-10-20,30.049999237060547
2008-10-21,29.85999870300293
2008-10-22,29.709999084472656
2008-10-23,29.67999839782715
2008-10-24,29.67999839782715
2008-10-25,29.65999984741211
2008-10-26,29.6299991607666
2008-10-27,29.599998474121094
2008-10-28,29.579999923706055
2008-10-29,29.56999969482422
2008-10-30,29.599998474121094
2008-10-31,29.59000015258789
2008-11-01,29.559999465942383
2008-11-02,29.6299991607666
2008-11-03,29.670000076293945
2008-11-04,29.689998626708984
2008-11-05,29.69999885559082
2008-11-06,29.670000076293945
2008-11-07,29.639999389648438
2008-11-08,29.420000076293945
2008-11-09,29.420000076293945
2008-11-10,29.28999900817871
2008-11-11,29.25
2008-11-12,29.239999771118164
2008-11-13,29.19999885559082
2008-11-14,28.8799991607666
2008-11-15,28.5
2008-11-16,28.09000015258789
2008-11-17,27.619998931884766
2008-11-18,27.579999923706055
2008-11-19,27.619998931884766
2008-11-20,27.65999984741211
2008-11-21,27.599998474121094
2008-11-22,27.8799991607666
2008-11-23,28.09000015258789
2008-11-24,28.149999618530273
2008-11-25,28.219999313354492
2008-11-26,27.6299991607666
2008-11-27,27.51999855041504
2008-11-28,27.309999465942383
2008-11-29,26.979999542236328
2008-11-30,26.779998779296875
2008-12-01,26.439998626708984
2008-12-02,26.18000030517578
2008-12-03,26.170000076293945
2008-12-04,26.28999900817871
2008-12-05,26.35999870300293
2008-12-06,26.329999923706055
2008-12-07,26.279998779296875
2008-12-08,26.209999084472656
2008-12-09,26.260000228881836
2008-12-10,26.31999969482422
2008-12-11,26.03999900817871
2008-12-12,25.94999885559082
2008-12-13,26.079999923706055
2008-12-14,26.229999542236328
2008-12-15,26.099998474121094
2008-12-16,25.869998931884766
2008-12-17,25.899999618530273
2008-12-18,25.979999542236328
2008-12-19,25.939998626708984
2008-12-20,26.010000228881836
2008-12-21,25.94999885559082
2008-12-22,25.969999313354492
2008-12-23,26.15999984741211
2008-12-24,26.18000030517578
2008-12-25,26.079999923706055
2008-12-26,25.989999771118164
2008-12-27,26.03999900817871
2008-12-28,26.099998474121094
2008-12-29,26.139999389648438
2008-12-30,26.420000076293945
2008-12-31,26.44999885559082
2009-01-01,26.029998779296875
2009-01-02,25.670000076293945
2009-01-03,25.579999923706055
2009-01-04,25.56999969482422
2009-01-05,25.81999969482422
2009-01-06,25.979999542236328
2009-01-07,26.09000015258789
2009-01-08,25.959999084472656
2009-01-09,25.829999923706055
2009-01-10,25.399999618530273
2009-01-11,24.899999618530273
2009-01-12,24.739999771118164
2009-01-13,24.479999542236328
2009-01-14,24.350000381469727
2009-01-15,24.279998779296875
2009-01-16,24.219999313354492
2009-01-17,24.239999771118164
2009-01-18,24.439998626708984
2009-01-19,24.469999313354492
2009-01-20,24.809999465942383
2009-01-21,25.25
2009-01-22,25.26999855041504
2009-01-23,25.53999900817871
2009-01-24,25.56999969482422
2009-01-25,25.479999542236328
2009-01-26,25.649999618530273
2009-01-27,26.01999855041504
2009-01-28,26.139999389648438
2009-01-29,26.19999885559082
2009-01-30,26.25
2009-01-31,26.099998474121094
2009-02-01,26.029998779296875
2009-02-02,25.959999084472656
2009-02-03,26.389999389648438
2009-02-04,26.59000015258789
2009-02-05,26.68000030517578
2009-02-06,26.920000076293945
2009-02-07,27.279998779296875
2009-02-08,27.56999969482422
2009-02-09,27.78999900817871
2009-02-10,27.90999984741211
2009-02-11,28.06999969482422
2009-02-12,28.01999855041504
2009-02-13,27.849998474121094
2009-02-14,27.719999313354492
2009-02-15,27.599998474121094
2009-02-16,27.709999084472656
2009-02-17,28.170000076293945
2009-02-18,28.189998626708984
2009-02-19,28.26999855041504
2009-02-20,28.26999855041504
2009-02-21,28.09000015258789
2009-02-22,27.93000030517578
2009-02-23,28.229999542236328
2009-02-24,28.19999885559082
2009-02-25,28.329999923706055
2009-02-26,28.469999313354492
2009-02-27,28.479999542236328
2009-02-28,28.469999313354492
2009-03-01,28.469999313354492
2009-03-02,28.56999969482422
2009-03-03,28.60999870300293
2009-03-04,28.56999969482422
2009-03-05,28.579999923706055
2009-03-06,28.78999900817871
2009-03-07,28.81999969482422
2009-03-08,28.799999237060547
2009-03-09,28.779998779296875
2009-03-10,29.029998779296875
2009-03-11,29.079999923706055
2009-03-12,29.079999923706055
2009-03-13,29.06999969482422
2009-03-14,28.53999900817871
2009-03-15,28.469999313354492
2009-03-16,28.469999313354492
2009-03-17,28.53999900817871
2009-03-18,28.899999618530273
2009-03-19,29.09000015258789
2009-03-20,29.029998779296875
2009-03-21,29.149999618530273
2009-03-22,29.309999465942383
2009-03-23,29.549999237060547
2009-03-24,29.53999900817871
2009-03-25,29.67999839782715
2009-03-26,29.829999923706055
2009-03-27,29.829999923706055
2009-03-28,29.959999084472656
2009-03-29,29.939998626708984
2009-03-30,29.81999969482422
2009-03-31,29.76999855041504
2009-04-01,29.959999084472656
2009-04-02,30.09000015258789
2009-04-03,30.119998931884766
2009-04-04,30.459999084472656
2009-04-05,30.369998931884766
2009-04-06,29.989999771118164
2009-04-07,29.639999389648438
2009-04-08,29.709999084472656
2009-04-09,29.719999313354492
2009-04-10,29.719999313354492
2009-04-11,30.44999885559082
2009-04-12,30.459999084472656
2009-04-13,30.329999923706055
2009-04-14,30.17999839782715
2009-04-15,30.889999389648438
2009-04-16,31.209999084472656
2009-04-17,31.420000076293945
2009-04-18,31.439998626708984
2009-04-19,31.17999839782715
2009-04-20,31.079999923706055
2009-04-21,30.69999885559082
2009-04-22,30.469999313354492
2009-04-23,30.51999855041504
2009-04-24,30.34000015258789
2009-04-25,30.420000076293945
2009-04-26,30.420000076293945
2009-04-27,30.3799991607666
2009-04-28,30.34000015258789
2009-04-29,30.309999465942383
2009-04-30,30.25
2009-05-01,30.209999084472656
2009-05-02,30.189998626708984
2009-05-03,30.17999839782715
2009-05-04,30.170000076293945
2009-05-05,30.56999969482422
2009-05-06,31.149999618530273
2009-05-07,31.1299991607666
2009-05-08,30.599998474121094
2009-05-09,30.349998474121094
2009-05-10,30.34000015258789
2009-05-11,30.34000015258789
2009-05-12,30.349998474121094
2009-05-13,30.349998474121094
2009-05-14,30.35999870300293
2009-05-15,30.329999923706055
2009-05-16,30.279998779296875
2009-05-17,30.209999084472656
2009-05-18,30.459999084472656
2009-05-19,30.649999618530273
2009-05-20,30.639999389648438
2009-05-21,30.599998474121094
2009-05-22,30.599998474121094
2009-05-23,30.60999870300293
2009-05-24,30.599998474121094
2009-05-25,30.6299991607666
2009-05-26,30.649999618530273
2009-05-27,30.65999984741211
2009-05-28,30.65999984741211
2009-05-29,30.65999984741211
2009-05-30,30.529998779296875
2009-05-31,30.51999855041504
2009-06-01,30.529998779296875
2009-06-02,30.529998779296875
2009-06-03,30.469999313354492
2009-06-04,30.489999771118164
2009-06-05,30.349998474121094
2009-06-06,30.209999084472656
2009-06-07,30.369998931884766
2009-06-08,30.119998931884766
2009-06-09,29.8799991607666
2009-06-10,29.899999618530273
2009-06-11,29.44999885559082
2009-06-12,29.53999900817871
2009-06-13,29.94999885559082
2009-06-14,30.029998779296875
2009-06-15,30.119998931884766
2009-06-16,30.170000076293945
2009-06-17,30.189998626708984
2009-06-18,30.149999618530273
2009-06-19,30.119998931884766
2009-06-20,30.099998474121094
2009-06-21,30.079999923706055
2009-06-22,30.049999237060547
2009-06-23,29.78999900817871
2009-06-24,29.439998626708984
2009-06-25,29.479999542236328
2009-06-26,29.489999771118164
2009-06-27,30.260000228881836
2009-06-28,30.34000015258789
2009-06-29,30.329999923706055
2009-06-30,30.309999465942383
2009-07-01,30.34000015258789
2009-07-02,29.579999923706055
2009-07-03,28.849998474121094
2009-07-04,28.779998779296875
2009-07-05,28.969999313354492
2009-07-06,29.35999870300293
2009-07-07,29.60999870300293
2009-07-08,29.6299991607666
2009-07-09,29.65999984741211
2009-07-10,29.739999771118164
2009-07-11,29.85999870300293
2009-07-12,29.92999839782715
2009-07-13,29.959999084472656
2009-07-14,29.979999542236328
2009-07-15,30.01999855041504
2009-07-16,30.01999855041504
2009-07-17,29.989999771118164
2009-07-18,29.92999839782715
2009-07-19,29.869998931884766
2009-07-20,29.829999923706055
2009-07-21,29.799999237060547
2009-07-22,29.760000228881836
2009-07-23,29.729999542236328
2009-07-24,29.579999923706055
2009-07-25,29.510000228881836
2009-07-26,29.170000076293945
2009-07-27,29.03999900817871
2009-07-28,29.03999900817871
2009-07-29,29.17999839782715
2009-07-30,29.219999313354492
2009-07-31,29.26999855041504
2009-08-01,29.28999900817871
2009-08-02,29.26999855041504
2009-08-03,29.260000228881836
2009-08-04,29.26999855041504
2009-08-05,29.299999237060547
2009-08-06,29.349998474121094
2009-08-07,29.420000076293945
2009-08-08,29.469999313354492
2009-08-09,29.489999771118164
2009-08-10,29.5
2009-08-11,29.529998779296875
2009-08-12,29.59000015258789
2009-08-13,29.779998779296875
2009-08-14,29.849998474121094
2009-08-15,29.849998474121094
2009-08-16,29.84000015258789
2009-08-17,29.969999313354492
2009-08-18,30.149999618530273
2009-08-19,30.189998626708984
2009-08-20,30.299999237060547
2009-08-21,30.420000076293945
2009-08-22,30.44999885559082
2009-08-23,30.510000228881836
2009-08-24,30.510000228881836
2009-08-25,30.28999900817871
2009-08-26,30.139999389648438
2009-08-27,30.17999839782715
2009-08-28,30.209999084472656
2009-08-29,30.189998626708984
2009-08-30,30.19999885559082
2009-08-31,30.279998779296875
2009-09-01,30.349998474121094
2009-09-02,30.389999389648438
2009-09-03,30.329999923706055
2009-09-04,30.09000015258789
2009-09-05,30.049999237060547
2009-09-06,30.06999969482422
2009-09-07,30.079999923706055
2009-09-08,30.099998474121094
2009-09-09,30.09000015258789
2009-09-10,29.760000228881836
2009-09-11,29.90999984741211
2009-09-12,30.139999389648438
2009-09-13,30.17999839782715
2009-09-14,30.19999885559082
2009-09-15,30.279998779296875
2009-09-16,30.349998474121094
2009-09-17,30.40999984741211
2009-09-18,29.8799991607666
2009-09-19,29.349998474121094
2009-09-20,29.889999389648438
2009-09-21,30.239999771118164
2009-09-22,29.920000076293945
2009-09-23,29.8799991607666
2009-09-24,29.899999618530273
2009-09-25,30.099998474121094
2009-09-26,30.17999839782715
2009-09-27,30.17999839782715
2009-09-28,30.219999313354492
2009-09-29,30.209999084472656
2009-09-30,30.15999984741211
2009-10-01,30.010000228881836
2009-10-02,29.139999389648438
2009-10-03,28.510000228881836
2009-10-04,28.670000076293945
2009-10-05,28.75
2009-10-06,28.979999542236328
2009-10-07,29.029998779296875
2009-10-08,29.01999855041504
2009-10-09,29.010000228881836
2009-10-10,29.0
2009-10-11,28.989999771118164
2009-10-12,28.979999542236328
2009-10-13,29.029998779296875
2009-10-14,29.639999389648438
2009-10-15,29.94999885559082
2009-10-16,29.67999839782715
2009-10-17,29.369998931884766
2009-10-18,29.34000015258789
2009-10-19,29.67999839782715
2009-10-20,29.739999771118164
2009-10-21,29.260000228881836
2009-10-22,28.979999542236328
2009-10-23,28.93000030517578
2009-10-24,29.059999465942383
2009-10-25,29.639999389648438
2009-10-26,30.079999923706055
2009-10-27,30.149999618530273
2009-10-28,30.170000076293945
2009-10-29,30.170000076293945
2009-10-30,30.25
2009-10-31,30.049999237060547
2009-11-01,29.92999839782715
2009-11-02,29.899999618530273
2009-11-03,28.439998626708984
2009-11-04,28.260000228881836
2009-11-05,28.079999923706055
2009-11-06,27.959999084472656
2009-11-07,28.06999969482422
2009-11-08,28.829999923706055
2009-11-09,29.17999839782715
2009-11-10,29.309999465942383
2009-11-11,29.42999839782715
2009-11-12,29.53999900817871
2009-11-13,29.84000015258789
2009-11-14,29.920000076293945
2009-11-15,29.809999465942383
2009-11-16,29.739999771118164
2009-11-17,28.939998626708984
2009-11-18,28.579999923706055
2009-11-19,28.299999237060547
2009-11-20,27.989999771118164
2009-11-21,28.139999389648438
2009-11-22,27.90999984741211
2009-11-23,27.40999984741211
2009-11-24,27.229999542236328
2009-11-25,27.079999923706055
2009-11-26,27.219999313354492
2009-11-27,27.399999618530273
2009-11-28,27.389999389648438
2009-11-29,27.399999618530273
2009-11-30,27.599998474121094
2009-12-01,27.469999313354492
2009-12-02,27.35999870300293
2009-12-03,27.3799991607666
2009-12-04,27.28999900817871
2009-12-05,27.099998474121094
2009-12-06,26.959999084472656
2009-12-07,26.969999313354492
2009-12-08,27.1299991607666
2009-12-09,27.31999969482422
2009-12-10,27.75
2009-12-11,27.84000015258789
2009-12-12,27.849998474121094
2009-12-13,27.90999984741211
2009-12-14,27.939998626708984
2009-12-15,28.149999618530273
2009-12-16,28.439998626708984
2009-12-17,28.599998474121094
2009-12-18,28.739999771118164
2009-12-19,28.53999900817871
2009-12-20,28.15999984741211
2009-12-21,28.0
2009-12-22,27.849998474121094
2009-12-23,27.869998931884766
2009-12-24,27.849998474121094
2009-12-25,28.059999465942383
2009-12-26,28.239999771118164
2009-12-27,28.28999900817871
2009-12-28,28.35999870300293
2009-12-29,28.309999465942383
2009-12-30,28.10999870300293
2009-12-31,28.059999465942383
2010-01-01,28.31999969482422
2010-01-02,28.40999984741211
2010-01-03,28.389999389648438
2010-01-04,28.279998779296875
2010-01-05,28.31999969482422
2010-01-06,28.279998779296875
2010-01-07,28.349998474121094
2010-01-08,28.1299991607666
2010-01-09,28.26999855041504
2010-01-10,28.510000228881836
2010-01-11,28.599998474121094
2010-01-12,28.459999084472656
2010-01-13,28.3799991607666
2010-01-14,28.329999923706055
2010-01-15,28.25
2010-01-16,28.19999885559082
2010-01-17,27.969999313354492
2010-01-18,27.869998931884766
2010-01-19,28.170000076293945
2010-01-20,28.149999618530273
2010-01-21,27.85999870300293
2010-01-22,27.59000015258789
2010-01-23,27.369998931884766
2010-01-24,27.93000030517578
2010-01-25,28.18000030517578
2010-01-26,28.09000015258789
2010-01-27,28.559999465942383
2010-01-28,29.309999465942383
2010-01-29,28.65999984741211
2010-01-30,28.309999465942383
2010-01-31,28.299999237060547
2010-02-01,28.229999542236328
2010-02-02,28.19999885559082
2010-02-03,28.329999923706055
2010-02-04,28.51999855041504
2010-02-05,28.599998474121094
2010-02-06,28.51999855041504
2010-02-07,28.549999237060547
2010-02-08,28.479999542236328
2010-02-09,28.559999465942383
2010-02-10,28.3799991607666
2010-02-11,28.459999084472656
2010-02-12,28.6299991607666
2010-02-13,28.59000015258789
2010-02-14,28.559999465942383
2010-02-15,28.6299991607666
2010-02-16,28.579999923706055
2010-02-17,28.649999618530273
2010-02-18,28.739999771118164
2010-02-19,28.719999313354492
2010-02-20,28.69999885559082
2010-02-21,28.85999870300293
2010-02-22,28.84000015258789
2010-02-23,28.959999084472656
2010-02-24,29.239999771118164
2010-02-25,29.51999855041504
2010-02-26,29.399999618530273
2010-02-27,29.459999084472656
2010-02-28,29.299999237060547
2010-03-01,29.119998931884766
2010-03-02,29.25
2010-03-03,29.420000076293945
2010-03-04,29.459999084472656
2010-03-05,29.56999969482422
2010-03-06,29.599998474121094
2010-03-07,29.6299991607666
2010-03-08,29.67999839782715
2010-03-09,29.65999984741211
2010-03-10,29.03999900817871
2010-03-11,28.969999313354492
2010-03-12,29.19999885559082
2010-03-13,29.369998931884766
2010-03-14,29.459999084472656
2010-03-15,29.559999465942383
2010-03-16,29.349998474121094
2010-03-17,29.260000228881836
2010-03-18,29.53999900817871
2010-03-19,29.65999984741211
2010-03-20,29.719999313354492
2010-03-21,29.729999542236328
2010-03-22,29.670000076293945
2010-03-23,29.760000228881836
2010-03-24,29.920000076293945
2010-03-25,30.059999465942383
2010-03-26,30.029998779296875
2010-03-27,29.420000076293945
2010-03-28,29.599998474121094
2010-03-29,29.459999084472656
2010-03-30,27.94999885559082
2010-03-31,28.279998779296875
2010-04-01,29.53999900817871
2010-04-02,29.84000015258789
2010-04-03,29.81999969482422
2010-04-04,29.969999313354492
2010-04-05,30.219999313354492
2010-04-06,30.3799991607666
2010-04-07,30.399999618530273
2010-04-08,30.329999923706055
2010-04-09,30.26999855041504
2010-04-10,30.309999465942383
2010-04-11,30.309999465942383
2010-04-12,30.389999389648438
2010-04-13,30.53999900817871
2010-04-14,30.3799991607666
2010-04-15,30.78999900817871
2010-04-16,30.92999839782715
2010-04-17,30.899999618530273
2010-04-18,30.899999618530273
2010-04-19,30.899999618530273
2010-04-20,30.689998626708984
2010-04-21,30.529998779296875
2010-04-22,30.639999389648438
2010-04-23,30.65999984741211
2010-04-24,30.639999389648438
2010-04-25,30.670000076293945
2010-04-26,31.049999237060547
2010-04-27,31.119998931884766
2010-04-28,31.239999771118164
2010-04-29,31.25
2010-04-30,31.219999313354492
2010-05-01,31.01999855041504
2010-05-02,31.010000228881836
2010-05-03,31.029998779296875
2010-05-04,31.029998779296875
2010-05-05,31.010000228881836
2010-05-06,31.459999084472656
2010-05-07,31.559999465942383
2010-05-08,31.329999923706055
2010-05-09,31.389999389648438
2010-05-10,31.459999084472656
2010-05-11,31.59000015258789
2010-05-12,31.6299991607666
2010-05-13,31.60999870300293
2010-05-14,31.59000015258789
2010-05-15,31.56999969482422
2010-05-16,31.53999900817871
2010-05-17,31.489999771118164
2010-05-18,31.439998626708984
2010-05-19,31.399999618530273
2010-05-20,31.349998474121094
2010-05-21,31.299999237060547
2010-05-22,31.260000228881836
2010-05-23,31.209999084472656
2010-05-24,31.170000076293945
2010-05-25,31.139999389648438
2010-05-26,31.149999618530273
2010-05-27,31.119998931884766
2010-05-28,31.079999923706055
2010-05-29,31.03999900817871
2010-05-30,31.0
2010-05-31,30.959999084472656
2010-06-01,30.92999839782715
2010-06-02,30.889999389648438
2010-06-03,30.849998474121094
2010-06-04,30.81999969482422
2010-06-05,30.78999900817871
2010-06-06,30.75
2010-06-07,30.719999313354492
2010-06-08,30.689998626708984
2010-06-09,30.649999618530273
2010-06-10,30.619998931884766
2010-06-11,30.59000015258789
2010-06-12,30.559999465942383
2010-06-13,30.529998779296875
2010-06-14,30.489999771118164
2010-06-15,30.459999084472656
2010-06-16,30.420000076293945
2010-06-17,30.3799991607666
2010-06-18,30.349998474121094
2010-06-19,30.309999465942383
2010-06-20,30.279998779296875
2010-06-21,30.239999771118164
2010-06-22,30.209999084472656
2010-06-23,30.170000076293945
2010-06-24,30.139999389648438
2010-06-25,30.10999870300293
2010-06-26,30.079999923706055
2010-06-27,30.049999237060547
2010-06-28,30.01999855041504
2010-06-29,29.989999771118164
2010-06-30,29.959999084472656
2010-07-01,29.92999839782715
2010-07-02,29.899999618530273
2010-07-03,29.869998931884766
2010-07-04,29.84000015258789
2010-07-05,30.25
2010-07-06,30.389999389648438
2010-07-07,30.670000076293945
2010-07-08,30.939998626708984
2010-07-09,30.979999542236328
2010-07-10,31.219999313354492
2010-07-11,31.229999542236328
2010-07-12,31.17999839782715
2010-07-13,31.119998931884766
2010-07-14,31.06999969482422
2010-07-15,31.010000228881836
2010-07-16,30.959999084472656
2010-07-17,30.920000076293945
2010-07-18,30.899999618530273
2010-07-19,30.85999870300293
2010-07-20,30.65999984741211
2010-07-21,30.619998931884766
2010-07-22,30.60999870300293
2010-07-23,30.56999969482422
2010-07-24,30.529998779296875
2010-07-25,30.489999771118164
2010-07-26,30.44999885559082
2010-07-27,30.349998474121094
2010-07-28,30.3799991607666
2010-07-29,30.34000015258789
2010-07-30,30.299999237060547
2010-07-31,30.260000228881836
2010-08-01,30.229999542236328
2010-08-02,30.189998626708984
2010-08-03,30.15999984741211
2010-08-04,30.139999389648438
2010-08-05,30.10999870300293
2010-08-06,30.06999969482422
2010-08-07,30.03999900817871
2010-08-08,30.010000228881836
2010-08-09,29.979999542236328
2010-08-10,29.94999885559082
2010-08-11,29.920000076293945
2010-08-12,29.889999389648438
2010-08-13,29.85999870300293
2010-08-14,29.81999969482422
2010-08-15,29.729999542236328
2010-08-16,29.619998931884766
2010-08-17,29.59000015258789
2010-08-18,29.53999900817871
2010-08-19,29.489999771118164
2010-08-20,29.420000076293945
2010-08-21,29.3799991607666
2010-08-22,29.35999870300293
2010-08-23,29.42999839782715
2010-08-24,29.619998931884766
2010-08-25,29.689998626708984
2010-08-26,30.1299991607666
2010-08-27,30.5
2010-08-28,30.53999900817871
2010-08-29,30.479999542236328
2010-08-30,30.420000076293945
2010-08-31,30.369998931884766
2010-09-01,30.31999969482422
2010-09-02,30.26999855041504
2010-09-03,30.219999313354492
2010-09-04,30.17999839782715
2010-09-05,30.1299991607666
2010-09-06,29.599998474121094
2010-09-07,29.489999771118164
2010-09-08,29.44999885559082
2010-09-09,29.420000076293945
2010-09-10,29.3799991607666
2010-09-11,29.34000015258789
2010-09-12,29.299999237060547
2010-09-13,29.26999855041504
2010-09-14,29.239999771118164
2010-09-15,29.209999084472656
2010-09-16,29.189998626708984
2010-09-17,29.17999839782715
2010-09-18,29.53999900817871
2010-09-19,29.76999855041504
2010-09-20,30.239999771118164
2010-09-21,30.309999465942383
2010-09-22,30.25
2010-09-23,30.19999885559082
2010-09-24,30.149999618530273
2010-09-25,30.10999870300293
2010-09-26,30.079999923706055
2010-09-27,30.03999900817871
2010-09-28,30.010000228881836
2010-09-29,29.81999969482422
2010-09-30,29.549999237060547
2010-10-01,29.489999771118164
2010-10-02,29.479999542236328
2010-10-03,29.469999313354492
2010-10-04,29.459999084472656
2010-10-05,29.44999885559082
2010-10-06,29.44999885559082
2010-10-07,29.439998626708984
2010-10-08,29.439998626708984
2010-10-09,29.439998626708984
2010-10-10,29.42999839782715
2010-10-11,29.42999839782715
2010-10-12,29.42999839782715
2010-10-13,29.420000076293945
2010-10-14,29.420000076293945
2010-10-15,29.420000076293945
2010-10-16,29.479999542236328
2010-10-17,29.639999389648438
2010-10-18,29.5
2010-10-19,29.739999771118164
2010-10-20,29.78999900817871
2010-10-21,29.67999839782715
2010-10-22,29.689998626708984
2010-10-23,29.76999855041504
2010-10-24,29.829999923706055
2010-10-25,29.799999237060547
2010-10-26,29.779998779296875
2010-10-27,29.85999870300293
2010-10-28,29.619998931884766
2010-10-29,29.309999465942383
2010-10-30,29.28999900817871
2010-10-31,28.579999923706055
2010-11-01,28.06999969482422
2010-11-02,27.81999969482422
2010-11-03,27.85999870300293
2010-11-04,27.889999389648438
2010-11-05,27.81999969482422
2010-11-06,27.639999389648438
2010-11-07,27.579999923706055
2010-11-08,27.760000228881836
2010-11-09,27.84000015258789
2010-11-10,27.8799991607666
2010-11-11,27.889999389648438
2010-11-12,27.81999969482422
2010-11-13,27.899999618530273
2010-11-14,27.939998626708984
2010-11-15,27.809999465942383
2010-11-16,27.670000076293945
2010-11-17,27.809999465942383
2010-11-18,28.010000228881836
2010-11-19,28.219999313354492
2010-11-20,28.760000228881836
2010-11-21,29.19999885559082
2010-11-22,29.149999618530273
2010-11-23,29.510000228881836
2010-11-24,29.489999771118164
2010-11-25,29.26999855041504
2010-11-26,28.959999084472656
2010-11-27,28.719999313354492
2010-11-28,28.5
2010-11-29,28.439998626708984
2010-11-30,28.559999465942383
2010-12-01,27.979999542236328
2010-12-02,27.639999389648438
2010-12-03,27.81999969482422
2010-12-04,28.0
2010-12-05,28.010000228881836
2010-12-06,27.68000030517578
2010-12-07,27.6299991607666
2010-12-08,27.53999900817871
2010-12-09,27.59000015258789
2010-12-10,27.559999465942383
2010-12-11,27.219999313354492
2010-12-12,27.399999618530273
2010-12-13,28.239999771118164
2010-12-14,28.529998779296875
2010-12-15,28.510000228881836
2010-12-16,28.51999855041504
2010-12-17,28.44999885559082
2010-12-18,27.779998779296875
2010-12-19,27.399999618530273
2010-12-20,27.170000076293945
2010-12-21,27.219999313354492
2010-12-22,27.639999389648438
2010-12-23,28.209999084472656
2010-12-24,28.260000228881836
2010-12-25,28.059999465942383
2010-12-26,27.75
2010-12-27,27.479999542236328
2010-12-28,27.28999900817871
2010-12-29,26.56999969482422
2010-12-30,26.599998474121094
2010-12-31,26.81999969482422
2011-01-01,26.94999885559082
2011-01-02,27.029998779296875
2011-01-03,26.93000030517578
2011-01-04,26.979999542236328
2011-01-05,27.349998474121094
2011-01-06,27.5
2011-01-07,27.309999465942383
2011-01-08,27.349998474121094
2011-01-09,27.53999900817871
2011-01-10,27.399999618530273
2011-01-11,26.689998626708984
2011-01-12,26.599998474121094
2011-01-13,26.51999855041504
2011-01-14,26.639999389648438
2011-01-15,26.65999984741211
2011-01-16,26.229999542236328
2011-01-17,25.8799991607666
2011-01-18,25.829999923706055
2011-01-19,26.049999237060547
2011-01-20,26.10999870300293
2011-01-21,26.049999237060547
2011-01-22,26.260000228881836
2011-01-23,26.76999855041504
2011-01-24,26.899999618530273
2011-01-25,26.920000076293945
2011-01-26,27.06999969482422
2011-01-27,27.239999771118164
2011-01-28,27.19999885559082
2011-01-29,26.849998474121094
2011-01-30,26.529998779296875
2011-01-31,26.35999870300293
2011-02-01,26.34000015258789
2011-02-02,26.329999923706055
2011-02-03,26.239999771118164
2011-02-04,26.639999389648438
2011-02-05,27.06999969482422
2011-02-06,26.979999542236328
2011-02-07,26.829999923706055
2011-02-08,26.93000030517578
2011-02-09,27.06999969482422
2011-02-10,27.260000228881836
2011-02-11,27.579999923706055
2011-02-12,27.549999237060547
2011-02-13,27.43000030517578
2011-02-14,27.099998474121094
2011-02-15,27.94999885559082
2011-02-16,28.079999923706055
2011-02-17,28.079999923706055
2011-02-18,28.15999984741211
2011-02-19,28.35999870300293
2011-02-20,28.389999389648438
2011-02-21,28.59000015258789
2011-02-22,28.549999237060547
2011-02-23,28.51999855041504
2011-02-24,28.299999237060547
2011-02-25,28.260000228881836
2011-02-26,28.559999465942383
2011-02-27,28.649999618530273
2011-02-28,28.869998931884766
2011-03-01,28.989999771118164
2011-03-02,29.1299991607666
2011-03-03,29.219999313354492
2011-03-04,29.239999771118164
2011-03-05,29.189998626708984
2011-03-06,29.369998931884766
2011-03-07,29.469999313354492
2011-03-08,29.399999618530273
2011-03-09,29.099998474121094
2011-03-10,29.03999900817871
2011-03-11,29.10999870300293
2011-03-12,29.209999084472656
2011-03-13,29.56999969482422
2011-03-14,29.619998931884766
2011-03-15,29.53999900817871
2011-03-16,29.529998779296875
2011-03-17,28.059999465942383
2011-03-18,27.40999984741211
2011-03-19,27.439998626708984
2011-03-20,27.78999900817871
2011-03-21,27.84000015258789
2011-03-22,27.899999618530273
2011-03-23,27.969999313354492
2011-03-24,28.029998779296875
2011-03-25,28.09000015258789
2011-03-26,28.149999618530273
2011-03-27,28.209999084472656
2011-03-28,28.26999855041504
2011-03-29,28.31999969482422
2011-03-30,28.3799991607666
2011-03-31,28.119998931884766
2011-04-01,27.719999313354492
2011-04-02,27.619998931884766
2011-04-03,27.510000228881836
2011-04-04,27.389999389648438
2011-04-05,27.75
2011-04-06,27.78999900817871
2011-04-07,27.81999969482422
2011-04-08,27.81999969482422
2011-04-09,28.03999900817871
2011-04-10,28.489999771118164
2011-04-11,28.599998474121094
2011-04-12,28.51999855041504
2011-04-13,28.1299991607666
2011-04-14,28.299999237060547
2011-04-15,28.399999618530273
2011-04-16,28.56999969482422
2011-04-17,28.809999465942383
2011-04-18,28.479999542236328
2011-04-19,28.51999855041504
2011-04-20,28.889999389648438
2011-04-21,28.60999870300293
2011-04-22,28.44999885559082
2011-04-23,28.260000228881836
2011-04-24,28.059999465942383
2011-04-25,28.099998474121094
2011-04-26,29.329999923706055
2011-04-27,29.760000228881836
2011-04-28,29.809999465942383
2011-04-29,29.779998779296875
2011-04-30,29.76999855041504
2011-05-01,29.979999542236328
2011-05-02,30.0
2011-05-03,29.989999771118164
2011-05-04,29.989999771118164
2011-05-05,29.989999771118164
2011-05-06,30.010000228881836
2011-05-07,30.010000228881836
2011-05-08,30.01999855041504
2011-05-09,30.01999855041504
2011-05-10,30.029998779296875
2011-05-11,30.03999900817871
2011-05-12,30.049999237060547
2011-05-13,30.059999465942383
2011-05-14,30.06999969482422
2011-05-15,30.06999969482422
2011-05-16,30.170000076293945
2011-05-17,30.229999542236328
2011-05-18,30.260000228881836
2011-05-19,31.389999389648438
2011-05-20,31.579999923706055
2011-05-21,31.599998474121094
2011-05-22,31.549999237060547
2011-05-23,31.5
2011-05-24,31.439998626708984
2011-05-25,31.369998931884766
2011-05-26,31.260000228881836
2011-05-27,31.19999885559082
2011-05-28,31.149999618530273
2011-05-29,31.209999084472656
2011-05-30,31.51999855041504
2011-05-31,31.619998931884766
2011-06-01,31.76999855041504
2011-06-02,31.8799991607666
2011-06-03,31.94999885559082
2011-06-04,32.0099983215332
2011-06-05,32.16999816894531
2011-06-06,32.13999938964844
2011-06-07,32.05999755859375
2011-06-08,31.689998626708984
2011-06-09,31.309999465942383
2011-06-10,31.149999618530273
2011-06-11,31.079999923706055
2011-06-12,31.010000228881836
2011-06-13,30.94999885559082
2011-06-14,30.889999389648438
2011-06-15,30.099998474121094
2011-06-16,29.969999313354492
2011-06-17,29.92999839782715
2011-06-18,29.03999900817871
2011-06-19,28.78999900817871
2011-06-20,29.170000076293945
2011-06-21,29.56999969482422
2011-06-22,29.510000228881836
2011-06-23,29.479999542236328
2011-06-24,29.44999885559082
2011-06-25,29.42999839782715
2011-06-26,29.399999618530273
2011-06-27,29.60999870300293
2011-06-28,29.649999618530273
2011-06-29,29.6299991607666
2011-06-30,29.599998474121094
2011-07-01,29.579999923706055
2011-07-02,29.549999237060547
2011-07-03,29.549999237060547
2011-07-04,29.599998474121094
2011-07-05,29.59000015258789
2011-07-06,29.559999465942383
2011-07-07,30.049999237060547
2011-07-08,30.189998626708984
2011-07-09,30.19999885559082
2011-07-10,30.139999389648438
2011-07-11,30.079999923706055
2011-07-12,29.989999771118164
2011-07-13,29.939998626708984
2011-07-14,29.899999618530273
2011-07-15,29.85999870300293
2011-07-16,29.670000076293945
2011-07-17,29.549999237060547
2011-07-18,29.51999855041504
2011-07-19,29.5
2011-07-20,29.479999542236328
2011-07-21,29.459999084472656
2011-07-22,29.119998931884766
2011-07-23,28.899999618530273
2011-07-24,28.90999984741211
2011-07-25,28.920000076293945
2011-07-26,29.06999969482422
2011-07-27,29.209999084472656
2011-07-28,29.229999542236328
2011-07-29,29.209999084472656
2011-07-30,29.15999984741211
2011-07-31,29.079999923706055
2011-08-01,29.03999900817871
2011-08-02,29.1299991607666
2011-08-03,29.31999969482422
2011-08-04,29.579999923706055
2011-08-05,29.649999618530273
2011-08-06,29.889999389648438
2011-08-07,29.920000076293945
2011-08-08,29.869998931884766
2011-08-09,29.799999237060547
2011-08-10,29.739999771118164
2011-08-11,29.689998626708984
2011-08-12,29.639999389648438
2011-08-13,29.59000015258789
2011-08-14,29.549999237060547
2011-08-15,29.5
2011-08-16,29.469999313354492
2011-08-17,29.42999839782715
2011-08-18,29.389999389648438
2011-08-19,29.349998474121094
2011-08-20,29.309999465942383
2011-08-21,29.279998779296875
2011-08-22,29.84000015258789
2011-08-23,30.079999923706055
2011-08-24,30.09000015258789
2011-08-25,30.049999237060547
2011-08-26,30.03999900817871
2011-08-27,30.09000015258789
2011-08-28,30.059999465942383
2011-08-29,30.010000228881836
2011-08-30,29.969999313354492
2011-08-31,29.92999839782715
2011-09-01,29.939998626708984
2011-09-02,29.939998626708984
2011-09-03,29.689998626708984
2011-09-04,29.309999465942383
2011-09-05,29.28999900817871
2011-09-06,29.299999237060547
2011-09-07,29.260000228881836
2011-09-08,29.239999771118164
2011-09-09,29.209999084472656
2011-09-10,29.189998626708984
2011-09-11,29.15999984741211
2011-09-12,28.760000228881836
2011-09-13,28.53999900817871
2011-09-14,28.510000228881836
2011-09-15,28.529998779296875
2011-09-16,28.53999900817871
2011-09-17,28.549999237060547
2011-09-18,28.549999237060547
2011-09-19,28.549999237060547
2011-09-20,28.53999900817871
2011-09-21,28.529998779296875
2011-09-22,28.59000015258789
2011-09-23,28.689998626708984
2011-09-24,28.399999618530273
2011-09-25,28.309999465942383
2011-09-26,28.309999465942383
2011-09-27,28.349998474121094
2011-09-28,28.369998931884766
2011-09-29,28.3799991607666
2011-09-30,28.399999618530273
2011-10-01,28.420000076293945
2011-10-02,28.43000030517578
2011-10-03,28.44999885559082
2011-10-04,28.469999313354492
2011-10-05,28.489999771118164
2011-10-06,28.510000228881836
2011-10-07,28.53999900817871
2011-10-08,28.559999465942383
2011-10-09,28.579999923706055
2011-10-10,28.599998474121094
2011-10-11,28.0
2011-10-12,28.01999855041504
2011-10-13,28.049999237060547
2011-10-14,28.09000015258789
2011-10-15,28.119998931884766
2011-10-16,28.369998931884766
2011-10-17,28.349998474121094
2011-10-18,28.389999389648438
2011-10-19,28.59000015258789
2011-10-20,28.599998474121094
2011-10-21,28.709999084472656
2011-10-22,28.739999771118164
2011-10-23,29.299999237060547
2011-10-24,29.760000228881836
2011-10-25,29.469999313354492
2011-10-26,28.639999389648438
2011-10-27,28.689998626708984
2011-10-28,29.149999618530273
2011-10-29,29.51999855041504
2011-10-30,29.599998474121094
2011-10-31,29.6299991607666
2011-11-01,29.349998474121094
2011-11-02,29.049999237060547
2011-11-03,29.349998474121094
2011-11-04,29.44999885559082
2011-11-05,29.06999969482422
2011-11-06,28.979999542236328
2011-11-07,29.479999542236328
2011-11-08,29.459999084472656
2011-11-09,29.19999885559082
2011-11-10,29.06999969482422
2011-11-11,28.93000030517578
2011-11-12,28.939998626708984
2011-11-13,28.959999084472656
2011-11-14,29.219999313354492
2011-11-15,29.079999923706055
2011-11-16,29.059999465942383
2011-11-17,29.1299991607666
2011-11-18,29.309999465942383
2011-11-19,29.53999900817871
2011-11-20,29.299999237060547
2011-11-21,28.989999771118164
2011-11-22,28.75
2011-11-23,28.889999389648438
2011-11-24,28.689998626708984
2011-11-25,28.35999870300293
2011-11-26,28.34000015258789
2011-11-27,28.56999969482422
2011-11-28,28.399999618530273
2011-11-29,28.899999618530273
2011-11-30,29.670000076293945
2011-12-01,29.469999313354492
2011-12-02,29.10999870300293
2011-12-03,28.75
2011-12-04,28.719999313354492
2011-12-05,28.619998931884766
2011-12-06,28.35999870300293
2011-12-07,28.34000015258789
2011-12-08,28.329999923706055
2011-12-09,27.81999969482422
2011-12-10,27.60999870300293
2011-12-11,27.239999771118164
2011-12-12,26.760000228881836
2011-12-13,26.35999870300293
2011-12-14,25.84000015258789
2011-12-15,25.760000228881836
2011-12-16,26.10999870300293
2011-12-17,26.299999237060547
2011-12-18,26.31999969482422
2011-12-19,26.229999542236328
2011-12-20,26.139999389648438
2011-12-21,26.18000030517578
2011-12-22,26.40999984741211
2011-12-23,26.649999618530273
2011-12-24,26.479999542236328
2011-12-25,26.26999855041504
2011-12-26,25.510000228881836
2011-12-27,25.239999771118164
2011-12-28,25.299999237060547
2011-12-29,25.689998626708984
2011-12-30,26.059999465942383
2011-12-31,26.19999885559082
2012-01-01,26.25
2012-01-02,26.31999969482422
2012-01-03,26.28999900817871
2012-01-04,26.099998474121094
2012-01-05,27.01999855041504
2012-01-06,27.209999084472656
2012-01-07,26.90999984741211
2012-01-08,26.719999313354492
2012-01-09,26.6299991607666
2012-01-10,26.469999313354492
2012-01-11,26.56999969482422
2012-01-12,26.40999984741211
2012-01-13,26.119998931884766
2012-01-14,26.15999984741211
2012-01-15,26.309999465942383
2012-01-16,26.94999885559082
2012-01-17,27.049999237060547
2012-01-18,26.94999885559082
2012-01-19,27.010000228881836
2012-01-20,27.06999969482422
2012-01-21,27.029998779296875
2012-01-22,27.25
2012-01-23,27.399999618530273
2012-01-24,27.34000015258789
2012-01-25,27.809999465942383
2012-01-26,28.60999870300293
2012-01-27,28.60999870300293
2012-01-28,28.329999923706055
2012-01-29,28.260000228881836
2012-01-30,28.239999771118164
2012-01-31,28.209999084472656
2012-02-01,28.18000030517578
2012-02-02,28.329999923706055
2012-02-03,28.31999969482422
2012-02-04,28.260000228881836
2012-02-05,28.01999855041504
2012-02-06,27.939998626708984
2012-02-07,28.010000228881836
2012-02-08,27.979999542236328
2012-02-09,28.01999855041504
2012-02-10,28.099998474121094
2012-02-11,28.26999855041504
2012-02-12,28.3799991607666
2012-02-13,28.59000015258789
2012-02-14,28.5
2012-02-15,28.619998931884766
2012-02-16,28.90999984741211
2012-02-17,28.920000076293945
2012-02-18,28.60999870300293
2012-02-19,28.479999542236328
2012-02-20,28.260000228881836
2012-02-21,28.510000228881836
2012-02-22,29.0
2012-02-23,28.209999084472656
2012-02-24,27.579999923706055
2012-02-25,28.079999923706055
2012-02-26,28.309999465942383
2012-02-27,28.689998626708984
2012-02-28,28.619998931884766
2012-02-29,28.189998626708984
2012-03-01,28.760000228881836
2012-03-02,28.90999984741211
2012-03-03,28.799999237060547
2012-03-04,28.799999237060547
2012-03-05,29.099998474121094
2012-03-06,29.209999084472656
2012-03-07,29.219999313354492
2012-03-08,29.219999313354492
2012-03-09,29.219999313354492
2012-03-10,29.35999870300293
2012-03-11,29.78999900817871
2012-03-12,29.979999542236328
2012-03-13,30.01999855041504
2012-03-14,30.01999855041504
2012-03-15,29.959999084472656
2012-03-16,29.889999389648438
2012-03-17,29.709999084472656
2012-03-18,29.729999542236328
2012-03-19,29.719999313354492
2012-03-20,29.619998931884766
2012-03-21,29.60999870300293
2012-03-22,29.75
2012-03-23,30.03999900817871
2012-03-24,30.09000015258789
2012-03-25,30.079999923706055
2012-03-26,29.90999984741211
2012-03-27,29.829999923706055
2012-03-28,29.76999855041504
2012-03-29,29.719999313354492
2012-03-30,29.25
2012-03-31,29.189998626708984
2012-04-01,29.28999900817871
2012-04-02,29.6299991607666
2012-04-03,30.1299991607666
2012-04-04,30.15999984741211
2012-04-05,30.15999984741211
2012-04-06,30.170000076293945
2012-04-07,29.729999542236328
2012-04-08,29.689998626708984
2012-04-09,29.75
2012-04-10,29.969999313354492
2012-04-11,30.03999900817871
2012-04-12,29.709999084472656
2012-04-13,29.389999389648438
2012-04-14,29.639999389648438
2012-04-15,29.989999771118164
2012-04-16,30.01999855041504
2012-04-17,30.549999237060547
2012-04-18,30.69999885559082
2012-04-19,30.649999618530273
2012-04-20,30.599998474121094
2012-04-21,30.59000015258789
2012-04-22,30.44999885559082
2012-04-23,30.559999465942383
2012-04-24,30.689998626708984
2012-04-25,30.549999237060547
2012-04-26,30.489999771118164
2012-04-27,30.469999313354492
2012-04-28,30.469999313354492
2012-04-29,30.559999465942383
2012-04-30,30.849998474121094
2012-05-01,30.90999984741211
2012-05-02,30.889999389648438
2012-05-03,30.869998931884766
2012-05-04,30.849998474121094
2012-05-05,30.84000015258789
2012-05-06,30.81999969482422
2012-05-07,30.809999465942383
2012-05-08,30.90999984741211
2012-05-09,30.94999885559082
2012-05-10,30.69999885559082
2012-05-11,30.469999313354492
2012-05-12,30.03999900817871
2012-05-13,29.649999618530273
2012-05-14,29.3799991607666
2012-05-15,29.219999313354492
2012-05-16,28.899999618530273
2012-05-17,28.809999465942383
2012-05-18,28.51999855041504
2012-05-19,29.28999900817871
2012-05-20,29.899999618530273
2012-05-21,29.969999313354492
2012-05-22,29.959999084472656
2012-05-23,29.94999885559082
2012-05-24,29.92999839782715
2012-05-25,29.92999839782715
2012-05-26,29.94999885559082
2012-05-27,29.939998626708984
2012-05-28,29.920000076293945
2012-05-29,29.899999618530273
2012-05-30,29.8799991607666
2012-05-31,29.85999870300293
2012-06-01,29.84000015258789
2012-06-02,29.81999969482422
2012-06-03,29.809999465942383
2012-06-04,29.78999900817871
2012-06-05,29.76999855041504
2012-06-06,29.75
2012-06-07,29.739999771118164
2012-06-08,29.44999885559082
2012-06-09,29.28999900817871
2012-06-10,29.260000228881836
2012-06-11,29.149999618530273
2012-06-12,29.079999923706055
2012-06-13,29.989999771118164
2012-06-14,30.35999870300293
2012-06-15,30.369998931884766
2012-06-16,30.329999923706055
2012-06-17,30.279998779296875
2012-06-18,30.229999542236328
2012-06-19,30.189998626708984
2012-06-20,29.689998626708984
2012-06-21,29.489999771118164
2012-06-22,29.479999542236328
2012-06-23,29.559999465942383
2012-06-24,29.510000228881836
2012-06-25,29.489999771118164
2012-06-26,29.739999771118164
2012-06-27,30.029998779296875
2012-06-28,29.760000228881836
2012-06-29,29.399999618530273
2012-06-30,29.35999870300293
2012-07-01,29.329999923706055
2012-07-02,29.309999465942383
2012-07-03,29.28999900817871
2012-07-04,29.279998779296875
2012-07-05,29.26999855041504
2012-07-06,29.25
2012-07-07,29.229999542236328
2012-07-08,29.209999084472656
2012-07-09,29.19999885559082
2012-07-10,29.17999839782715
2012-07-11,29.15999984741211
2012-07-12,29.139999389648438
2012-07-13,29.010000228881836
2012-07-14,29.029998779296875
2012-07-15,29.28999900817871
2012-07-16,29.399999618530273
2012-07-17,29.3799991607666
2012-07-18,29.35999870300293
2012-07-19,29.34000015258789
2012-07-20,29.709999084472656
2012-07-21,29.939998626708984
2012-07-22,29.75
2012-07-23,29.53999900817871
2012-07-24,29.26999855041504
2012-07-25,29.299999237060547
2012-07-26,29.26999855041504
2012-07-27,29.35999870300293
2012-07-28,29.40999984741211
2012-07-29,29.299999237060547
2012-07-30,29.35999870300293
2012-07-31,29.44999885559082
2012-08-01,29.489999771118164
2012-08-02,29.42999839782715
2012-08-03,29.40999984741211
2012-08-04,29.369998931884766
2012-08-05,29.279998779296875
2012-08-06,29.149999618530273
2012-08-07,29.139999389648438
2012-08-08,29.119998931884766
2012-08-09,29.1299991607666
2012-08-10,29.149999618530273
2012-08-11,29.229999542236328
2012-08-12,29.31999969482422
2012-08-13,29.399999618530273
2012-08-14,29.489999771118164
2012-08-15,29.579999923706055
2012-08-16,29.649999618530273
2012-08-17,29.69999885559082
2012-08-18,29.739999771118164
2012-08-19,29.76999855041504
2012-08-20,29.75
2012-08-21,29.729999542236328
2012-08-22,29.599998474121094
2012-08-23,29.51999855041504
2012-08-24,29.510000228881836
2012-08-25,29.5
2012-08-26,29.479999542236328
2012-08-27,29.459999084472656
2012-08-28,29.42999839782715
2012-08-29,29.40999984741211
2012-08-30,29.389999389648438
2012-08-31,29.44999885559082
2012-09-01,29.35999870300293
2012-09-02,29.35999870300293
2012-09-03,29.35999870300293
2012-09-04,29.15999984741211
2012-09-05,29.010000228881836
2012-09-06,28.989999771118164
2012-09-07,29.189998626708984
2012-09-08,29.349998474121094
2012-09-09,29.189998626708984
2012-09-10,29.1299991607666
2012-09-11,29.149999618530273
2012-09-12,29.099998474121094
2012-09-13,29.06999969482422
2012-09-14,29.149999618530273
2012-09-15,29.479999542236328
2012-09-16,29.529998779296875
2012-09-17,29.5
2012-09-18,29.479999542236328
2012-09-19,29.44999885559082
2012-09-20,29.42999839782715
2012-09-21,29.399999618530273
2012-09-22,29.3799991607666
2012-09-23,29.369998931884766
2012-09-24,29.349998474121094
2012-09-25,29.329999923706055
2012-09-26,29.31999969482422
2012-09-27,29.309999465942383
2012-09-28,29.299999237060547
2012-09-29,29.28999900817871
2012-09-30,29.279998779296875
2012-10-01,29.739999771118164
2012-10-02,29.92999839782715
2012-10-03,29.689998626708984
2012-10-04,29.40999984741211
2012-10-05,29.31999969482422
2012-10-06,29.25
2012-10-07,29.25
2012-10-08,29.17999839782715
2012-10-09,29.10999870300293
2012-10-10,29.389999389648438
2012-10-11,29.67999839782715
2012-10-12,29.92999839782715
2012-10-13,30.369998931884766
2012-10-14,30.44999885559082
2012-10-15,30.399999618530273
2012-10-16,30.35999870300293
2012-10-17,30.31999969482422
2012-10-18,30.260000228881836
2012-10-19,30.19999885559082
2012-10-20,30.1299991607666
2012-10-21,30.28999900817871
2012-10-22,30.299999237060547
2012-10-23,30.260000228881836
2012-10-24,30.01999855041504
2012-10-25,29.94999885559082
2012-10-26,29.989999771118164
2012-10-27,30.15999984741211
2012-10-28,30.349998474121094
2012-10-29,30.40999984741211
2012-10-30,30.35999870300293
2012-10-31,30.309999465942383
2012-11-01,29.1299991607666
2012-11-02,28.31999969482422
2012-11-03,28.170000076293945
2012-11-04,28.6299991607666
2012-11-05,29.25
2012-11-06,29.459999084472656
2012-11-07,29.639999389648438
2012-11-08,29.849998474121094
2012-11-09,30.010000228881836
2012-11-10,29.989999771118164
2012-11-11,29.969999313354492
2012-11-12,29.939998626708984
2012-11-13,29.75
2012-11-14,29.90999984741211
2012-11-15,29.989999771118164
2012-11-16,29.989999771118164
2012-11-17,29.969999313354492
2012-11-18,29.92999839782715
2012-11-19,29.56999969482422
2012-11-20,29.489999771118164
2012-11-21,29.479999542236328
2012-11-22,29.619998931884766
2012-11-23,29.479999542236328
2012-11-24,29.3799991607666
2012-11-25,29.170000076293945
2012-11-26,29.10999870300293
2012-11-27,29.139999389648438
2012-11-28,28.6299991607666
2012-11-29,28.34000015258789
2012-11-30,28.420000076293945
2012-12-01,28.489999771118164
2012-12-02,29.239999771118164
2012-12-03,29.40999984741211
2012-12-04,29.399999618530273
2012-12-05,29.53999900817871
2012-12-06,29.670000076293945
2012-12-07,29.799999237060547
2012-12-08,29.94999885559082
2012-12-09,29.75
2012-12-10,29.65999984741211
2012-12-11,29.579999923706055
2012-12-12,29.51999855041504
2012-12-13,29.69999885559082
2012-12-14,29.649999618530273
2012-12-15,29.5
2012-12-16,29.34000015258789
2012-12-17,29.239999771118164
2012-12-18,29.34000015258789
2012-12-19,29.40999984741211
2012-12-20,29.399999618530273
2012-12-21,29.849998474121094
2012-12-22,29.809999465942383
2012-12-23,29.729999542236328
2012-12-24,29.5
2012-12-25,29.51999855041504
2012-12-26,28.939998626708984
2012-12-27,28.6299991607666
2012-12-28,28.599998474121094
2012-12-29,28.709999084472656
2012-12-30,28.78999900817871
2012-12-31,28.40999984741211
2013-01-01,28.239999771118164
2013-01-02,28.229999542236328
2013-01-03,28.299999237060547
2013-01-04,28.43000030517578
2013-01-05,28.309999465942383
2013-01-06,27.8799991607666
2013-01-07,27.989999771118164
2013-01-08,28.229999542236328
2013-01-09,28.28999900817871
2013-01-10,28.529998779296875
2013-01-11,28.479999542236328
2013-01-12,28.53999900817871
2013-01-13,28.420000076293945
2013-01-14,28.40999984741211
2013-01-15,28.51999855041504
2013-01-16,28.59000015258789
2013-01-17,28.349998474121094
2013-01-18,28.139999389648438
2013-01-19,27.989999771118164
2013-01-20,27.85999870300293
2013-01-21,27.84000015258789
2013-01-22,28.03999900817871
2013-01-23,28.170000076293945
2013-01-24,28.15999984741211
2013-01-25,28.1299991607666
2013-01-26,28.139999389648438
2013-01-27,28.099998474121094
2013-01-28,28.049999237060547
2013-01-29,27.689998626708984
2013-01-30,28.059999465942383
2013-01-31,28.25
2013-02-01,28.28999900817871
2013-02-02,28.369998931884766
2013-02-03,28.51999855041504
2013-02-04,28.44999885559082
2013-02-05,28.299999237060547
2013-02-06,28.189998626708984
2013-02-07,28.15999984741211
2013-02-08,28.309999465942383
2013-02-09,28.26999855041504
2013-02-10,28.420000076293945
2013-02-11,28.44999885559082
2013-02-12,28.59000015258789
2013-02-13,28.44999885559082
2013-02-14,28.709999084472656
2013-02-15,28.739999771118164
2013-02-16,28.44999885559082
2013-02-17,27.94999885559082
2013-02-18,28.399999618530273
2013-02-19,28.529998779296875
2013-02-20,28.44999885559082
2013-02-21,28.479999542236328
2013-02-22,28.510000228881836
2013-02-23,28.529998779296875
2013-02-24,28.53999900817871
2013-02-25,28.510000228881836
2013-02-26,28.599998474121094
2013-02-27,28.68000030517578
2013-02-28,28.69999885559082
2013-03-01,28.68000030517578
2013-03-02,28.799999237060547
2013-03-03,28.889999389648438
2013-03-04,28.209999084472656
2013-03-05,28.149999618530273
2013-03-06,28.420000076293945
2013-03-07,28.51999855041504
2013-03-08,28.510000228881836
2013-03-09,28.639999389648438
2013-03-10,28.709999084472656
2013-03-11,28.809999465942383
2013-03-12,28.779998779296875
2013-03-13,29.0
2013-03-14,29.260000228881836
2013-03-15,29.299999237060547
2013-03-16,29.299999237060547
2013-03-17,29.3799991607666
2013-03-18,29.559999465942383
2013-03-19,29.619998931884766
2013-03-20,29.849998474121094
2013-03-21,29.899999618530273
2013-03-22,29.799999237060547
2013-03-23,29.84000015258789
2013-03-24,29.899999618530273
2013-03-25,29.959999084472656
2013-03-26,29.939998626708984
2013-03-27,30.01999855041504
2013-03-28,30.049999237060547
2013-03-29,30.09000015258789
2013-03-30,30.15999984741211
2013-03-31,30.329999923706055
2013-04-01,30.35999870300293
2013-04-02,30.299999237060547
2013-04-03,30.09000015258789
2013-04-04,30.170000076293945
2013-04-05,30.26999855041504
2013-04-06,30.279998779296875
2013-04-07,30.299999237060547
2013-04-08,30.25
2013-04-09,30.19999885559082
2013-04-10,30.17999839782715
2013-04-11,30.19999885559082
2013-04-12,30.219999313354492
2013-04-13,30.239999771118164
2013-04-14,30.219999313354492
2013-04-15,30.079999923706055
2013-04-16,30.099998474121094
2013-04-17,30.25
2013-04-18,30.139999389648438
2013-04-19,29.979999542236328
2013-04-20,30.010000228881836
2013-04-21,30.079999923706055
2013-04-22,30.079999923706055
2013-04-23,30.03999900817871
2013-04-24,29.689998626708984
2013-04-25,29.369998931884766
2013-04-26,29.529998779296875
2013-04-27,29.649999618530273
2013-04-28,29.649999618530273
2013-04-29,30.849998474121094
2013-04-30,31.0
2013-05-01,30.76999855041504
2013-05-02,30.78999900817871
2013-05-03,30.81999969482422
2013-05-04,30.779998779296875
2013-05-05,30.67999839782715
2013-05-06,30.6299991607666
2013-05-07,30.489999771118164
2013-05-08,30.44999885559082
2013-05-09,30.479999542236328
2013-05-10,30.5
2013-05-11,30.51999855041504
2013-05-12,31.079999923706055
2013-05-13,31.239999771118164
2013-05-14,31.279998779296875
2013-05-15,31.279998779296875
2013-05-16,31.26999855041504
2013-05-17,31.219999313354492
2013-05-18,31.17999839782715
2013-05-19,31.139999389648438
2013-05-20,31.099998474121094
2013-05-21,31.059999465942383
2013-05-22,31.01999855041504
2013-05-23,30.979999542236328
2013-05-24,30.939998626708984
2013-05-25,30.899999618530273
2013-05-26,30.899999618530273
2013-05-27,31.029998779296875
2013-05-28,31.469999313354492
2013-05-29,31.489999771118164
2013-05-30,31.489999771118164
2013-05-31,31.439998626708984
2013-06-01,31.389999389648438
2013-06-02,30.94999885559082
2013-06-03,30.829999923706055
2013-06-04,30.799999237060547
2013-06-05,30.76999855041504
2013-06-06,30.729999542236328
2013-06-07,30.689998626708984
2013-06-08,30.649999618530273
2013-06-09,30.60999870300293
2013-06-10,30.56999969482422
2013-06-11,30.51999855041504
2013-06-12,30.479999542236328
2013-06-13,30.439998626708984
2013-06-14,30.399999618530273
2013-06-15,30.35999870300293
2013-06-16,30.31999969482422
2013-06-17,30.279998779296875
2013-06-18,30.239999771118164
2013-06-19,30.19999885559082
2013-06-20,30.209999084472656
2013-06-21,30.299999237060547
2013-06-22,30.299999237060547
2013-06-23,30.26999855041504
2013-06-24,30.239999771118164
2013-06-25,30.209999084472656
2013-06-26,30.17999839782715
2013-06-27,30.76999855041504
2013-06-28,30.94999885559082
2013-06-29,30.799999237060547
2013-06-30,30.670000076293945
2013-07-01,30.649999618530273
2013-07-02,30.59000015258789
2013-07-03,30.53999900817871
2013-07-04,30.489999771118164
2013-07-05,30.439998626708984
2013-07-06,30.389999389648438
2013-07-07,30.34000015258789
2013-07-08,30.28999900817871
2013-07-09,30.25
2013-07-10,30.19999885559082
2013-07-11,30.0
2013-07-12,29.979999542236328
2013-07-13,29.959999084472656
2013-07-14,29.899999618530273
2013-07-15,29.849998474121094
2013-07-16,29.799999237060547
2013-07-17,29.760000228881836
2013-07-18,29.719999313354492
2013-07-19,29.67999839782715
2013-07-20,29.649999618530273
2013-07-21,29.60999870300293
2013-07-22,29.579999923706055
2013-07-23,29.549999237060547
2013-07-24,29.510000228881836
2013-07-25,29.479999542236328
2013-07-26,29.44999885559082
2013-07-27,29.420000076293945
2013-07-28,29.389999389648438
2013-07-29,29.349998474121094
2013-07-30,29.31999969482422
2013-07-31,29.279998779296875
2013-08-01,29.260000228881836
2013-08-02,29.229999542236328
2013-08-03,29.139999389648438
2013-08-04,28.729999542236328
2013-08-05,28.579999923706055
2013-08-06,28.53999900817871
2013-08-07,28.56999969482422
2013-08-08,28.56999969482422
2013-08-09,28.579999923706055
2013-08-10,28.56999969482422
2013-08-11,28.559999465942383
2013-08-12,28.559999465942383
2013-08-13,28.549999237060547
2013-08-14,28.559999465942383
2013-08-15,28.6299991607666
2013-08-16,28.689998626708984
2013-08-17,29.439998626708984
2013-08-18,29.549999237060547
2013-08-19,29.53999900817871
2013-08-20,29.51999855041504
2013-08-21,29.479999542236328
2013-08-22,29.44999885559082
2013-08-23,29.40999984741211
2013-08-24,29.189998626708984
2013-08-25,29.03999900817871
2013-08-26,29.01999855041504
2013-08-27,29.0
2013-08-28,29.65999984741211
2013-08-29,29.84000015258789
2013-08-30,29.849998474121094
2013-08-31,29.809999465942383
2013-09-01,29.76999855041504
2013-09-02,29.76999855041504
2013-09-03,29.75
2013-09-04,29.75
2013-09-05,29.729999542236328
2013-09-06,29.709999084472656
2013-09-07,29.689998626708984
2013-09-08,29.670000076293945
2013-09-09,29.649999618530273
2013-09-10,29.619998931884766
2013-09-11,29.599998474121094
2013-09-12,29.579999923706055
2013-09-13,29.559999465942383
2013-09-14,29.53999900817871
2013-09-15,29.51999855041504
2013-09-16,29.510000228881836
2013-09-17,29.5
2013-09-18,29.5
2013-09-19,29.489999771118164
2013-09-20,29.479999542236328
2013-09-21,29.469999313354492
2013-09-22,29.469999313354492
2013-09-23,29.459999084472656
2013-09-24,29.44999885559082
2013-09-25,29.53999900817871
2013-09-26,29.51999855041504
2013-09-27,29.279998779296875
2013-09-28,29.189998626708984
2013-09-29,29.09000015258789
2013-09-30,28.849998474121094
2013-10-01,28.94999885559082
2013-10-02,29.0
2013-10-03,28.989999771118164
2013-10-04,28.989999771118164
2013-10-05,28.979999542236328
2013-10-06,28.979999542236328
2013-10-07,28.969999313354492
2013-10-08,29.149999618530273
2013-10-09,29.299999237060547
2013-10-10,29.329999923706055
2013-10-11,28.899999618530273
2013-10-12,28.76999855041504
2013-10-13,30.139999389648438
2013-10-14,30.44999885559082
2013-10-15,30.479999542236328
2013-10-16,29.739999771118164
2013-10-17,29.17999839782715
2013-10-18,29.059999465942383
2013-10-19,29.01999855041504
2013-10-20,28.989999771118164
2013-10-21,28.920000076293945
2013-10-22,28.78999900817871
2013-10-23,29.079999923706055
2013-10-24,29.60999870300293
2013-10-25,29.5
2013-10-26,29.279998779296875
2013-10-27,28.639999389648438
2013-10-28,29.010000228881836
2013-10-29,29.399999618530273
2013-10-30,29.529998779296875
2013-10-31,29.65999984741211
2013-11-01,30.10999870300293
2013-11-02,30.049999237060547
2013-11-03,29.719999313354492
2013-11-04,29.31999969482422
2013-11-05,29.0
2013-11-06,28.760000228881836
2013-11-07,28.739999771118164
2013-11-08,28.729999542236328
2013-11-09,28.939998626708984
2013-11-10,29.10999870300293
2013-11-11,29.1299991607666
2013-11-12,29.099998474121094
2013-11-13,28.869998931884766
2013-11-14,28.78999900817871
2013-11-15,28.76999855041504
2013-11-16,28.760000228881836
2013-11-17,28.65999984741211
2013-11-18,28.6299991607666
2013-11-19,28.649999618530273
2013-11-20,28.639999389648438
2013-11-21,28.78999900817871
2013-11-22,28.889999389648438
2013-11-23,28.899999618530273
2013-11-24,28.689998626708984
2013-11-25,28.739999771118164
2013-11-26,29.01999855041504
2013-11-27,29.279998779296875
2013-11-28,29.079999923706055
2013-11-29,29.0
2013-11-30,28.170000076293945
2013-12-01,27.899999618530273
2013-12-02,27.849998474121094
2013-12-03,27.799999237060547
2013-12-04,27.8799991607666
2013-12-05,27.579999923706055
2013-12-06,27.31999969482422
2013-12-07,27.279998779296875
2013-12-08,27.420000076293945
2013-12-09,27.189998626708984
2013-12-10,27.059999465942383
2013-12-11,26.93000030517578
2013-12-12,26.939998626708984
2013-12-13,27.139999389648438
2013-12-14,27.420000076293945
2013-12-15,27.68000030517578
2013-12-16,27.739999771118164
2013-12-17,27.28999900817871
2013-12-18,26.90999984741211
2013-12-19,26.709999084472656
2013-12-20,26.369998931884766
2013-12-21,26.029998779296875
2013-12-22,25.69999885559082
2013-12-23,25.559999465942383
2013-12-24,25.529998779296875
2013-12-25,25.459999084472656
2013-12-26,25.18000030517578
2013-12-27,25.189998626708984
2013-12-28,25.25
2013-12-29,25.149999618530273
2013-12-30,25.119998931884766
2013-12-31,24.989999771118164
2014-01-01,24.869998931884766
2014-01-02,25.219999313354492
2014-01-03,25.239999771118164
2014-01-04,25.149999618530273
2014-01-05,25.299999237060547
2014-01-06,25.420000076293945
2014-01-07,26.10999870300293
2014-01-08,26.260000228881836
2014-01-09,26.399999618530273
2014-01-10,26.299999237060547
2014-01-11,26.239999771118164
2014-01-12,26.189998626708984
2014-01-13,25.93000030517578
2014-01-14,25.489999771118164
2014-01-15,25.35999870300293
2014-01-16,25.34000015258789
2014-01-17,25.139999389648438
2014-01-18,24.779998779296875
2014-01-19,24.5
2014-01-20,24.43000030517578
2014-01-21,24.209999084472656
2014-01-22,23.869998931884766
2014-01-23,23.799999237060547
2014-01-24,23.51999855041504
2014-01-25,23.260000228881836
2014-01-26,23.549999237060547
2014-01-27,24.19999885559082
2014-01-28,24.60999870300293
2014-01-29,25.18000030517578
2014-01-30,25.459999084472656
2014-01-31,25.559999465942383
2014-02-01,25.420000076293945
2014-02-02,25.3799991607666
2014-02-03,25.689998626708984
2014-02-04,25.709999084472656
2014-02-05,25.689998626708984
2014-02-06,25.85999870300293
2014-02-07,26.029998779296875
2014-02-08,26.1299991607666
2014-02-09,26.03999900817871
2014-02-10,26.28999900817871
2014-02-11,26.489999771118164
2014-02-12,26.559999465942383
2014-02-13,26.760000228881836
2014-02-14,26.75
2014-02-15,26.81999969482422
2014-02-16,26.8799991607666
2014-02-17,26.8799991607666
2014-02-18,26.65999984741211
2014-02-19,26.68000030517578
2014-02-20,26.90999984741211
2014-02-21,27.31999969482422
2014-02-22,27.31999969482422
2014-02-23,27.09000015258789
2014-02-24,26.989999771118164
2014-02-25,27.029998779296875
2014-02-26,27.049999237060547
2014-02-27,27.079999923706055
2014-02-28,27.079999923706055
2014-03-01,27.15999984741211
2014-03-02,27.189998626708984
2014-03-03,27.06999969482422
2014-03-04,27.18000030517578
2014-03-05,27.389999389648438
2014-03-06,27.53999900817871
2014-03-07,27.599998474121094
2014-03-08,27.639999389648438
2014-03-09,27.76999855041504
2014-03-10,27.869998931884766
2014-03-11,27.889999389648438
2014-03-12,27.849998474121094
2014-03-13,27.799999237060547
2014-03-14,28.0
2014-03-15,28.299999237060547
2014-03-16,28.459999084472656
2014-03-17,28.369998931884766
2014-03-18,28.40999984741211
2014-03-19,28.35999870300293
2014-03-20,28.31999969482422
2014-03-21,28.329999923706055
2014-03-22,28.60999870300293
2014-03-23,28.75
2014-03-24,28.889999389648438
2014-03-25,29.28999900817871
2014-03-26,29.59000015258789
2014-03-27,29.510000228881836
2014-03-28,29.670000076293945
2014-03-29,29.489999771118164
2014-03-30,29.3799991607666
2014-03-31,29.529998779296875
2014-04-01,29.579999923706055
2014-04-02,30.079999923706055
2014-04-03,30.10999870300293
2014-04-04,29.969999313354492
2014-04-05,29.989999771118164
2014-04-06,29.959999084472656
2014-04-07,29.90999984741211
2014-04-08,29.479999542236328
2014-04-09,29.84000015258789
2014-04-10,30.049999237060547
2014-04-11,30.09000015258789
2014-04-12,30.299999237060547
2014-04-13,30.309999465942383
2014-04-14,30.35999870300293
2014-04-15,30.549999237060547
2014-04-16,30.779998779296875
2014-04-17,30.979999542236328
2014-04-18,30.94999885559082
2014-04-19,30.649999618530273
2014-04-20,30.76999855041504
2014-04-21,30.849998474121094
2014-04-22,30.849998474121094
2014-04-23,30.8799991607666
2014-04-24,30.8799991607666
2014-04-25,31.09000015258789
2014-04-26,31.170000076293945
2014-04-27,31.19999885559082
2014-04-28,31.079999923706055
2014-04-29,30.94999885559082
2014-04-30,30.92999839782715
2014-05-01,31.139999389648438
2014-05-02,31.309999465942383
2014-05-03,31.34000015258789
2014-05-04,31.34000015258789
2014-05-05,31.31999969482422
2014-05-06,31.31999969482422
2014-05-07,31.309999465942383
2014-05-08,31.279998779296875
2014-05-09,31.279998779296875
2014-05-10,31.229999542236328
2014-05-11,31.229999542236328
2014-05-12,31.239999771118164
2014-05-13,31.229999542236328
2014-05-14,31.229999542236328
2014-05-15,31.219999313354492
2014-05-16,31.209999084472656
2014-05-17,31.15999984741211
2014-05-18,31.119998931884766
2014-05-19,31.06999969482422
2014-05-20,31.029998779296875
2014-05-21,31.639999389648438
2014-05-22,31.75
2014-05-23,31.889999389648438
2014-05-24,32.279998779296875
2014-05-25,32.279998779296875
2014-05-26,32.16999816894531
2014-05-27,32.05999755859375
2014-05-28,32.040000915527344
2014-05-29,32.0
2014-05-30,31.81999969482422
2014-05-31,31.59000015258789
2014-06-01,31.53999900817871
2014-06-02,31.51999855041504
2014-06-03,31.479999542236328
2014-06-04,31.42999839782715
2014-06-05,31.3799991607666
2014-06-06,31.329999923706055
2014-06-07,31.1299991607666
2014-06-08,31.229999542236328
2014-06-09,31.309999465942383
2014-06-10,31.260000228881836
2014-06-11,31.15999984741211
2014-06-12,31.079999923706055
2014-06-13,31.0
2014-06-14,30.92999839782715
2014-06-15,30.85999870300293
2014-06-16,30.799999237060547
2014-06-17,30.739999771118164
2014-06-18,30.599998474121094
2014-06-19,30.26999855041504
2014-06-20,30.010000228881836
2014-06-21,29.920000076293945
2014-06-22,29.8799991607666
2014-06-23,29.849998474121094
2014-06-24,29.809999465942383
2014-06-25,29.779998779296875
2014-06-26,30.67999839782715
2014-06-27,30.809999465942383
2014-06-28,30.65999984741211
2014-06-29,30.529998779296875
2014-06-30,30.51999855041504
2014-07-01,30.85999870300293
2014-07-02,31.059999465942383
2014-07-03,30.549999237060547
2014-07-04,30.53999900817871
2014-07-05,30.529998779296875
2014-07-06,30.459999084472656
2014-07-07,30.399999618530273
2014-07-08,30.329999923706055
2014-07-09,30.26999855041504
2014-07-10,30.19999885559082
2014-07-11,30.099998474121094
2014-07-12,30.059999465942383
2014-07-13,30.06999969482422
2014-07-14,30.029998779296875
2014-07-15,29.979999542236328
2014-07-16,29.920000076293945
2014-07-17,29.889999389648438
2014-07-18,29.849998474121094
2014-07-19,29.81999969482422
2014-07-20,29.78999900817871
2014-07-21,29.760000228881836
2014-07-22,29.729999542236328
2014-07-23,29.459999084472656
2014-07-24,29.260000228881836
2014-07-25,29.219999313354492
2014-07-26,29.209999084472656
2014-07-27,29.189998626708984
2014-07-28,29.170000076293945
2014-07-29,29.149999618530273
2014-07-30,29.869998931884766
2014-07-31,30.170000076293945
2014-08-01,30.10999870300293
2014-08-02,30.010000228881836
2014-08-03,30.049999237060547
2014-08-04,30.01999855041504
2014-08-05,29.979999542236328
2014-08-06,29.939998626708984
2014-08-07,29.899999618530273
2014-08-08,29.90999984741211
2014-08-09,29.85999870300293
2014-08-10,29.809999465942383
2014-08-11,29.389999389648438
2014-08-12,29.420000076293945
2014-08-13,29.420000076293945
2014-08-14,29.3799991607666
2014-08-15,29.34000015258789
2014-08-16,29.299999237060547
2014-08-17,29.85999870300293
2014-08-18,29.94999885559082
2014-08-19,29.959999084472656
2014-08-20,29.94999885559082
2014-08-21,29.939998626708984
2014-08-22,29.76999855041504
2014-08-23,29.209999084472656
2014-08-24,29.06999969482422
2014-08-25,29.059999465942383
2014-08-26,29.049999237060547
2014-08-27,29.049999237060547
2014-08-28,29.03999900817871
2014-08-29,29.029998779296875
2014-08-30,29.01999855041504
2014-08-31,29.01999855041504
2014-09-01,29.010000228881836
2014-09-02,29.0
2014-09-03,28.989999771118164
2014-09-04,28.989999771118164
2014-09-05,28.979999542236328
2014-09-06,28.969999313354492
2014-09-07,29.549999237060547
2014-09-08,29.989999771118164
2014-09-09,30.079999923706055
2014-09-10,29.829999923706055
2014-09-11,29.75
2014-09-12,29.899999618530273
2014-09-13,29.92999839782715
2014-09-14,29.969999313354492
2014-09-15,29.989999771118164
2014-09-16,29.989999771118164
2014-09-17,29.799999237060547
2014-09-18,30.119998931884766
2014-09-19,30.15999984741211
2014-09-20,30.10999870300293
2014-09-21,30.15999984741211
2014-09-22,30.1299991607666
2014-09-23,30.01999855041504
2014-09-24,29.969999313354492
2014-09-25,29.959999084472656
2014-09-26,30.189998626708984
2014-09-27,30.189998626708984
2014-09-28,29.969999313354492
2014-09-29,29.599998474121094
2014-09-30,29.51999855041504
2014-10-01,29.5
2014-10-02,29.799999237060547
2014-10-03,29.849998474121094
2014-10-04,29.51999855041504
2014-10-05,29.459999084472656
2014-10-06,29.309999465942383
2014-10-07,29.03999900817871
2014-10-08,28.549999237060547
2014-10-09,28.170000076293945
2014-10-10,28.15999984741211
2014-10-11,29.15999984741211
2014-10-12,29.35999870300293
2014-10-13,29.35999870300293
2014-10-14,29.349998474121094
2014-10-15,29.469999313354492
2014-10-16,29.489999771118164
2014-10-17,29.349998474121094
2014-10-18,28.889999389648438
2014-10-19,28.849998474121094
2014-10-20,28.85999870300293
2014-10-21,28.8799991607666
2014-10-22,28.899999618530273
2014-10-23,28.90999984741211
2014-10-24,28.90999984741211
2014-10-25,28.90999984741211
2014-10-26,28.899999618530273
2014-10-27,28.889999389648438
2014-10-28,28.8799991607666
2014-10-29,29.35999870300293
2014-10-30,29.5
2014-10-31,29.510000228881836
2014-11-01,29.510000228881836
2014-11-02,29.5
2014-11-03,29.479999542236328
2014-11-04,29.459999084472656
2014-11-05,29.51999855041504
2014-11-06,29.51999855041504
2014-11-07,29.67999839782715
2014-11-08,29.959999084472656
2014-11-09,30.079999923706055
2014-11-10,30.059999465942383
2014-11-11,29.69999885559082
2014-11-12,29.65999984741211
2014-11-13,29.81999969482422
2014-11-14,29.779998779296875
2014-11-15,29.719999313354492
2014-11-16,29.549999237060547
2014-11-17,29.65999984741211
2014-11-18,29.59000015258789
2014-11-19,29.260000228881836
2014-11-20,29.17999839782715
2014-11-21,29.15999984741211
2014-11-22,29.099998474121094
2014-11-23,29.34000015258789
2014-11-24,29.399999618530273
2014-11-25,29.09000015258789
2014-11-26,28.93000030517578
2014-11-27,28.90999984741211
2014-11-28,28.85999870300293
2014-11-29,28.75
2014-11-30,28.689998626708984
2014-12-01,28.68000030517578
2014-12-02,28.69999885559082
2014-12-03,29.049999237060547
2014-12-04,29.26999855041504
2014-12-05,29.25
2014-12-06,29.44999885559082
2014-12-07,29.53999900817871
2014-12-08,29.139999389648438
2014-12-09,28.849998474121094
2014-12-10,28.76999855041504
2014-12-11,28.78999900817871
2014-12-12,28.69999885559082
2014-12-13,28.529998779296875
2014-12-14,28.40999984741211
2014-12-15,28.03999900817871
2014-12-16,28.01999855041504
2014-12-17,27.35999870300293
2014-12-18,27.139999389648438
2014-12-19,26.920000076293945
2014-12-20,27.03999900817871
2014-12-21,26.979999542236328
2014-12-22,26.68000030517578
2014-12-23,26.389999389648438
2014-12-24,26.34000015258789
2014-12-25,26.56999969482422
2014-12-26,26.619998931884766
2014-12-27,26.51999855041504
2014-12-28,26.51999855041504
2014-12-29,26.309999465942383
2014-12-30,26.329999923706055
2014-12-31,26.3799991607666
2015-01-01,26.09000015258789
2015-01-02,25.84000015258789
2015-01-03,25.809999465942383
2015-01-04,26.010000228881836
2015-01-05,26.76999855041504
2015-01-06,27.18000030517578
2015-01-07,27.06999969482422
2015-01-08,26.670000076293945
2015-01-09,26.619998931884766
2015-01-10,26.599998474121094
2015-01-11,26.25
2015-01-12,26.619998931884766
2015-01-13,26.619998931884766
2015-01-14,26.510000228881836
2015-01-15,26.15999984741211
2015-01-16,25.899999618530273
2015-01-17,25.60999870300293
2015-01-18,25.459999084472656
2015-01-19,25.139999389648438
2015-01-20,25.15999984741211
2015-01-21,25.35999870300293
2015-01-22,25.65999984741211
2015-01-23,25.81999969482422
2015-01-24,26.03999900817871
2015-01-25,26.0
2015-01-26,26.06999969482422
2015-01-27,26.260000228881836
2015-01-28,26.15999984741211
2015-01-29,26.09000015258789
2015-01-30,26.399999618530273
2015-01-31,26.849998474121094
2015-02-01,26.809999465942383
2015-02-02,26.869998931884766
2015-02-03,27.219999313354492
2015-02-04,27.35999870300293
2015-02-05,27.349998474121094
2015-02-06,27.18000030517578
2015-02-07,27.219999313354492
2015-02-08,27.329999923706055
2015-02-09,27.369998931884766
2015-02-10,27.329999923706055
2015-02-11,27.35999870300293
2015-02-12,27.439998626708984
2015-02-13,27.459999084472656
2015-02-14,27.549999237060547
2015-02-15,27.719999313354492
2015-02-16,27.85999870300293
2015-02-17,27.989999771118164
2015-02-18,27.969999313354492
2015-02-19,27.920000076293945
2015-02-20,27.979999542236328
2015-02-21,28.010000228881836
2015-02-22,28.0
2015-02-23,27.979999542236328
2015-02-24,27.889999389648438
2015-02-25,27.889999389648438
2015-02-26,28.049999237060547
2015-02-27,28.31999969482422
2015-02-28,28.3799991607666
2015-03-01,28.35999870300293
2015-03-02,28.309999465942383
2015-03-03,28.399999618530273
2015-03-04,28.35999870300293
2015-03-05,28.459999084472656
2015-03-06,28.420000076293945
2015-03-07,28.439998626708984
2015-03-08,28.51999855041504
2015-03-09,28.53999900817871
2015-03-10,28.479999542236328
2015-03-11,28.31999969482422
2015-03-12,28.619998931884766
2015-03-13,28.959999084472656
2015-03-14,28.989999771118164
2015-03-15,28.90999984741211
2015-03-16,28.90999984741211
2015-03-17,28.899999618530273
2015-03-18,28.779998779296875
2015-03-19,28.809999465942383
2015-03-20,28.93000030517578
2015-03-21,29.119998931884766
2015-03-22,29.260000228881836
2015-03-23,29.25
2015-03-24,29.219999313354492
2015-03-25,29.209999084472656
2015-03-26,28.979999542236328
2015-03-27,28.90999984741211
2015-03-28,29.529998779296875
2015-03-29,29.69999885559082
2015-03-30,29.799999237060547
2015-03-31,29.81999969482422
2015-04-01,29.94999885559082
2015-04-02,30.010000228881836
2015-04-03,29.760000228881836
2015-04-04,29.56999969482422
2015-04-05,29.6299991607666
2015-04-06,29.639999389648438
2015-04-07,29.529998779296875
2015-04-08,29.420000076293945
2015-04-09,29.059999465942383
2015-04-10,29.099998474121094
2015-04-11,29.10999870300293
2015-04-12,29.479999542236328
2015-04-13,29.559999465942383
2015-04-14,29.529998779296875
2015-04-15,29.729999542236328
2015-04-16,29.849998474121094
2015-04-17,29.829999923706055
2015-04-18,29.869998931884766
2015-04-19,29.899999618530273
2015-04-20,30.010000228881836
2015-04-21,30.260000228881836
2015-04-22,30.35999870300293
2015-04-23,30.35999870300293
2015-04-24,30.349998474121094
2015-04-25,30.09000015258789
2015-04-26,29.78999900817871
2015-04-27,30.079999923706055
2015-04-28,30.09000015258789
2015-04-29,30.10999870300293
2015-04-30,30.829999923706055
2015-05-01,31.19999885559082
2015-05-02,31.219999313354492
2015-05-03,31.229999542236328
2015-05-04,30.94999885559082
2015-05-05,30.729999542236328
2015-05-06,30.719999313354492
2015-05-07,30.69999885559082
2015-05-08,30.56999969482422
2015-05-09,30.15999984741211
2015-05-10,30.25
2015-05-11,30.979999542236328
2015-05-12,31.229999542236328
2015-05-13,31.25
2015-05-14,31.309999465942383
2015-05-15,31.229999542236328
2015-05-16,31.03999900817871
2015-05-17,31.219999313354492
2015-05-18,31.309999465942383
2015-05-19,31.34000015258789
2015-05-20,31.329999923706055
2015-05-21,31.26999855041504
2015-05-22,31.219999313354492
2015-05-23,31.099998474121094
2015-05-24,30.849998474121094
2015-05-25,30.760000228881836
2015-05-26,30.619998931884766
2015-05-27,30.81999969482422
2015-05-28,31.079999923706055
2015-05-29,31.1299991607666
2015-05-30,31.119998931884766
2015-05-31,31.06999969482422
2015-06-01,30.889999389648438
2015-06-02,30.459999084472656
2015-06-03,30.25
2015-06-04,30.309999465942383
2015-06-05,30.92999839782715
2015-06-06,31.26999855041504
2015-06-07,31.219999313354492
2015-06-08,31.189998626708984
2015-06-09,31.10999870300293
2015-06-10,31.69999885559082
2015-06-11,31.76999855041504
2015-06-12,31.489999771118164
2015-06-13,31.369998931884766
2015-06-14,30.81999969482422
2015-06-15,30.639999389648438
2015-06-16,30.579999923706055
2015-06-17,30.51999855041504
2015-06-18,30.459999084472656
2015-06-19,30.420000076293945
2015-06-20,30.40999984741211
2015-06-21,30.40999984741211
2015-06-22,30.35999870300293
2015-06-23,30.28999900817871
2015-06-24,30.219999313354492
2015-06-25,30.170000076293945
2015-06-26,30.119998931884766
2015-06-27,30.06999969482422
2015-06-28,30.579999923706055
2015-06-29,30.559999465942383
2015-06-30,30.479999542236328
2015-07-01,30.189998626708984
2015-07-02,29.829999923706055
2015-07-03,29.78999900817871
2015-07-04,30.219999313354492
2015-07-05,30.260000228881836
2015-07-06,30.209999084472656
2015-07-07,30.17999839782715
2015-07-08,30.1299991607666
2015-07-09,30.459999084472656
2015-07-10,30.459999084472656
2015-07-11,30.40999984741211
2015-07-12,30.389999389648438
2015-07-13,30.15999984741211
2015-07-14,29.81999969482422
2015-07-15,29.6299991607666
2015-07-16,29.56999969482422
2015-07-17,29.529998779296875
2015-07-18,29.5
2015-07-19,29.510000228881836
2015-07-20,29.6299991607666
2015-07-21,29.719999313354492
2015-07-22,29.709999084472656
2015-07-23,29.67999839782715
2015-07-24,29.670000076293945
2015-07-25,29.739999771118164
2015-07-26,29.719999313354492
2015-07-27,29.60999870300293
2015-07-28,29.559999465942383
2015-07-29,29.549999237060547
2015-07-30,29.53999900817871
2015-07-31,29.53999900817871
2015-08-01,29.529998779296875
2015-08-02,29.5
2015-08-03,29.439998626708984
2015-08-04,29.420000076293945
2015-08-05,29.399999618530273
2015-08-06,29.3799991607666
2015-08-07,29.389999389648438
2015-08-08,29.469999313354492
2015-08-09,29.3799991607666
2015-08-10,29.170000076293945
2015-08-11,29.389999389648438
2015-08-12,29.619998931884766
2015-08-13,29.989999771118164
2015-08-14,30.170000076293945
2015-08-15,30.189998626708984
2015-08-16,30.139999389648438
2015-08-17,30.119998931884766
2015-08-18,31.3799991607666
2015-08-19,31.489999771118164
2015-08-20,31.479999542236328
2015-08-21,31.329999923706055
2015-08-22,31.049999237060547
2015-08-23,30.939998626708984
2015-08-24,30.8799991607666
2015-08-25,30.81999969482422
2015-08-26,30.760000228881836
2015-08-27,30.69999885559082
2015-08-28,30.649999618530273
2015-08-29,30.479999542236328
2015-08-30,30.01999855041504
2015-08-31,29.709999084472656
2015-09-01,29.67999839782715
2015-09-02,29.670000076293945
2015-09-03,29.639999389648438
2015-09-04,29.60999870300293
2015-09-05,29.579999923706055
2015-09-06,30.35999870300293
2015-09-07,30.459999084472656
2015-09-08,30.44999885559082
2015-09-09,30.42999839782715
2015-09-10,30.369998931884766
2015-09-11,30.31999969482422
2015-09-12,30.219999313354492
2015-09-13,30.1299991607666
2015-09-14,30.09000015258789
2015-09-15,30.149999618530273
2015-09-16,30.10999870300293
2015-09-17,30.049999237060547
2015-09-18,30.369998931884766
2015-09-19,30.479999542236328
2015-09-20,30.85999870300293
2015-09-21,31.0
2015-09-22,30.94999885559082
2015-09-23,30.239999771118164
2015-09-24,30.139999389648438
2015-09-25,30.139999389648438
2015-09-26,30.09000015258789
2015-09-27,29.829999923706055
2015-09-28,29.760000228881836
2015-09-29,29.739999771118164
2015-09-30,29.719999313354492
2015-10-01,29.709999084472656
2015-10-02,29.689998626708984
2015-10-03,29.670000076293945
2015-10-04,29.649999618530273
2015-10-05,29.649999618530273
2015-10-06,29.65999984741211
2015-10-07,29.709999084472656
2015-10-08,29.719999313354492
2015-10-09,29.709999084472656
2015-10-10,29.78999900817871
2015-10-11,30.079999923706055
2015-10-12,29.78999900817871
2015-10-13,29.719999313354492
2015-10-14,29.739999771118164
2015-10-15,29.75
2015-10-16,29.81999969482422
2015-10-17,30.299999237060547
2015-10-18,30.6299991607666
2015-10-19,30.67999839782715
2015-10-20,30.799999237060547
2015-10-21,30.51999855041504
2015-10-22,30.3799991607666
2015-10-23,30.579999923706055
2015-10-24,30.439998626708984
2015-10-25,30.329999923706055
2015-10-26,30.309999465942383
2015-10-27,30.029998779296875
2015-10-28,30.01999855041504
2015-10-29,30.479999542236328
2015-10-30,30.689998626708984
2015-10-31,30.649999618530273
2015-11-01,30.35999870300293
2015-11-02,30.34000015258789
2015-11-03,29.889999389648438
2015-11-04,29.719999313354492
2015-11-05,29.69999885559082
2015-11-06,29.149999618530273
2015-11-07,29.029998779296875
2015-11-08,29.079999923706055
2015-11-09,29.3799991607666
2015-11-10,29.59000015258789
2015-11-11,29.599998474121094
2015-11-12,29.60999870300293
2015-11-13,29.65999984741211
2015-11-14,29.5
2015-11-15,29.349998474121094
2015-11-16,29.899999618530273
2015-11-17,30.079999923706055
2015-11-18,30.1299991607666
2015-11-19,30.079999923706055
2015-11-20,29.90999984741211
2015-11-21,30.09000015258789
2015-11-22,29.989999771118164
2015-11-23,29.92999839782715
2015-11-24,30.049999237060547
2015-11-25,30.099998474121094
2015-11-26,30.010000228881836
2015-11-27,29.939998626708984
2015-11-28,29.920000076293945
2015-11-29,29.969999313354492
2015-11-30,29.979999542236328
2015-12-01,30.139999389648438
2015-12-02,30.309999465942383
2015-12-03,30.42999839782715
2015-12-04,30.44999885559082
2015-12-05,30.229999542236328
2015-12-06,30.1299991607666
2015-12-07,29.6299991607666
2015-12-08,29.189998626708984
2015-12-09,29.439998626708984
2015-12-10,30.189998626708984
2015-12-11,30.139999389648438
2015-12-12,29.8799991607666
2015-12-13,29.920000076293945
2015-12-14,29.869998931884766
2015-12-15,29.779998779296875
2015-12-16,29.75
2015-12-17,29.67999839782715
2015-12-18,29.65999984741211
2015-12-19,29.01999855041504
2015-12-20,28.6299991607666
2015-12-21,28.43000030517578
2015-12-22,28.369998931884766
2015-12-23,28.369998931884766
2015-12-24,28.309999465942383
2015-12-25,28.5
2015-12-26,28.549999237060547
2015-12-27,28.510000228881836
2015-12-28,28.529998779296875
2015-12-29,28.51999855041504
2015-12-30,28.599998474121094
2015-12-31,28.639999389648438
2016-01-01,28.479999542236328
2016-01-02,28.389999389648438
2016-01-03,28.389999389648438
2016-01-04,28.399999618530273
2016-01-05,28.40999984741211
2016-01-06,28.549999237060547
2016-01-07,28.709999084472656
2016-01-08,28.459999084472656
2016-01-09,28.729999542236328
2016-01-10,28.689998626708984
2016-01-11,28.739999771118164
2016-01-12,28.849998474121094
2016-01-13,28.739999771118164
2016-01-14,28.899999618530273
2016-01-15,28.959999084472656
2016-01-16,29.17999839782715
2016-01-17,29.40999984741211
2016-01-18,29.28999900817871
2016-01-19,29.059999465942383
2016-01-20,29.26999855041504
2016-01-21,29.559999465942383
2016-01-22,29.670000076293945
2016-01-23,29.65999984741211
2016-01-24,28.85999870300293
2016-01-25,27.69999885559082
2016-01-26,27.34000015258789
2016-01-27,26.889999389648438
2016-01-28,26.920000076293945
2016-01-29,27.3799991607666
2016-01-30,27.399999618530273
2016-01-31,27.489999771118164
2016-02-01,27.579999923706055
2016-02-02,27.479999542236328
2016-02-03,27.59000015258789
2016-02-04,27.689998626708984
2016-02-05,27.719999313354492
2016-02-06,27.44999885559082
2016-02-07,26.689998626708984
2016-02-08,26.309999465942383
2016-02-09,26.170000076293945
2016-02-10,26.35999870300293
2016-02-11,26.529998779296875
2016-02-12,26.469999313354492
2016-02-13,26.219999313354492
2016-02-14,27.209999084472656
2016-02-15,27.599998474121094
2016-02-16,27.60999870300293
2016-02-17,27.85999870300293
2016-02-18,27.939998626708984
2016-02-19,27.93000030517578
2016-02-20,27.959999084472656
2016-02-21,27.90999984741211
2016-02-22,27.8799991607666
2016-02-23,27.739999771118164
2016-02-24,27.939998626708984
2016-02-25,28.09000015258789
2016-02-26,28.099998474121094
2016-02-27,28.0
2016-02-28,27.94999885559082
2016-02-29,27.829999923706055
2016-03-01,27.90999984741211
2016-03-02,27.869998931884766
2016-03-03,28.059999465942383
2016-03-04,28.189998626708984
2016-03-05,28.25
2016-03-06,28.189998626708984
2016-03-07,28.399999618530273
2016-03-08,28.439998626708984
2016-03-09,28.399999618530273
2016-03-10,28.439998626708984
2016-03-11,28.549999237060547
2016-03-12,28.60999870300293
2016-03-13,28.779998779296875
2016-03-14,28.84000015258789
2016-03-15,28.69999885559082
2016-03-16,28.899999618530273
2016-03-17,28.969999313354492
2016-03-18,29.099998474121094
2016-03-19,29.10999870300293
2016-03-20,29.0
2016-03-21,29.139999389648438
2016-03-22,29.149999618530273
2016-03-23,29.189998626708984
2016-03-24,29.299999237060547
2016-03-25,29.209999084472656
2016-03-26,29.170000076293945
2016-03-27,29.170000076293945
2016-03-28,28.939998626708984
2016-03-29,28.76999855041504
2016-03-30,29.170000076293945
2016-03-31,29.34000015258789
2016-04-01,29.5
2016-04-02,29.689998626708984
2016-04-03,29.779998779296875
2016-04-04,29.760000228881836
2016-04-05,29.729999542236328
2016-04-06,29.689998626708984
2016-04-07,29.670000076293945
2016-04-08,29.809999465942383
2016-04-09,29.939998626708984
2016-04-10,29.969999313354492
2016-04-11,30.049999237060547
2016-04-12,30.10999870300293
2016-04-13,30.06999969482422
2016-04-14,30.139999389648438
2016-04-15,30.329999923706055
2016-04-16,30.639999389648438
2016-04-17,30.779998779296875
2016-04-18,30.799999237060547
2016-04-19,30.849998474121094
2016-04-20,30.899999618530273
2016-04-21,31.25
2016-04-22,30.869998931884766
2016-04-23,30.459999084472656
2016-04-24,30.619998931884766
2016-04-25,30.59000015258789
2016-04-26,30.56999969482422
2016-04-27,30.760000228881836
2016-04-28,30.349998474121094
2016-04-29,30.17999839782715
2016-04-30,30.239999771118164
2016-05-01,31.170000076293945
2016-05-02,31.260000228881836
2016-05-03,31.239999771118164
2016-05-04,31.170000076293945
2016-05-05,31.489999771118164
2016-05-06,31.31999969482422
2016-05-07,31.299999237060547
2016-05-08,31.139999389648438
2016-05-09,31.079999923706055
2016-05-10,31.26999855041504
2016-05-11,31.09000015258789
2016-05-12,31.099998474121094
2016-05-13,31.099998474121094
2016-05-14,30.94999885559082
2016-05-15,30.989999771118164
2016-05-16,31.059999465942383
2016-05-17,31.189998626708984
2016-05-18,31.28999900817871
2016-05-19,31.459999084472656
2016-05-20,31.729999542236328
2016-05-21,31.8799991607666
2016-05-22,31.920000076293945
2016-05-23,32.040000915527344
2016-05-24,32.119998931884766
2016-05-25,32.18000030517578
2016-05-26,32.22999954223633
2016-05-27,32.18000030517578
2016-05-28,32.189998626708984
2016-05-29,32.119998931884766
2016-05-30,32.06999969482422
2016-05-31,32.040000915527344
2016-06-01,32.0099983215332
2016-06-02,30.639999389648438
2016-06-03,30.90999984741211
2016-06-04,30.849998474121094
2016-06-05,31.059999465942383
2016-06-06,30.799999237060547
2016-06-07,31.049999237060547
2016-06-08,31.19999885559082
2016-06-09,31.309999465942383
2016-06-10,31.579999923706055
2016-06-11,31.760000228881836
2016-06-12,31.85999870300293
2016-06-13,31.739999771118164
2016-06-14,31.849998474121094
2016-06-15,32.0
2016-06-16,32.099998474121094
2016-06-17,32.16999816894531
2016-06-18,32.36000061035156
2016-06-19,30.139999389648438
2016-06-20,30.439998626708984
2016-06-21,30.639999389648438
2016-06-22,30.779998779296875
2016-06-23,30.739999771118164
2016-06-24,30.84000015258789
2016-06-25,30.56999969482422
2016-06-26,30.75
2016-06-27,30.869998931884766
2016-06-28,30.94999885559082
2016-06-29,31.01999855041504
2016-06-30,31.06999969482422
2016-07-01,31.049999237060547
2016-07-02,31.10999870300293
2016-07-03,31.09000015258789
2016-07-04,31.049999237060547
2016-07-05,31.010000228881836
2016-07-06,30.969999313354492
2016-07-07,30.939998626708984
2016-07-08,30.899999618530273
2016-07-09,30.959999084472656
2016-07-10,31.19999885559082
2016-07-11,31.189998626708984
2016-07-12,31.1299991607666
2016-07-13,31.079999923706055
2016-07-14,29.69999885559082
2016-07-15,29.939998626708984
2016-07-16,30.59000015258789
2016-07-17,30.78999900817871
2016-07-18,30.760000228881836
2016-07-19,30.65999984741211
2016-07-20,30.60999870300293
2016-07-21,30.599998474121094
2016-07-22,30.619998931884766
2016-07-23,30.599998474121094
2016-07-24,30.529998779296875
2016-07-25,30.479999542236328
2016-07-26,30.42999839782715
2016-07-27,30.3799991607666
2016-07-28,30.34000015258789
2016-07-29,30.28999900817871
2016-07-30,30.25
2016-07-31,30.049999237060547
2016-08-01,29.939998626708984
2016-08-02,29.920000076293945
2016-08-03,29.889999389648438
2016-08-04,29.85999870300293
2016-08-05,29.84000015258789
2016-08-06,29.809999465942383
2016-08-07,30.719999313354492
2016-08-08,30.85999870300293
2016-08-09,30.869998931884766
2016-08-10,30.599998474121094
2016-08-11,30.40999984741211
2016-08-12,30.34000015258789
2016-08-13,30.309999465942383
2016-08-14,30.219999313354492
2016-08-15,30.17999839782715
2016-08-16,30.139999389648438
2016-08-17,30.10999870300293
2016-08-18,30.079999923706055
2016-08-19,29.599998474121094
2016-08-20,29.469999313354492
2016-08-21,29.459999084472656
2016-08-22,29.44999885559082
2016-08-23,29.439998626708984
2016-08-24,29.42999839782715
2016-08-25,29.420000076293945
2016-08-26,29.40999984741211
2016-08-27,29.399999618530273
2016-08-28,29.329999923706055
2016-08-29,29.149999618530273
2016-08-30,29.099998474121094
2016-08-31,29.09000015258789
2016-09-01,29.079999923706055
2016-09-02,29.079999923706055
2016-09-03,29.059999465942383
2016-09-04,29.049999237060547
2016-09-05,29.03999900817871
2016-09-06,29.029998779296875
2016-09-07,29.01999855041504
2016-09-08,29.01999855041504
2016-09-09,29.010000228881836
2016-09-10,29.0
2016-09-11,28.989999771118164
2016-09-12,28.979999542236328
2016-09-13,28.969999313354492
2016-09-14,28.959999084472656
2016-09-15,28.94999885559082
2016-09-16,28.959999084472656
2016-09-17,28.94999885559082
2016-09-18,28.939998626708984
2016-09-19,28.939998626708984
2016-09-20,28.93000030517578
2016-09-21,28.93000030517578
2016-09-22,28.93000030517578
2016-09-23,28.939998626708984
2016-09-24,28.939998626708984
2016-09-25,28.939998626708984
2016-09-26,28.939998626708984
2016-09-27,28.94999885559082
2016-09-28,28.94999885559082
2016-09-29,28.94999885559082
2016-09-30,28.94999885559082
2016-10-01,28.959999084472656
2016-10-02,28.959999084472656
2016-10-03,28.969999313354492
2016-10-04,28.979999542236328
2016-10-05,28.989999771118164
2016-10-06,29.0
2016-10-07,29.0
2016-10-08,29.010000228881836
2016-10-09,29.119998931884766
2016-10-10,29.239999771118164
2016-10-11,29.599998474121094
2016-10-12,29.94999885559082
2016-10-13,29.92999839782715
2016-10-14,29.869998931884766
2016-10-15,29.829999923706055
2016-10-16,29.78999900817871
2016-10-17,29.739999771118164
2016-10-18,29.75
2016-10-19,29.920000076293945
2016-10-20,30.1299991607666
2016-10-21,30.09000015258789
2016-10-22,30.0
2016-10-23,29.84000015258789
2016-10-24,29.75
2016-10-25,29.689998626708984
2016-10-26,29.639999389648438
2016-10-27,29.59000015258789
2016-10-28,29.549999237060547
2016-10-29,29.439998626708984
2016-10-30,29.170000076293945
2016-10-31,29.09000015258789
2016-11-01,29.059999465942383
2016-11-02,29.029998779296875
2016-11-03,29.010000228881836
2016-11-04,29.099998474121094
2016-11-05,29.06999969482422
2016-11-06,29.09000015258789
2016-11-07,29.25
2016-11-08,29.09000015258789
2016-11-09,29.28999900817871
2016-11-10,29.279998779296875
2016-11-11,29.25
2016-11-12,29.59000015258789
2016-11-13,29.59000015258789
2016-11-14,29.899999618530273
2016-11-15,29.979999542236328
2016-11-16,29.920000076293945
2016-11-17,29.869998931884766
2016-11-18,29.719999313354492
2016-11-19,29.67999839782715
2016-11-20,29.299999237060547
2016-11-21,29.139999389648438
2016-11-22,29.059999465942383
2016-11-23,29.209999084472656
2016-11-24,29.78999900817871
2016-11-25,29.889999389648438
2016-11-26,29.889999389648438
2016-11-27,29.709999084472656
2016-11-28,29.209999084472656
2016-11-29,29.029998779296875
2016-11-30,28.939998626708984
2016-12-01,28.889999389648438
2016-12-02,28.809999465942383
2016-12-03,28.5
2016-12-04,28.40999984741211
2016-12-05,28.389999389648438
2016-12-06,28.15999984741211
2016-12-07,28.010000228881836
2016-12-08,27.69999885559082
2016-12-09,27.65999984741211
2016-12-10,27.719999313354492
2016-12-11,28.099998474121094
2016-12-12,28.119998931884766
2016-12-13,28.149999618530273
2016-12-14,27.93000030517578
2016-12-15,27.799999237060547
2016-12-16,27.329999923706055
2016-12-17,27.099998474121094
2016-12-18,27.09000015258789
2016-12-19,27.03999900817871
2016-12-20,27.599998474121094
2016-12-21,27.899999618530273
2016-12-22,28.119998931884766
2016-12-23,28.26999855041504
2016-12-24,28.479999542236328
2016-12-25,28.719999313354492
2016-12-26,28.84000015258789
2016-12-27,28.28999900817871
2016-12-28,28.09000015258789
2016-12-29,28.0
2016-12-30,27.969999313354492
2016-12-31,27.869998931884766
2017-01-01,27.260000228881836
2017-01-02,27.10999870300293
2017-01-03,27.059999465942383
2017-01-04,27.279998779296875
2017-01-05,27.68000030517578
2017-01-06,27.529998779296875
2017-01-07,27.389999389648438
2017-01-08,27.399999618530273
2017-01-09,27.399999618530273
2017-01-10,28.079999923706055
2017-01-11,28.049999237060547
2017-01-12,26.51999855041504
2017-01-13,26.579999923706055
2017-01-14,26.729999542236328
2017-01-15,27.56999969482422
2017-01-16,27.90999984741211
2017-01-17,27.93000030517578
2017-01-18,27.78999900817871
2017-01-19,28.010000228881836
2017-01-20,28.029998779296875
2017-01-21,27.989999771118164
2017-01-22,27.56999969482422
2017-01-23,27.559999465942383
2017-01-24,27.6299991607666
2017-01-25,27.389999389648438
2017-01-26,26.5
2017-01-27,27.06999969482422
2017-01-28,27.189998626708984
2017-01-29,27.18000030517578
2017-01-30,27.51999855041504
2017-01-31,27.28999900817871
2017-02-01,27.579999923706055
2017-02-02,27.639999389648438
2017-02-03,27.439998626708984
2017-02-04,27.94999885559082
2017-02-05,27.84000015258789
2017-02-06,28.149999618530273
2017-02-07,28.209999084472656
2017-02-08,27.729999542236328
2017-02-09,27.889999389648438
2017-02-10,27.969999313354492
2017-02-11,27.959999084472656
2017-02-12,27.81999969482422
2017-02-13,27.299999237060547
2017-02-14,27.209999084472656
2017-02-15,27.26999855041504
2017-02-16,27.28999900817871
2017-02-17,27.35999870300293
2017-02-18,27.43000030517578
2017-02-19,27.799999237060547
2017-02-20,27.709999084472656
2017-02-21,27.869998931884766
2017-02-22,27.920000076293945
2017-02-23,27.969999313354492
2017-02-24,27.84000015258789
2017-02-25,28.079999923706055
2017-02-26,28.399999618530273
2017-02-27,28.34000015258789
2017-02-28,28.389999389648438
2017-03-01,28.459999084472656
2017-03-02,28.479999542236328
2017-03-03,28.56999969482422
2017-03-04,28.43000030517578
2017-03-05,28.559999465942383
2017-03-06,28.729999542236328
2017-03-07,28.639999389648438
2017-03-08,28.549999237060547
2017-03-09,28.479999542236328
2017-03-10,28.639999389648438
2017-03-11,28.760000228881836
2017-03-12,28.94999885559082
2017-03-13,29.19999885559082
2017-03-14,29.260000228881836
2017-03-15,29.239999771118164
2017-03-16,29.309999465942383
2017-03-17,29.42999839782715
2017-03-18,29.0
2017-03-19,28.939998626708984
2017-03-20,28.979999542236328
2017-03-21,29.42999839782715
2017-03-22,29.549999237060547
2017-03-23,29.559999465942383
2017-03-24,29.869998931884766
2017-03-25,29.959999084472656
2017-03-26,29.849998474121094
2017-03-27,29.69999885559082
2017-03-28,29.760000228881836
2017-03-29,29.81999969482422
2017-03-30,29.76999855041504
2017-03-31,29.689998626708984
2017-04-01,29.6299991607666
2017-04-02,29.59000015258789
2017-04-03,29.65999984741211
2017-04-04,29.599998474121094
2017-04-05,29.56999969482422
2017-04-06,29.889999389648438
2017-04-07,30.01999855041504
2017-04-08,30.139999389648438
2017-04-09,30.079999923706055
2017-04-10,30.01999855041504
2017-04-11,30.28999900817871
2017-04-12,30.309999465942383
2017-04-13,30.28999900817871
2017-04-14,30.349998474121094
2017-04-15,30.56999969482422
2017-04-16,30.649999618530273
2017-04-17,30.579999923706055
2017-04-18,30.59000015258789
2017-04-19,30.579999923706055
2017-04-20,30.549999237060547
2017-04-21,30.56999969482422
2017-04-22,30.439998626708984
2017-04-23,30.42999839782715
2017-04-24,30.459999084472656
2017-04-25,30.35999870300293
2017-04-26,30.01999855041504
2017-04-27,30.279998779296875
2017-04-28,30.53999900817871
2017-04-29,30.60999870300293
2017-04-30,30.670000076293945
2017-05-01,30.65999984741211
2017-05-02,30.42999839782715
2017-05-03,30.439998626708984
2017-05-04,30.389999389648438
2017-05-05,30.239999771118164
2017-05-06,30.219999313354492
2017-05-07,30.579999923706055
2017-05-08,30.649999618530273
2017-05-09,30.670000076293945
2017-05-10,30.67999839782715
2017-05-11,30.649999618530273
2017-05-12,30.649999618530273
2017-05-13,30.69999885559082
2017-05-14,30.849998474121094
2017-05-15,30.8799991607666
2017-05-16,30.869998931884766
2017-05-17,30.84000015258789
2017-05-18,30.809999465942383
2017-05-19,30.779998779296875
2017-05-20,30.719999313354492
2017-05-21,30.60999870300293
2017-05-22,30.59000015258789
2017-05-23,30.59000015258789
2017-05-24,30.56999969482422
2017-05-25,30.549999237060547
2017-05-26,30.51999855041504
2017-05-27,30.5
2017-05-28,30.469999313354492
2017-05-29,30.439998626708984
2017-05-30,30.399999618530273
2017-05-31,30.31999969482422
2017-06-01,29.5
2017-06-02,29.299999237060547
2017-06-03,29.260000228881836
2017-06-04,29.25
2017-06-05,29.25
2017-06-06,29.239999771118164
2017-06-07,29.239999771118164
2017-06-08,29.329999923706055
2017-06-09,29.619998931884766
2017-06-10,29.599998474121094
2017-06-11,29.639999389648438
2017-06-12,29.649999618530273
2017-06-13,29.559999465942383
2017-06-14,29.760000228881836
2017-06-15,30.40999984741211
2017-06-16,30.56999969482422
2017-06-17,30.59000015258789
2017-06-18,30.67999839782715
2017-06-19,30.90999984741211
2017-06-20,30.90999984741211
2017-06-21,30.84000015258789
2017-06-22,30.76999855041504
2017-06-23,30.709999084472656
2017-06-24,30.649999618530273
2017-06-25,30.59000015258789
2017-06-26,30.510000228881836
2017-06-27,30.35999870300293
2017-06-28,30.139999389648438
2017-06-29,30.049999237060547
2017-06-30,30.0
2017-07-01,29.979999542236328
2017-07-02,30.029998779296875
2017-07-03,30.010000228881836
2017-07-04,29.959999084472656
2017-07-05,29.92999839782715
2017-07-06,29.90999984741211
2017-07-07,29.92999839782715
2017-07-08,29.90999984741211
2017-07-09,29.8799991607666
2017-07-10,29.84000015258789
2017-07-11,29.809999465942383
2017-07-12,29.779998779296875
2017-07-13,29.739999771118164
2017-07-14,29.729999542236328
2017-07-15,29.760000228881836
2017-07-16,29.779998779296875
2017-07-17,29.76999855041504
2017-07-18,29.760000228881836
2017-07-19,29.78999900817871
2017-07-20,29.809999465942383
2017-07-21,29.829999923706055
2017-07-22,29.799999237060547
2017-07-23,29.829999923706055
2017-07-24,29.809999465942383
2017-07-25,29.84000015258789
2017-07-26,29.849998474121094
2017-07-27,29.889999389648438
2017-07-28,29.889999389648438
2017-07-29,30.029998779296875
2017-07-30,29.94999885559082
2017-07-31,29.920000076293945
2017-08-01,30.059999465942383
2017-08-02,30.099998474121094
2017-08-03,30.01999855041504
2017-08-04,29.979999542236328
2017-08-05,29.939998626708984
2017-08-06,29.899999618530273
2017-08-07,29.85999870300293
2017-08-08,29.849998474121094
2017-08-09,29.829999923706055
2017-08-10,29.719999313354492
2017-08-11,29.56999969482422
2017-08-12,29.42999839782715
2017-08-13,29.28999900817871
2017-08-14,29.25
2017-08-15,29.229999542236328
2017-08-16,29.209999084472656
2017-08-17,29.189998626708984
2017-08-18,29.17999839782715
2017-08-19,29.170000076293945
2017-08-20,29.15999984741211
2017-08-21,29.149999618530273
2017-08-22,29.139999389648438
2017-08-23,29.119998931884766
2017-08-24,29.10999870300293
2017-08-25,29.099998474121094
2017-08-26,29.09000015258789
2017-08-27,29.1299991607666
2017-08-28,29.279998779296875
2017-08-29,29.439998626708984
2017-08-30,30.0
2017-08-31,30.689998626708984
2017-09-01,30.829999923706055
2017-09-02,30.829999923706055
2017-09-03,29.8799991607666
2017-09-04,29.529998779296875
2017-09-05,29.479999542236328
2017-09-06,29.599998474121094
2017-09-07,29.869998931884766
2017-09-08,30.189998626708984
2017-09-09,30.25
2017-09-10,30.279998779296875
2017-09-11,30.420000076293945
2017-09-12,30.59000015258789
2017-09-13,30.6299991607666
2017-09-14,30.639999389648438
2017-09-15,30.639999389648438
2017-09-16,30.59000015258789
2017-09-17,30.549999237060547
2017-09-18,30.51999855041504
2017-09-19,30.510000228881836
2017-09-20,30.049999237060547
2017-09-21,29.65999984741211
2017-09-22,29.619998931884766
2017-09-23,29.619998931884766
2017-09-24,29.60999870300293
2017-09-25,29.60999870300293
2017-09-26,29.599998474121094
2017-09-27,29.549999237060547
2017-09-28,29.729999542236328
2017-09-29,30.209999084472656
2017-09-30,30.31999969482422
2017-10-01,30.19999885559082
2017-10-02,30.10999870300293
2017-10-03,30.099998474121094
2017-10-04,30.079999923706055
2017-10-05,30.06999969482422
2017-10-06,30.079999923706055
2017-10-07,30.139999389648438
2017-10-08,30.17999839782715
2017-10-09,30.170000076293945
2017-10-10,30.149999618530273
2017-10-11,30.049999237060547
2017-10-12,29.989999771118164
2017-10-13,29.989999771118164
2017-10-14,29.969999313354492
2017-10-15,29.959999084472656
2017-10-16,29.94999885559082
2017-10-17,30.049999237060547
2017-10-18,29.8799991607666
2017-10-19,29.939998626708984
2017-10-20,30.53999900817871
2017-10-21,30.579999923706055
2017-10-22,30.099998474121094
2017-10-23,30.029998779296875
2017-10-24,30.40999984741211
2017-10-25,30.5
2017-10-26,30.42999839782715
2017-10-27,30.19999885559082
2017-10-28,30.26999855041504
2017-10-29,30.219999313354492
2017-10-30,29.889999389648438
2017-10-31,29.40999984741211
2017-11-01,29.219999313354492
2017-11-02,29.25
2017-11-03,29.25
2017-11-04,29.25
2017-11-05,29.219999313354492
2017-11-06,29.15999984741211
2017-11-07,29.010000228881836
2017-11-08,28.76999855041504
2017-11-09,28.869998931884766
2017-11-10,28.899999618530273
2017-11-11,28.8799991607666
2017-11-12,28.739999771118164
2017-11-13,28.69999885559082
2017-11-14,29.26999855041504
2017-11-15,29.53999900817871
2017-11-16,29.439998626708984
2017-11-17,29.510000228881836
2017-11-18,29.920000076293945
2017-11-19,29.889999389648438
2017-11-20,29.619998931884766
2017-11-21,28.549999237060547
2017-11-22,27.489999771118164
2017-11-23,27.309999465942383
2017-11-24,27.26999855041504
2017-11-25,27.619998931884766
2017-11-26,27.90999984741211
2017-11-27,27.90999984741211
2017-11-28,27.849998474121094
2017-11-29,27.889999389648438
2017-11-30,28.26999855041504
2017-12-01,28.279998779296875
2017-12-02,28.15999984741211
2017-12-03,28.209999084472656
2017-12-04,28.119998931884766
2017-12-05,27.35999870300293
2017-12-06,27.309999465942383
2017-12-07,27.619998931884766
2017-12-08,27.779998779296875
2017-12-09,27.829999923706055
2017-12-10,28.0
2017-12-11,28.139999389648438
2017-12-12,28.299999237060547
2017-12-13,28.31999969482422
2017-12-14,28.43000030517578
2017-12-15,28.459999084472656
2017-12-16,28.489999771118164
2017-12-17,28.029998779296875
2017-12-18,27.279998779296875
2017-12-19,26.479999542236328
2017-12-20,26.079999923706055
2017-12-21,25.68000030517578
2017-12-22,25.43000030517578
2017-12-23,25.459999084472656
2017-12-24,25.479999542236328
2017-12-25,25.559999465942383
2017-12-26,25.670000076293945
2017-12-27,25.6299991607666
2017-12-28,25.649999618530273
2017-12-29,25.709999084472656
2017-12-30,25.579999923706055
2017-12-31,25.869998931884766
2018-01-01,25.809999465942383
2018-01-02,26.0
2018-01-03,26.10999870300293
2018-01-04,26.1299991607666
2018-01-05,26.139999389648438
2018-01-06,26.389999389648438
2018-01-07,26.559999465942383
2018-01-08,26.979999542236328
2018-01-09,27.479999542236328
2018-01-10,27.459999084472656
2018-01-11,26.26999855041504
2018-01-12,26.0
2018-01-13,25.779998779296875
2018-01-14,25.78999900817871
2018-01-15,26.149999618530273
2018-01-16,26.209999084472656
2018-01-17,26.5
2018-01-18,26.81999969482422
2018-01-19,27.119998931884766
2018-01-20,27.119998931884766
2018-01-21,27.53999900817871
2018-01-22,27.809999465942383
2018-01-23,28.06999969482422
2018-01-24,27.739999771118164
2018-01-25,27.670000076293945
2018-01-26,27.689998626708984
2018-01-27,27.719999313354492
2018-01-28,27.799999237060547
2018-01-29,27.719999313354492
2018-01-30,27.60999870300293
2018-01-31,27.53999900817871
2018-02-01,27.65999984741211
2018-02-02,27.439998626708984
2018-02-03,26.799999237060547
2018-02-04,26.689998626708984
2018-02-05,26.56999969482422
2018-02-06,26.489999771118164
2018-02-07,26.559999465942383
2018-02-08,26.68000030517578
2018-02-09,26.81999969482422
2018-02-10,26.920000076293945
2018-02-11,27.03999900817871
2018-02-12,27.119998931884766
2018-02-13,26.989999771118164
2018-02-14,27.25
2018-02-15,27.389999389648438
2018-02-16,27.579999923706055
2018-02-17,27.670000076293945
2018-02-18,27.81999969482422
2018-02-19,27.78999900817871
2018-02-20,27.969999313354492
2018-02-21,28.1299991607666
2018-02-22,28.209999084472656
2018-02-23,28.219999313354492
2018-02-24,28.1299991607666
2018-02-25,28.119998931884766
2018-02-26,28.10999870300293
2018-02-27,28.559999465942383
2018-02-28,28.78999900817871
2018-03-01,28.85999870300293
2018-03-02,28.8799991607666
2018-03-03,29.0
2018-03-04,29.10999870300293
2018-03-05,29.19999885559082
2018-03-06,29.559999465942383
2018-03-07,29.349998474121094
2018-03-08,29.299999237060547
2018-03-09,29.1299991607666
2018-03-10,28.959999084472656
2018-03-11,29.06999969482422
2018-03-12,29.389999389648438
2018-03-13,29.26999855041504
2018-03-14,29.15999984741211
2018-03-15,29.26999855041504
2018-03-16,29.510000228881836
2018-03-17,29.67999839782715
2018-03-18,29.599998474121094
2018-03-19,29.619998931884766
2018-03-20,29.56999969482422
2018-03-21,29.35999870300293
2018-03-22,29.369998931884766
2018-03-23,30.0
2018-03-24,30.079999923706055
2018-03-25,29.92999839782715
2018-03-26,29.809999465942383
2018-03-27,29.689998626708984
2018-03-28,29.75
2018-03-29,29.799999237060547
2018-03-30,29.899999618530273
2018-03-31,29.889999389648438
2018-04-01,29.889999389648438
2018-04-02,29.84000015258789
2018-04-03,29.84000015258789
2018-04-04,29.84000015258789
2018-04-05,30.079999923706055
2018-04-06,30.26999855041504
2018-04-07,29.94999885559082
2018-04-08,29.28999900817871
2018-04-09,29.219999313354492
2018-04-10,29.349998474121094
2018-04-11,29.459999084472656
2018-04-12,29.6299991607666
2018-04-13,29.709999084472656
2018-04-14,29.799999237060547
2018-04-15,29.829999923706055
2018-04-16,29.739999771118164
2018-04-17,29.979999542236328
2018-04-18,30.01999855041504
2018-04-19,30.139999389648438
2018-04-20,30.209999084472656
2018-04-21,30.44999885559082
2018-04-22,30.739999771118164
2018-04-23,30.76999855041504
2018-04-24,30.760000228881836
2018-04-25,30.739999771118164
2018-04-26,30.689998626708984
2018-04-27,30.56999969482422
2018-04-28,30.53999900817871
2018-04-29,30.53999900817871
2018-04-30,30.529998779296875
2018-05-01,30.529998779296875
2018-05-02,30.51999855041504
2018-05-03,30.510000228881836
2018-05-04,30.5
2018-05-05,30.34000015258789
2018-05-06,30.369998931884766
2018-05-07,30.3799991607666
2018-05-08,30.510000228881836
2018-05-09,30.479999542236328
2018-05-10,30.5
2018-05-11,30.670000076293945
2018-05-12,30.6299991607666
2018-05-13,30.459999084472656
2018-05-14,30.44999885559082
2018-05-15,30.489999771118164
2018-05-16,30.529998779296875
2018-05-17,30.53999900817871
2018-05-18,30.649999618530273
2018-05-19,30.649999618530273
2018-05-20,30.579999923706055
2018-05-21,30.579999923706055
2018-05-22,30.56999969482422
2018-05-23,30.559999465942383
2018-05-24,30.53999900817871
2018-05-25,30.510000228881836
2018-05-26,30.469999313354492
2018-05-27,30.44999885559082
2018-05-28,30.420000076293945
2018-05-29,30.389999389648438
2018-05-30,30.369998931884766
2018-05-31,30.34000015258789
2018-06-01,30.31999969482422
2018-06-02,30.299999237060547
2018-06-03,30.26999855041504
2018-06-04,30.25
2018-06-05,30.219999313354492
2018-06-06,30.19999885559082
2018-06-07,30.17999839782715
2018-06-08,30.15999984741211
2018-06-09,30.1299991607666
2018-06-10,30.10999870300293
2018-06-11,30.09000015258789
2018-06-12,30.1299991607666
2018-06-13,30.119998931884766
2018-06-14,30.01999855041504
2018-06-15,29.959999084472656
2018-06-16,29.939998626708984
2018-06-17,29.920000076293945
2018-06-18,29.899999618530273
2018-06-19,29.8799991607666
2018-06-20,29.81999969482422
2018-06-21,29.67999839782715
2018-06-22,29.619998931884766
2018-06-23,29.51999855041504
2018-06-24,29.469999313354492
2018-06-25,29.489999771118164
2018-06-26,29.510000228881836
2018-06-27,29.51999855041504
2018-06-28,29.53999900817871
2018-06-29,30.049999237060547
2018-06-30,30.229999542236328
2018-07-01,30.349998474121094
2018-07-02,30.349998474121094
2018-07-03,30.34000015258789
2018-07-04,30.299999237060547
2018-07-05,30.26999855041504
2018-07-06,30.229999542236328
2018-07-07,29.81999969482422
2018-07-08,29.60999870300293
2018-07-09,29.56999969482422
2018-07-10,29.53999900817871
2018-07-11,29.510000228881836
2018-07-12,29.479999542236328
2018-07-13,29.44999885559082
2018-07-14,29.420000076293945
2018-07-15,29.389999389648438
2018-07-16,29.35999870300293
2018-07-17,29.34000015258789
2018-07-18,29.31999969482422
2018-07-19,29.299999237060547
2018-07-20,29.28999900817871
2018-07-21,29.26999855041504
2018-07-22,29.25
2018-07-23,29.239999771118164
2018-07-24,29.219999313354492
2018-07-25,29.19999885559082
2018-07-26,29.189998626708984
2018-07-27,29.170000076293945
2018-07-28,29.15999984741211
2018-07-29,29.139999389648438
2018-07-30,29.119998931884766
2018-07-31,29.10999870300293
2018-08-01,28.989999771118164
2018-08-02,28.639999389648438
2018-08-03,28.549999237060547
2018-08-04,28.56999969482422
2018-08-05,28.59000015258789
2018-08-06,28.599998474121094
2018-08-07,28.60999870300293
2018-08-08,28.6299991607666
2018-08-09,28.65999984741211
2018-08-10,28.670000076293945
2018-08-11,28.65999984741211
2018-08-12,28.649999618530273
2018-08-13,28.649999618530273
2018-08-14,28.639999389648438
2018-08-15,28.639999389648438
2018-08-16,28.6299991607666
2018-08-17,28.68000030517578
2018-08-18,28.81999969482422
2018-08-19,28.489999771118164
2018-08-20,28.219999313354492
2018-08-21,28.149999618530273
2018-08-22,28.149999618530273
2018-08-23,28.15999984741211
2018-08-24,28.170000076293945
2018-08-25,28.170000076293945
2018-08-26,28.18000030517578
2018-08-27,28.189998626708984
2018-08-28,28.19999885559082
2018-08-29,28.209999084472656
2018-08-30,28.219999313354492
2018-08-31,28.510000228881836
2018-09-01,28.559999465942383
2018-09-02,28.76999855041504
2018-09-03,28.979999542236328
2018-09-04,28.969999313354492
2018-09-05,29.079999923706055
2018-09-06,29.149999618530273
2018-09-07,29.189998626708984
2018-09-08,29.209999084472656
2018-09-09,29.35999870300293
2018-09-10,29.479999542236328
2018-09-11,29.56999969482422
2018-09-12,29.639999389648438
2018-09-13,29.69999885559082
2018-09-14,29.760000228881836
2018-09-15,29.81999969482422
2018-09-16,29.889999389648438
2018-09-17,29.939998626708984
2018-09-18,29.939998626708984
2018-09-19,29.920000076293945
2018-09-20,29.639999389648438
2018-09-21,29.51999855041504
2018-09-22,29.170000076293945
2018-09-23,28.939998626708984
2018-09-24,29.279998779296875
2018-09-25,29.479999542236328
2018-09-26,29.549999237060547
2018-09-27,29.8799991607666
2018-09-28,29.939998626708984
2018-09-29,29.920000076293945
2018-09-30,29.899999618530273
2018-10-01,29.8799991607666
2018-10-02,29.85999870300293
2018-10-03,29.85999870300293
2018-10-04,29.8799991607666
2018-10-05,29.90999984741211
2018-10-06,30.0
2018-10-07,30.15999984741211
2018-10-08,30.099998474121094
2018-10-09,30.09000015258789
2018-10-10,30.35999870300293
2018-10-11,30.489999771118164
2018-10-12,30.510000228881836
2018-10-13,30.44999885559082
2018-10-14,30.170000076293945
2018-10-15,30.139999389648438
2018-10-16,29.719999313354492
2018-10-17,29.670000076293945
2018-10-18,29.67999839782715
2018-10-19,29.719999313354492
2018-10-20,29.739999771118164
2018-10-21,29.59000015258789
2018-10-22,29.719999313354492
2018-10-23,29.760000228881836
2018-10-24,29.899999618530273
2018-10-25,29.869998931884766
2018-10-26,30.049999237060547
2018-10-27,30.139999389648438
2018-10-28,30.0
2018-10-29,30.06999969482422
2018-10-30,30.03999900817871
2018-10-31,29.779998779296875
2018-11-01,29.219999313354492
2018-11-02,28.8799991607666
2018-11-03,28.779998779296875
2018-11-04,28.93000030517578
2018-11-05,28.689998626708984
2018-11-06,28.53999900817871
2018-11-07,28.479999542236328
2018-11-08,28.5
2018-11-09,28.529998779296875
2018-11-10,28.56999969482422
2018-11-11,28.579999923706055
2018-11-12,29.059999465942383
2018-11-13,29.260000228881836
2018-11-14,29.719999313354492
2018-11-15,29.889999389648438
2018-11-16,29.849998474121094
2018-11-17,29.689998626708984
2018-11-18,29.3799991607666
2018-11-19,29.149999618530273
2018-11-20,29.849998474121094
2018-11-21,30.15999984741211
2018-11-22,29.969999313354492
2018-11-23,30.010000228881836
2018-11-24,29.779998779296875
2018-11-25,29.59000015258789
2018-11-26,29.53999900817871
2018-11-27,29.389999389648438
2018-11-28,28.969999313354492
2018-11-29,28.979999542236328
2018-11-30,29.09000015258789
2018-12-01,29.239999771118164
2018-12-02,29.19999885559082
2018-12-03,29.599998474121094
2018-12-04,29.739999771118164
2018-12-05,29.76999855041504
2018-12-06,29.94999885559082
2018-12-07,30.03999900817871
2018-12-08,29.969999313354492
2018-12-09,29.90999984741211
2018-12-10,29.649999618530273
2018-12-11,29.6299991607666
2018-12-12,28.869998931884766
2018-12-13,28.60999870300293
2018-12-14,28.59000015258789
2018-12-15,28.28999900817871
2018-12-16,28.19999885559082
2018-12-17,28.299999237060547
2018-12-18,28.299999237060547
2018-12-19,28.35999870300293
2018-12-20,28.729999542236328
2018-12-21,28.779998779296875
2018-12-22,28.76999855041504
2018-12-23,28.719999313354492
2018-12-24,28.739999771118164
2018-12-25,28.78999900817871
2018-12-26,28.579999923706055
2018-12-27,28.6299991607666
2018-12-28,28.56999969482422
2018-12-29,28.439998626708984
2018-12-30,28.260000228881836
2018-12-31,28.079999923706055
2019-01-01,27.85999870300293
2019-01-02,27.439998626708984
2019-01-03,27.389999389648438
2019-01-04,27.549999237060547
2019-01-05,27.760000228881836
2019-01-06,27.739999771118164
2019-01-07,27.709999084472656
2019-01-08,27.75
2019-01-09,27.65999984741211
2019-01-10,27.989999771118164
2019-01-11,28.209999084472656
2019-01-12,28.389999389648438
2019-01-13,28.68000030517578
2019-01-14,28.69999885559082
2019-01-15,28.599998474121094
2019-01-16,28.599998474121094
2019-01-17,28.639999389648438
2019-01-18,28.510000228881836
2019-01-19,28.469999313354492
2019-01-20,28.56999969482422
2019-01-21,28.56999969482422
2019-01-22,28.3799991607666
2019-01-23,28.329999923706055
2019-01-24,28.31999969482422
2019-01-25,28.479999542236328
2019-01-26,28.28999900817871
2019-01-27,28.059999465942383
2019-01-28,28.10999870300293
2019-01-29,27.93000030517578
2019-01-30,27.959999084472656
2019-01-31,28.1299991607666
2019-02-01,28.19999885559082
2019-02-02,28.1299991607666
2019-02-03,28.189998626708984
2019-02-04,28.229999542236328
2019-02-05,27.979999542236328
2019-02-06,28.15999984741211
2019-02-07,28.219999313354492
2019-02-08,28.239999771118164
2019-02-09,28.26999855041504
2019-02-10,28.239999771118164
2019-02-11,28.399999618530273
2019-02-12,28.53999900817871
2019-02-13,28.56999969482422
2019-02-14,28.459999084472656
2019-02-15,28.5
2019-02-16,28.60999870300293
2019-02-17,28.51999855041504
2019-02-18,28.5
2019-02-19,28.479999542236328
2019-02-20,28.479999542236328
2019-02-21,28.559999465942383
2019-02-22,28.53999900817871
2019-02-23,28.670000076293945
2019-02-24,28.739999771118164
2019-02-25,28.939998626708984
2019-02-26,28.969999313354492
2019-02-27,29.010000228881836
2019-02-28,29.079999923706055
2019-03-01,29.06999969482422
2019-03-02,28.969999313354492
2019-03-03,28.799999237060547
2019-03-04,28.81999969482422
2019-03-05,28.989999771118164
2019-03-06,28.979999542236328
2019-03-07,29.15999984741211
2019-03-08,29.19999885559082
2019-03-09,29.299999237060547
2019-03-10,29.34000015258789
2019-03-11,29.279998779296875
2019-03-12,29.309999465942383
2019-03-13,29.40999984741211
2019-03-14,29.510000228881836
2019-03-15,29.439998626708984
2019-03-16,29.329999923706055
2019-03-17,29.3799991607666
2019-03-18,29.42999839782715
2019-03-19,29.420000076293945
2019-03-20,29.389999389648438
2019-03-21,29.510000228881836
2019-03-22,29.6299991607666
2019-03-23,29.579999923706055
2019-03-24,29.56999969482422
2019-03-25,29.579999923706055
2019-03-26,29.60999870300293
2019-03-27,29.60999870300293
2019-03-28,29.90999984741211
2019-03-29,29.92999839782715
2019-03-30,30.139999389648438
2019-03-31,30.149999618530273
2019-04-01,30.139999389648438
2019-04-02,30.219999313354492
2019-04-03,30.479999542236328
2019-04-04,30.689998626708984
2019-04-05,30.689998626708984
2019-04-06,30.469999313354492
2019-04-07,30.5
2019-04-08,30.639999389648438
2019-04-09,30.739999771118164
2019-04-10,30.739999771118164
2019-04-11,30.81999969482422
2019-04-12,30.719999313354492
2019-04-13,30.6299991607666
2019-04-14,30.59000015258789
2019-04-15,31.0
2019-04-16,31.079999923706055
2019-04-17,31.119998931884766
2019-04-18,31.06999969482422
2019-04-19,30.899999618530273
2019-04-20,31.239999771118164
2019-04-21,31.28999900817871
2019-04-22,31.26999855041504
2019-04-23,31.06999969482422
2019-04-24,31.010000228881836
2019-04-25,30.989999771118164
2019-04-26,30.969999313354492
2019-04-27,30.389999389648438
2019-04-28,31.01999855041504
2019-04-29,31.309999465942383
2019-04-30,31.309999465942383
2019-05-01,32.11000061035156
2019-05-02,32.0099983215332
2019-05-03,31.75
2019-05-04,31.649999618530273
2019-05-05,31.59000015258789
2019-05-06,31.559999465942383
2019-05-07,31.619998931884766
2019-05-08,31.619998931884766
2019-05-09,31.549999237060547
2019-05-10,31.44999885559082
2019-05-11,31.439998626708984
2019-05-12,31.42999839782715
2019-05-13,31.40999984741211
2019-05-14,31.35999870300293
2019-05-15,31.260000228881836
2019-05-16,31.219999313354492
2019-05-17,31.439998626708984
2019-05-18,31.619998931884766
2019-05-19,31.6299991607666
2019-05-20,31.59000015258789
2019-05-21,31.549999237060547
2019-05-22,31.489999771118164
2019-05-23,31.42999839782715
2019-05-24,31.35999870300293
2019-05-25,31.35999870300293
2019-05-26,31.459999084472656
2019-05-27,31.44999885559082
2019-05-28,31.40999984741211
2019-05-29,31.25
2019-05-30,30.920000076293945
2019-05-31,30.85999870300293
2019-06-01,30.84000015258789
2019-06-02,30.809999465942383
2019-06-03,30.76999855041504
2019-06-04,30.729999542236328
2019-06-05,30.729999542236328
2019-06-06,30.84000015258789
2019-06-07,30.979999542236328
2019-06-08,31.06999969482422
2019-06-09,30.969999313354492
2019-06-10,30.889999389648438
2019-06-11,30.84000015258789
2019-06-12,30.78999900817871
2019-06-13,30.809999465942383
2019-06-14,30.56999969482422
2019-06-15,30.399999618530273
2019-06-16,30.329999923706055
2019-06-17,30.239999771118164
2019-06-18,30.51999855041504
2019-06-19,30.51999855041504
2019-06-20,30.35999870300293
2019-06-21,30.369998931884766
2019-06-22,30.5
2019-06-23,30.489999771118164
2019-06-24,30.399999618530273
2019-06-25,30.329999923706055
2019-06-26,30.26999855041504
2019-06-27,30.219999313354492
2019-06-28,30.149999618530273
2019-06-29,30.10999870300293
2019-06-30,30.079999923706055
2019-07-01,30.03999900817871
2019-07-02,30.0
2019-07-03,29.959999084472656
2019-07-04,29.92999839782715
2019-07-05,30.0
2019-07-06,29.989999771118164
2019-07-07,30.03999900817871
2019-07-08,29.969999313354492
2019-07-09,29.85999870300293
2019-07-10,29.779998779296875
2019-07-11,29.899999618530273
2019-07-12,30.149999618530273
2019-07-13,30.149999618530273
2019-07-14,30.189998626708984
2019-07-15,30.170000076293945
2019-07-16,30.029998779296875
2019-07-17,30.010000228881836
2019-07-18,30.209999084472656
2019-07-19,30.1299991607666
2019-07-20,29.849998474121094
2019-07-21,29.729999542236328
2019-07-22,29.649999618530273
2019-07-23,29.85999870300293
2019-07-24,30.010000228881836
2019-07-25,29.92999839782715
2019-07-26,29.670000076293945
2019-07-27,29.649999618530273
2019-07-28,29.85999870300293
2019-07-29,29.94999885559082
2019-07-30,29.90999984741211
2019-07-31,29.969999313354492
2019-08-01,30.059999465942383
2019-08-02,30.10999870300293
2019-08-03,30.170000076293945
2019-08-04,30.219999313354492
2019-08-05,30.25
2019-08-06,30.260000228881836
2019-08-07,30.239999771118164
2019-08-08,30.25
2019-08-09,30.229999542236328
2019-08-10,30.229999542236328
2019-08-11,30.19999885559082
2019-08-12,30.170000076293945
2019-08-13,30.1299991607666
2019-08-14,29.5
2019-08-15,29.40999984741211
2019-08-16,29.420000076293945
2019-08-17,29.399999618530273
2019-08-18,29.239999771118164
2019-08-19,29.279998779296875
2019-08-20,29.079999923706055
2019-08-21,29.15999984741211
2019-08-22,29.19999885559082
2019-08-23,29.17999839782715
2019-08-24,29.15999984741211
2019-08-25,29.139999389648438
2019-08-26,29.119998931884766
2019-08-27,28.90999984741211
2019-08-28,28.90999984741211
2019-08-29,28.90999984741211
2019-08-30,28.889999389648438
2019-08-31,28.8799991607666
2019-09-01,28.869998931884766
2019-09-02,28.85999870300293
2019-09-03,28.849998474121094
2019-09-04,28.939998626708984
2019-09-05,29.10999870300293
2019-09-06,29.03999900817871
2019-09-07,29.209999084472656
2019-09-08,29.25
2019-09-09,29.239999771118164
2019-09-10,29.26999855041504
2019-09-11,29.229999542236328
2019-09-12,29.15999984741211
2019-09-13,29.03999900817871
2019-09-14,29.03999900817871
2019-09-15,29.03999900817871
2019-09-16,29.03999900817871
2019-09-17,29.06999969482422
2019-09-18,29.079999923706055
2019-09-19,29.06999969482422
2019-09-20,29.079999923706055
2019-09-21,29.079999923706055
2019-09-22,29.09000015258789
2019-09-23,29.119998931884766
2019-09-24,29.17999839782715
2019-09-25,29.459999084472656
2019-09-26,29.979999542236328
2019-09-27,29.899999618530273
2019-09-28,29.92999839782715
2019-09-29,30.0
2019-09-30,30.170000076293945
2019-10-01,30.19999885559082
2019-10-02,30.149999618530273
2019-10-03,30.139999389648438
2019-10-04,30.029998779296875
2019-10-05,29.94999885559082
2019-10-06,29.90999984741211
2019-10-07,29.78999900817871
2019-10-08,29.76999855041504
2019-10-09,29.799999237060547
2019-10-10,30.17999839782715
2019-10-11,30.17999839782715
2019-10-12,30.17999839782715
2019-10-13,30.029998779296875
2019-10-14,29.899999618530273
2019-10-15,29.729999542236328
2019-10-16,29.939998626708984
2019-10-17,30.15999984741211
2019-10-18,30.139999389648438
2019-10-19,29.969999313354492
2019-10-20,30.049999237060547
2019-10-21,30.229999542236328
2019-10-22,30.17999839782715
2019-10-23,30.31999969482422
2019-10-24,30.35999870300293
2019-10-25,30.510000228881836
2019-10-26,30.69999885559082
2019-10-27,30.729999542236328
2019-10-28,30.479999542236328
2019-10-29,30.399999618530273
2019-10-30,30.389999389648438
2019-10-31,30.369998931884766
2019-11-01,30.329999923706055
2019-11-02,29.969999313354492
2019-11-03,29.579999923706055
2019-11-04,29.469999313354492
2019-11-05,29.67999839782715
2019-11-06,29.779998779296875
2019-11-07,29.729999542236328
2019-11-08,29.78999900817871
2019-11-09,29.85999870300293
2019-11-10,29.619998931884766
2019-11-11,29.53999900817871
2019-11-12,29.559999465942383
2019-11-13,29.479999542236328
2019-11-14,29.420000076293945
2019-11-15,29.029998779296875
2019-11-16,29.389999389648438
2019-11-17,29.369998931884766
2019-11-18,29.389999389648438
2019-11-19,29.26999855041504
2019-11-20,28.959999084472656
2019-11-21,28.989999771118164
2019-11-22,29.01999855041504
2019-11-23,28.899999618530273
2019-11-24,28.939998626708984
2019-11-25,28.869998931884766
2019-11-26,28.689998626708984
2019-11-27,28.76999855041504
2019-11-28,28.869998931884766
2019-11-29,28.739999771118164
2019-11-30,28.739999771118164
2019-12-01,29.059999465942383
2019-12-02,28.969999313354492
2019-12-03,28.53999900817871
2019-12-04,27.899999618530273
2019-12-05,27.399999618530273
2019-12-06,26.959999084472656
2019-12-07,26.549999237060547
2019-12-08,26.079999923706055
2019-12-09,26.059999465942383
2019-12-10,25.809999465942383
2019-12-11,25.899999618530273
2019-12-12,26.059999465942383
2019-12-13,26.049999237060547
2019-12-14,26.299999237060547
2019-12-15,26.649999618530273
2019-12-16,27.010000228881836
2019-12-17,27.189998626708984
2019-12-18,27.299999237060547
2019-12-19,27.420000076293945
2019-12-20,27.309999465942383
2019-12-21,27.529998779296875
2019-12-22,27.35999870300293
2019-12-23,27.369998931884766
2019-12-24,27.549999237060547
2019-12-25,27.65999984741211
2019-12-26,27.69999885559082
2019-12-27,27.6299991607666
2019-12-28,27.689998626708984
2019-12-29,27.69999885559082
2019-12-30,27.670000076293945
2019-12-31,27.549999237060547
2020-01-01,27.56999969482422
2020-01-02,27.84000015258789
2020-01-03,28.01999855041504
2020-01-04,28.09000015258789
2020-01-05,28.15999984741211
2020-01-06,28.239999771118164
2020-01-07,28.239999771118164
2020-01-08,28.719999313354492
2020-01-09,28.81999969482422
2020-01-10,28.809999465942383
2020-01-11,28.619998931884766
2020-01-12,28.479999542236328
2020-01-13,28.35999870300293
2020-01-14,28.26999855041504
2020-01-15,28.299999237060547
2020-01-16,28.34000015258789
2020-01-17,28.420000076293945
2020-01-18,28.510000228881836
2020-01-19,28.60999870300293
2020-01-20,28.599998474121094
2020-01-21,28.670000076293945
2020-01-22,28.639999389648438
2020-01-23,28.43000030517578
2020-01-24,28.35999870300293
2020-01-25,28.389999389648438
2020-01-26,28.389999389648438
2020-01-27,28.420000076293945
2020-01-28,28.19999885559082
2020-01-29,28.079999923706055
2020-01-30,28.010000228881836
2020-01-31,27.809999465942383
2020-02-01,27.869998931884766
2020-02-02,27.90999984741211
2020-02-03,28.029998779296875
2020-02-04,28.1299991607666
2020-02-05,28.149999618530273
2020-02-06,28.099998474121094
2020-02-07,28.229999542236328
2020-02-08,28.209999084472656
2020-02-09,28.09000015258789
2020-02-10,28.65999984741211
2020-02-11,28.689998626708984
2020-02-12,28.639999389648438
2020-02-13,28.53999900817871
2020-02-14,28.579999923706055
2020-02-15,28.53999900817871
2020-02-16,28.469999313354492
2020-02-17,28.6299991607666
2020-02-18,28.489999771118164
2020-02-19,28.309999465942383
2020-02-20,28.35999870300293
2020-02-21,28.18000030517578
2020-02-22,28.170000076293945
2020-02-23,28.18000030517578
2020-02-24,28.26999855041504
2020-02-25,28.209999084472656
2020-02-26,28.1299991607666
2020-02-27,28.029998779296875
2020-02-28,27.93000030517578
2020-02-29,27.899999618530273
2020-03-01,28.25
2020-03-02,28.239999771118164
2020-03-03,28.309999465942383
2020-03-04,28.549999237060547
2020-03-05,28.35999870300293
2020-03-06,28.44999885559082
2020-03-07,28.68000030517578
2020-03-08,28.829999923706055
2020-03-09,28.85999870300293
2020-03-10,28.93000030517578
2020-03-11,29.06999969482422
2020-03-12,29.049999237060547
2020-03-13,29.09000015258789
2020-03-14,29.1299991607666
2020-03-15,28.809999465942383
2020-03-16,29.03999900817871
2020-03-17,29.239999771118164
2020-03-18,29.119998931884766
2020-03-19,29.06999969482422
2020-03-20,29.17999839782715
2020-03-21,29.349998474121094
2020-03-22,29.489999771118164
2020-03-23,29.489999771118164
2020-03-24,29.479999542236328
2020-03-25,29.559999465942383
2020-03-26,29.6299991607666
2020-03-27,29.719999313354492
2020-03-28,29.84000015258789
2020-03-29,29.8799991607666
2020-03-30,29.920000076293945
2020-03-31,29.939998626708984
2020-04-01,30.079999923706055
2020-04-02,30.28999900817871
2020-04-03,30.369998931884766
2020-04-04,30.42999839782715
2020-04-05,30.389999389648438
2020-04-06,30.26999855041504
2020-04-07,30.279998779296875
2020-04-08,30.260000228881836
2020-04-09,30.31999969482422
2020-04-10,30.44999885559082
2020-04-11,30.59000015258789
2020-04-12,30.619998931884766
2020-04-13,30.670000076293945
2020-04-14,30.65999984741211
2020-04-15,30.599998474121094
2020-04-16,30.559999465942383
2020-04-17,30.51999855041504
2020-04-18,30.76999855041504
2020-04-19,30.81999969482422
2020-04-20,30.959999084472656
2020-04-21,31.010000228881836
2020-04-22,31.01999855041504
2020-04-23,31.03999900817871
2020-04-24,30.94999885559082
2020-04-25,30.939998626708984
2020-04-26,30.969999313354492
2020-04-27,30.979999542236328
2020-04-28,30.959999084472656
2020-04-29,30.959999084472656
2020-04-30,30.969999313354492
2020-05-01,30.920000076293945
2020-05-02,31.119998931884766
2020-05-03,31.15999984741211
2020-05-04,31.079999923706055
2020-05-05,31.010000228881836
2020-05-06,30.979999542236328
2020-05-07,30.920000076293945
2020-05-08,31.189998626708984
2020-05-09,31.209999084472656
2020-05-10,31.17999839782715
2020-05-11,31.299999237060547
2020-05-12,31.329999923706055
2020-05-13,31.34000015258789
2020-05-14,31.369998931884766
2020-05-15,31.459999084472656
2020-05-16,31.420000076293945
2020-05-17,31.06999969482422
2020-05-18,31.010000228881836
2020-05-19,31.25
2020-05-20,31.279998779296875
2020-05-21,31.260000228881836
2020-05-22,31.170000076293945
2020-05-23,30.869998931884766
2020-05-24,30.649999618530273
2020-05-25,30.420000076293945
2020-05-26,30.170000076293945
2020-05-27,30.06999969482422
2020-05-28,30.03999900817871
2020-05-29,29.94999885559082
2020-05-30,29.8799991607666
2020-05-31,29.799999237060547
2020-06-01,29.260000228881836
2020-06-02,28.81999969482422
2020-06-03,28.869998931884766
2020-06-04,29.03999900817871
2020-06-05,29.219999313354492
2020-06-06,29.299999237060547
2020-06-07,29.369998931884766
2020-06-08,29.469999313354492
2020-06-09,29.489999771118164
2020-06-10,29.479999542236328
2020-06-11,29.469999313354492
2020-06-12,29.459999084472656
2020-06-13,29.44999885559082
2020-06-14,29.44999885559082
2020-06-15,29.439998626708984
2020-06-16,29.439998626708984
2020-06-17,29.42999839782715
2020-06-18,29.56999969482422
2020-06-19,29.959999084472656
2020-06-20,30.399999618530273
2020-06-21,30.65999984741211
2020-06-22,31.059999465942383
2020-06-23,31.099998474121094
2020-06-24,30.809999465942383
2020-06-25,30.729999542236328
2020-06-26,30.75
2020-06-27,30.689998626708984
2020-06-28,30.559999465942383
2020-06-29,30.44999885559082
2020-06-30,30.35999870300293
2020-07-01,30.309999465942383
2020-07-02,30.260000228881836
2020-07-03,30.209999084472656
2020-07-04,30.15999984741211
2020-07-05,30.189998626708984
2020-07-06,30.799999237060547
2020-07-07,30.84000015258789
2020-07-08,30.81999969482422
2020-07-09,30.709999084472656
2020-07-10,30.53999900817871
2020-07-11,30.469999313354492
2020-07-12,30.420000076293945
2020-07-13,30.369998931884766
2020-07-14,30.31999969482422
2020-07-15,30.459999084472656
2020-07-16,30.8799991607666
2020-07-17,30.899999618530273
2020-07-18,30.8799991607666
2020-07-19,30.779998779296875
2020-07-20,30.729999542236328
2020-07-21,30.92999839782715
2020-07-22,31.099998474121094
2020-07-23,31.10999870300293
2020-07-24,30.969999313354492
2020-07-25,30.939998626708984
2020-07-26,30.849998474121094
2020-07-27,30.69999885559082
2020-07-28,30.549999237060547
2020-07-29,30.60999870300293
2020-07-30,30.889999389648438
2020-07-31,30.899999618530273
2020-08-01,30.849998474121094
2020-08-02,30.799999237060547
2020-08-03,30.760000228881836
2020-08-04,30.709999084472656
2020-08-05,30.65999984741211
2020-08-06,30.619998931884766
2020-08-07,30.579999923706055
2020-08-08,30.529998779296875
2020-08-09,30.489999771118164
2020-08-10,30.439998626708984
2020-08-11,30.3799991607666
2020-08-12,30.329999923706055
2020-08-13,30.279998779296875
2020-08-14,30.239999771118164
2020-08-15,30.189998626708984
2020-08-16,30.149999618530273
2020-08-17,30.119998931884766
2020-08-18,30.85999870300293
2020-08-19,30.94999885559082
2020-08-20,30.92999839782715
2020-08-21,30.8799991607666
2020-08-22,30.829999923706055
2020-08-23,30.779998779296875
2020-08-24,31.260000228881836
2020-08-25,31.34000015258789
2020-08-26,31.3799991607666
2020-08-27,31.369998931884766
2020-08-28,31.189998626708984
2020-08-29,31.119998931884766
2020-08-30,30.899999618530273
2020-08-31,30.729999542236328
2020-09-01,30.670000076293945
2020-09-02,30.56999969482422
2020-09-03,30.51999855041504
2020-09-04,30.889999389648438
2020-09-05,30.889999389648438
2020-09-06,30.85999870300293
2020-09-07,30.899999618530273
2020-09-08,30.559999465942383
2020-09-09,30.510000228881836
2020-09-10,30.619998931884766
2020-09-11,30.65999984741211
2020-09-12,30.599998474121094
2020-09-13,30.53999900817871
2020-09-14,30.489999771118164
2020-09-15,30.75
2020-09-16,30.760000228881836
2020-09-17,30.75
2020-09-18,30.709999084472656
2020-09-19,30.670000076293945
2020-09-20,30.65999984741211
2020-09-21,30.719999313354492
2020-09-22,30.67999839782715
2020-09-23,30.649999618530273
2020-09-24,30.479999542236328
2020-09-25,30.399999618530273
2020-09-26,30.3799991607666
2020-09-27,30.34000015258789
2020-09-28,30.309999465942383
2020-09-29,30.279998779296875
2020-09-30,30.28999900817871
2020-10-01,30.309999465942383
2020-10-02,30.299999237060547
2020-10-03,30.26999855041504
2020-10-04,30.239999771118164
2020-10-05,30.209999084472656
2020-10-06,30.17999839782715
2020-10-07,30.149999618530273
2020-10-08,30.119998931884766
2020-10-09,30.099998474121094
2020-10-10,30.06999969482422
2020-10-11,30.049999237060547
2020-10-12,30.01999855041504
2020-10-13,29.90999984741211
2020-10-14,29.619998931884766
2020-10-15,29.56999969482422
2020-10-16,29.579999923706055
2020-10-17,29.549999237060547
2020-10-18,29.51999855041504
2020-10-19,29.479999542236328
2020-10-20,28.959999084472656
2020-10-21,28.579999923706055
2020-10-22,28.469999313354492
2020-10-23,28.469999313354492
2020-10-24,28.510000228881836
2020-10-25,28.51999855041504
2020-10-26,28.639999389648438
2020-10-27,28.670000076293945
2020-10-28,28.689998626708984
2020-10-29,28.619998931884766
2020-10-30,28.579999923706055
2020-10-31,28.489999771118164
2020-11-01,28.489999771118164
2020-11-02,28.5
2020-11-03,28.729999542236328
2020-11-04,28.78999900817871
2020-11-05,28.709999084472656
2020-11-06,28.75
2020-11-07,28.84000015258789
2020-11-08,28.479999542236328
2020-11-09,28.25
2020-11-10,28.09000015258789
2020-11-11,28.059999465942383
2020-11-12,27.8799991607666
2020-11-13,27.739999771118164
2020-11-14,28.059999465942383
2020-11-15,27.469999313354492
2020-11-16,27.219999313354492
2020-11-17,27.299999237060547
2020-11-18,28.299999237060547
2020-11-19,28.799999237060547
2020-11-20,28.899999618530273
2020-11-21,28.8799991607666
2020-11-22,29.170000076293945
2020-11-23,29.299999237060547
2020-11-24,29.189998626708984
2020-11-25,28.829999923706055
2020-11-26,28.549999237060547
2020-11-27,28.35999870300293
2020-11-28,28.279998779296875
2020-11-29,28.260000228881836
2020-11-30,28.01999855041504
2020-12-01,27.84000015258789
2020-12-02,27.979999542236328
2020-12-03,27.899999618530273
2020-12-04,27.729999542236328
2020-12-05,27.60999870300293
2020-12-06,27.439998626708984
2020-12-07,27.09000015258789
2020-12-08,26.959999084472656
2020-12-09,27.049999237060547
2020-12-10,26.76999855041504
2020-12-11,26.78999900817871
2020-12-12,27.209999084472656
2020-12-13,27.3799991607666
2020-12-14,27.369998931884766
2020-12-15,27.349998474121094
2020-12-16,27.329999923706055
2020-12-17,27.31999969482422
2020-12-18,27.93000030517578
2020-12-19,27.51999855041504
2020-12-20,27.489999771118164
2020-12-21,27.35999870300293
2020-12-22,26.510000228881836
2020-12-23,26.279998779296875
2020-12-24,26.309999465942383
2020-12-25,26.369998931884766
2020-12-26,26.94999885559082
2020-12-27,27.099998474121094
2020-12-28,27.260000228881836
2020-12-29,27.43000030517578
2020-12-30,27.28999900817871
2020-12-31,26.979999542236328
2021-01-01,26.299999237060547
2021-01-02,26.139999389648438
2021-01-03,26.01999855041504
2021-01-04,25.969999313354492
2021-01-05,26.489999771118164
2021-01-06,26.729999542236328
2021-01-07,26.989999771118164
2021-01-08,26.85999870300293
2021-01-09,26.59000015258789
2021-01-10,26.34000015258789
2021-01-11,25.76999855041504
2021-01-12,25.43000030517578
2021-01-13,25.279998779296875
2021-01-14,25.18000030517578
2021-01-15,25.40999984741211
2021-01-16,25.510000228881836
2021-01-17,25.579999923706055
2021-01-18,25.60999870300293
2021-01-19,25.06999969482422
2021-01-20,24.989999771118164
2021-01-21,25.10999870300293
2021-01-22,25.309999465942383
2021-01-23,25.06999969482422
2021-01-24,25.149999618530273
2021-01-25,25.869998931884766
2021-01-26,26.079999923706055
2021-01-27,26.25
2021-01-28,26.309999465942383
2021-01-29,26.469999313354492
2021-01-30,26.68000030517578
2021-01-31,27.209999084472656
2021-02-01,26.689998626708984
2021-02-02,26.6299991607666
2021-02-03,26.69999885559082
2021-02-04,27.029998779296875
2021-02-05,27.09000015258789
2021-02-06,27.01999855041504
2021-02-07,26.809999465942383
2021-02-08,26.40999984741211
2021-02-09,27.079999923706055
2021-02-10,27.139999389648438
2021-02-11,27.029998779296875
2021-02-12,27.059999465942383
2021-02-13,27.309999465942383
2021-02-14,27.309999465942383
2021-02-15,27.28999900817871
2021-02-16,27.279998779296875
2021-02-17,27.119998931884766
2021-02-18,27.18000030517578
2021-02-19,27.26999855041504
2021-02-20,27.239999771118164
2021-02-21,27.189998626708984
2021-02-22,27.209999084472656
2021-02-23,27.44999885559082
2021-02-24,27.469999313354492
2021-02-25,27.479999542236328
2021-02-26,27.51999855041504
2021-02-27,27.51999855041504
2021-02-28,27.68000030517578
2021-03-01,27.760000228881836
2021-03-02,27.849998474121094
2021-03-03,28.139999389648438
2021-03-04,28.3799991607666
2021-03-05,28.3799991607666
2021-03-06,28.51999855041504
2021-03-07,28.459999084472656
2021-03-08,28.3799991607666
2021-03-09,28.399999618530273
2021-03-10,28.8799991607666
2021-03-11,28.989999771118164
2021-03-12,29.0
2021-03-13,28.779998779296875
2021-03-14,28.670000076293945
2021-03-15,28.549999237060547
2021-03-16,28.5
2021-03-17,28.510000228881836
2021-03-18,28.579999923706055
2021-03-19,28.59000015258789
2021-03-20,28.65999984741211
2021-03-21,28.78999900817871
2021-03-22,28.799999237060547
2021-03-23,28.809999465942383
2021-03-24,28.779998779296875
2021-03-25,28.779998779296875
2021-03-26,28.779998779296875
2021-03-27,28.78999900817871
2021-03-28,29.34000015258789
2021-03-29,29.44999885559082
2021-03-30,29.85999870300293
2021-03-31,30.229999542236328
2021-04-01,30.260000228881836
2021-04-02,30.329999923706055
2021-04-03,30.329999923706055
2021-04-04,30.31999969482422
2021-04-05,30.31999969482422
2021-04-06,30.309999465942383
2021-04-07,30.119998931884766
2021-04-08,30.119998931884766
2021-04-09,30.10999870300293
2021-04-10,30.119998931884766
2021-04-11,30.1299991607666
2021-04-12,30.42999839782715
2021-04-13,30.510000228881836
2021-04-14,30.579999923706055
2021-04-15,30.510000228881836
2021-04-16,30.42999839782715
2021-04-17,30.40999984741211
2021-04-18,30.420000076293945
2021-04-19,30.5
2021-04-20,30.399999618530273
2021-04-21,30.349998474121094
2021-04-22,30.549999237060547
2021-04-23,30.60999870300293
2021-04-24,30.599998474121094
2021-04-25,30.599998474121094
2021-04-26,30.59000015258789
2021-04-27,30.719999313354492
2021-04-28,30.849998474121094
2021-04-29,30.8799991607666
2021-04-30,30.829999923706055
2021-05-01,30.799999237060547
2021-05-02,31.369998931884766
2021-05-03,31.420000076293945
2021-05-04,31.3799991607666
2021-05-05,31.420000076293945
2021-05-06,31.399999618530273
2021-05-07,31.3799991607666
2021-05-08,31.35999870300293
2021-05-09,31.31999969482422
2021-05-10,31.279998779296875
2021-05-11,31.369998931884766
2021-05-12,31.329999923706055
2021-05-13,31.3799991607666
2021-05-14,31.399999618530273
2021-05-15,31.399999618530273
2021-05-16,31.469999313354492
2021-05-17,31.599998474121094
2021-05-18,31.60999870300293
2021-05-19,31.399999618530273
2021-05-20,30.920000076293945
2021-05-21,31.389999389648438
2021-05-22,31.459999084472656
2021-05-23,31.35999870300293
2021-05-24,31.28999900817871
2021-05-25,31.260000228881836
2021-05-26,31.28999900817871
2021-05-27,31.189998626708984
2021-05-28,31.10999870300293
2021-05-29,30.849998474121094
2021-05-30,31.01999855041504
2021-05-31,31.229999542236328
2021-06-01,31.31999969482422
2021-06-02,31.260000228881836
2021-06-03,30.959999084472656
2021-06-04,30.979999542236328
2021-06-05,30.969999313354492
2021-06-06,30.670000076293945
2021-06-07,30.739999771118164
2021-06-08,30.76999855041504
2021-06-09,30.420000076293945
2021-06-10,30.010000228881836
2021-06-11,29.94999885559082
2021-06-12,30.06999969482422
2021-06-13,29.979999542236328
2021-06-14,30.010000228881836
2021-06-15,30.25
2021-06-16,30.489999771118164
2021-06-17,30.69999885559082
2021-06-18,30.90999984741211
2021-06-19,31.099998474121094
2021-06-20,31.01999855041504
2021-06-21,30.739999771118164
2021-06-22,30.389999389648438
2021-06-23,30.399999618530273
2021-06-24,30.42999839782715
2021-06-25,30.399999618530273
2021-06-26,30.469999313354492
2021-06-27,30.549999237060547
2021-06-28,30.53999900817871
2021-06-29,30.469999313354492
2021-06-30,30.649999618530273
2021-07-01,30.65999984741211
2021-07-02,30.60999870300293
2021-07-03,30.579999923706055
2021-07-04,30.559999465942383
2021-07-05,30.51999855041504
2021-07-06,30.469999313354492
2021-07-07,30.42999839782715
2021-07-08,30.3799991607666
2021-07-09,30.34000015258789
2021-07-10,30.28999900817871
2021-07-11,30.25
2021-07-12,30.209999084472656
2021-07-13,30.170000076293945
2021-07-14,30.119998931884766
2021-07-15,30.079999923706055
2021-07-16,30.049999237060547
2021-07-17,30.049999237060547
2021-07-18,30.029998779296875
2021-07-19,30.06999969482422
2021-07-20,30.029998779296875
2021-07-21,30.0
2021-07-22,29.969999313354492
2021-07-23,29.939998626708984
2021-07-24,29.920000076293945
2021-07-25,29.899999618530273
2021-07-26,29.8799991607666
2021-07-27,29.85999870300293
2021-07-28,29.829999923706055
2021-07-29,29.809999465942383
2021-07-30,29.760000228881836
2021-07-31,29.69999885559082
2021-08-01,29.65999984741211
2021-08-02,29.619998931884766
2021-08-03,29.59000015258789
2021-08-04,29.559999465942383
2021-08-05,29.529998779296875
2021-08-06,29.549999237060547
2021-08-07,29.619998931884766
2021-08-08,29.599998474121094
2021-08-09,29.729999542236328
2021-08-10,29.76999855041504
2021-08-11,29.729999542236328
2021-08-12,29.65999984741211
2021-08-13,29.59000015258789
2021-08-14,29.510000228881836
2021-08-15,29.969999313354492
2021-08-16,29.94999885559082
2021-08-17,30.10999870300293
2021-08-18,30.279998779296875
2021-08-19,30.26999855041504
2021-08-20,30.09000015258789
2021-08-21,29.959999084472656
2021-08-22,29.920000076293945
2021-08-23,29.75
2021-08-24,29.719999313354492
2021-08-25,29.69999885559082
2021-08-26,29.579999923706055
2021-08-27,29.53999900817871
2021-08-28,29.510000228881836
2021-08-29,29.35999870300293
2021-08-30,29.1299991607666
2021-08-31,28.939998626708984
2021-09-01,28.78999900817871
2021-09-02,28.69999885559082
2021-09-03,28.689998626708984
2021-09-04,28.920000076293945
2021-09-05,29.01999855041504
2021-09-06,29.029998779296875
2021-09-07,29.029998779296875
2021-09-08,29.01999855041504
2021-09-09,29.03999900817871
2021-09-10,29.149999618530273
2021-09-11,29.15999984741211
2021-09-12,29.1299991607666
2021-09-13,29.10999870300293
2021-09-14,29.099998474121094
2021-09-15,29.079999923706055
2021-09-16,29.06999969482422
2021-09-17,29.079999923706055
2021-09-18,29.079999923706055
2021-09-19,29.079999923706055
2021-09-20,29.06999969482422
2021-09-21,29.03999900817871
2021-09-22,29.059999465942383
2021-09-23,29.079999923706055
2021-09-24,29.09000015258789
2021-09-25,29.09000015258789
2021-09-26,29.099998474121094
2021-09-27,29.099998474121094
2021-09-28,29.889999389648438
2021-09-29,30.26999855041504
2021-09-30,30.31999969482422
2021-10-01,30.229999542236328
2021-10-02,29.939998626708984
2021-10-03,29.729999542236328
2021-10-04,29.69999885559082
2021-10-05,29.689998626708984
2021-10-06,29.67999839782715
2021-10-07,29.670000076293945
2021-10-08,29.639999389648438
2021-10-09,30.06999969482422
2021-10-10,30.299999237060547
2021-10-11,30.309999465942383
2021-10-12,30.279998779296875
2021-10-13,30.25
2021-10-14,30.219999313354492
2021-10-15,30.10999870300293
2021-10-16,30.149999618530273
2021-10-17,30.1299991607666
2021-10-18,29.3799991607666
2021-10-19,29.28999900817871
2021-10-20,29.349998474121094
2021-10-21,29.389999389648438
2021-10-22,29.439998626708984
2021-10-23,29.489999771118164
2021-10-24,29.31999969482422
2021-10-25,29.309999465942383
2021-10-26,29.420000076293945
2021-10-27,29.489999771118164
2021-10-28,29.67999839782715
2021-10-29,29.719999313354492
2021-10-30,29.729999542236328
2021-10-31,29.149999618530273
2021-11-01,29.599998474121094
2021-11-02,29.59000015258789
2021-11-03,29.53999900817871
2021-11-04,29.739999771118164
2021-11-05,29.84000015258789
2021-11-06,29.84000015258789
2021-11-07,29.729999542236328
2021-11-08,29.689998626708984
2021-11-09,29.5
2021-11-10,29.309999465942383
2021-11-11,29.260000228881836
2021-11-12,28.84000015258789
2021-11-13,28.34000015258789
2021-11-14,28.65999984741211
2021-11-15,28.719999313354492
2021-11-16,28.65999984741211
2021-11-17,28.649999618530273
2021-11-18,28.849998474121094
2021-11-19,29.119998931884766
2021-11-20,29.31999969482422
2021-11-21,29.389999389648438
2021-11-22,29.510000228881836
2021-11-23,29.349998474121094
2021-11-24,28.979999542236328
2021-11-25,29.139999389648438
2021-11-26,29.029998779296875
2021-11-27,28.829999923706055
2021-11-28,28.68000030517578
2021-11-29,28.579999923706055
2021-11-30,28.420000076293945
2021-12-01,28.25
2021-12-02,27.90999984741211
2021-12-03,27.579999923706055
2021-12-04,27.25
2021-12-05,26.90999984741211
2021-12-06,26.69999885559082
2021-12-07,26.549999237060547
2021-12-08,26.489999771118164
2021-12-09,26.60999870300293
2021-12-10,26.709999084472656
2021-12-11,26.849998474121094
2021-12-12,26.889999389648438
2021-12-13,26.75
2021-12-14,26.649999618530273
2021-12-15,26.649999618530273
2021-12-16,26.78999900817871
2021-12-17,26.670000076293945
2021-12-18,26.709999084472656
2021-12-19,26.68000030517578
2021-12-20,26.75
2021-12-21,26.670000076293945
2021-12-22,26.68000030517578
2021-12-23,26.689998626708984
2021-12-24,26.959999084472656
2021-12-25,27.099998474121094
2021-12-26,27.28999900817871
2021-12-27,27.489999771118164
2021-12-28,27.43000030517578
2021-12-29,27.439998626708984
2021-12-30,27.389999389648438
2021-12-31,27.28999900817871
2022-01-01,27.139999389648438
2022-01-02,26.989999771118164
2022-01-03,26.979999542236328
2022-01-04,27.06999969482422
2022-01-05,27.170000076293945
2022-01-06,27.229999542236328
2022-01-07,27.329999923706055
2022-01-08,27.299999237060547
2022-01-09,27.439998626708984
2022-01-10,27.6299991607666
2022-01-11,27.75
2022-01-12,27.779998779296875
2022-01-13,27.989999771118164
2022-01-14,28.149999618530273
2022-01-15,28.25
2022-01-16,28.209999084472656
2022-01-17,28.189998626708984
2022-01-18,28.139999389648438
2022-01-19,28.119998931884766
2022-01-20,28.299999237060547
2022-01-21,28.209999084472656
2022-01-22,28.25
2022-01-23,28.369998931884766
2022-01-24,28.53999900817871
2022-01-25,28.559999465942383
2022-01-26,28.559999465942383
2022-01-27,28.619998931884766
2022-01-28,28.6299991607666
2022-01-29,28.6299991607666
2022-01-30,28.649999618530273
2022-01-31,28.5
2022-02-01,28.3799991607666
2022-02-02,28.40999984741211
2022-02-03,28.619998931884766
2022-02-04,28.469999313354492
2022-02-05,28.40999984741211
2022-02-06,28.51999855041504
2022-02-07,28.599998474121094
2022-02-08,28.709999084472656
2022-02-09,28.559999465942383
2022-02-10,28.439998626708984
2022-02-11,28.149999618530273
2022-02-12,28.59000015258789
2022-02-13,28.84000015258789
2022-02-14,28.739999771118164
2022-02-15,28.649999618530273
2022-02-16,28.389999389648438
2022-02-17,28.489999771118164
2022-02-18,28.649999618530273
2022-02-19,28.670000076293945
2022-02-20,29.10999870300293
2022-02-21,29.139999389648438
2022-02-22,28.8799991607666
2022-02-23,28.639999389648438
2022-02-24,28.439998626708984
2022-02-25,28.309999465942383
2022-02-26,28.34000015258789
2022-02-27,28.489999771118164
2022-02-28,28.6299991607666
2022-03-01,28.619998931884766
2022-03-02,28.529998779296875
2022-03-03,28.760000228881836
2022-03-04,28.85999870300293
2022-03-05,28.829999923706055
2022-03-06,29.03999900817871
2022-03-07,29.10999870300293
2022-03-08,29.209999084472656
2022-03-09,29.459999084472656
2022-03-10,29.369998931884766
2022-03-11,29.369998931884766
2022-03-12,29.42999839782715
2022-03-13,29.35999870300293
2022-03-14,29.479999542236328
2022-03-15,29.579999923706055
2022-03-16,29.579999923706055
2022-03-17,29.69999885559082
2022-03-18,29.939998626708984
2022-03-19,30.219999313354492
2022-03-20,30.209999084472656
2022-03-21,30.170000076293945
2022-03-22,30.099998474121094
2022-03-23,30.079999923706055
2022-03-24,30.1299991607666
2022-03-25,30.189998626708984
2022-03-26,30.439998626708984
2022-03-27,30.529998779296875
2022-03-28,30.479999542236328
2022-03-29,30.5
2022-03-30,30.510000228881836
2022-03-31,30.53999900817871
2022-04-01,30.3799991607666
2022-04-02,30.189998626708984
2022-04-03,29.829999923706055
2022-04-04,29.53999900817871
2022-04-05,29.51999855041504
2022-04-06,29.649999618530273
2022-04-07,29.5
2022-04-08,29.239999771118164
2022-04-09,29.260000228881836
2022-04-10,29.28999900817871
2022-04-11,29.25
2022-04-12,29.51999855041504
2022-04-13,29.899999618530273
2022-04-14,30.1299991607666
2022-04-15,30.34000015258789
2022-04-16,30.53999900817871
2022-04-17,30.44999885559082
2022-04-18,30.28999900817871
2022-04-19,30.229999542236328
2022-04-20,30.309999465942383
2022-04-21,30.31999969482422
2022-04-22,30.399999618530273
2022-04-23,30.529998779296875
2022-04-24,30.689998626708984
2022-04-25,30.670000076293945
2022-04-26,30.75
2022-04-27,31.079999923706055
2022-04-28,30.989999771118164
2022-04-29,31.219999313354492
2022-04-30,31.6299991607666
2022-05-01,31.309999465942383
2022-05-02,31.059999465942383
2022-05-03,30.369998931884766
2022-05-04,30.53999900817871
2022-05-05,30.53999900817871
2022-05-06,30.56999969482422
2022-05-07,30.59000015258789
2022-05-08,30.51999855041504
2022-05-09,30.549999237060547
2022-05-10,30.53999900817871
2022-05-11,30.53999900817871
2022-05-12,31.03999900817871
2022-05-13,30.920000076293945
2022-05-14,30.76999855041504
2022-05-15,30.889999389648438
2022-05-16,30.779998779296875
2022-05-17,30.439998626708984
2022-05-18,30.10999870300293
2022-05-19,29.849998474121094
2022-05-20,29.719999313354492
2022-05-21,29.81999969482422
2022-05-22,30.029998779296875
2022-05-23,30.15999984741211
2022-05-24,30.559999465942383
2022-05-25,30.34000015258789
2022-05-26,30.35999870300293
2022-05-27,30.399999618530273
2022-05-28,30.60999870300293
2022-05-29,30.689998626708984
2022-05-30,30.689998626708984
2022-05-31,30.619998931884766
2022-06-01,30.219999313354492
2022-06-02,30.170000076293945
2022-06-03,30.5
2022-06-04,30.279998779296875
2022-06-05,30.17999839782715
2022-06-06,30.34000015258789
2022-06-07,30.51999855041504
2022-06-08,30.76999855041504
2022-06-09,30.76999855041504
2022-06-10,30.469999313354492
2022-06-11,30.1299991607666
2022-06-12,30.19999885559082
2022-06-13,30.56999969482422
2022-06-14,30.6299991607666
2022-06-15,30.889999389648438
2022-06-16,30.94999885559082
2022-06-17,31.229999542236328
2022-06-18,31.189998626708984
2022-06-19,31.34000015258789
2022-06-20,31.489999771118164
2022-06-21,31.25
2022-06-22,30.779998779296875
2022-06-23,30.529998779296875
2022-06-24,30.299999237060547
2022-06-25,30.44999885559082
2022-06-26,30.349998474121094
2022-06-27,30.60999870300293
2022-06-28,30.899999618530273
2022-06-29,30.939998626708984
2022-06-30,30.549999237060547
2022-07-01,30.06999969482422
2022-07-02,30.06999969482422
2022-07-03,30.260000228881836
2022-07-04,30.06999969482422
2022-07-05,30.279998779296875
2022-07-06,31.0
2022-07-07,30.85999870300293
2022-07-08,30.459999084472656
2022-07-09,30.35999870300293
2022-07-10,30.239999771118164
2022-07-11,30.399999618530273
2022-07-12,30.399999618530273
2022-07-13,30.510000228881836
2022-07-14,30.510000228881836
2022-07-15,30.59000015258789
2022-07-16,30.67999839782715
2022-07-17,30.420000076293945
2022-07-18,30.56999969482422
2022-07-19,30.729999542236328
2022-07-20,30.94999885559082
2022-07-21,30.479999542236328
2022-07-22,29.65999984741211
2022-07-23,29.51999855041504
2022-07-24,30.079999923706055
2022-07-25,30.26999855041504
2022-07-26,30.170000076293945
2022-07-27,30.17999839782715
2022-07-28,30.35999870300293
2022-07-29,30.459999084472656
2022-07-30,30.459999084472656
2022-07-31,30.099998474121094
2022-08-01,29.889999389648438
2022-08-02,30.10999870300293
2022-08-03,30.049999237060547
2022-08-04,30.31999969482422
2022-08-05,30.329999923706055
2022-08-06,29.559999465942383
2022-08-07,29.439998626708984
2022-08-08,29.389999389648438
2022-08-09,30.139999389648438
2022-08-10,30.189998626708984
2022-08-11,30.149999618530273
2022-08-12,30.219999313354492
2022-08-13,30.399999618530273
2022-08-14,30.51999855041504
2022-08-15,30.28999900817871
2022-08-16,29.889999389648438
2022-08-17,30.029998779296875
2022-08-18,30.31999969482422
2022-08-19,30.309999465942383
2022-08-20,30.09000015258789
2022-08-21,29.799999237060547
2022-08-22,29.939998626708984
2022-08-23,30.099998474121094
2022-08-24,30.309999465942383
2022-08-25,30.079999923706055
2022-08-26,29.649999618530273
2022-08-27,29.69999885559082
2022-08-28,29.920000076293945
2022-08-29,29.779998779296875
2022-08-30,29.85999870300293
2022-08-31,30.19999885559082
2022-09-01,30.510000228881836
2022-09-02,30.349998474121094
2022-09-03,30.60999870300293
2022-09-04,31.529998779296875
2022-09-05,30.76999855041504
2022-09-06,30.529998779296875
2022-09-07,30.549999237060547
2022-09-08,30.639999389648438
2022-09-09,30.599998474121094
2022-09-10,30.369998931884766
2022-09-11,30.26999855041504
2022-09-12,30.349998474121094
2022-09-13,30.459999084472656
2022-09-14,30.369998931884766
2022-09-15,30.479999542236328
2022-09-16,30.670000076293945
2022-09-17,30.6299991607666
2022-09-18,30.389999389648438
2022-09-19,29.989999771118164
2022-09-20,30.099998474121094
2022-09-21,30.34000015258789
2022-09-22,30.34000015258789
2022-09-23,30.389999389648438
2022-09-24,30.079999923706055
2022-09-25,29.90999984741211
2022-09-26,29.92999839782715
2022-09-27,29.899999618530273
2022-09-28,29.869998931884766
2022-09-29,29.81999969482422
2022-09-30,29.44999885559082
2022-10-01,29.369998931884766
2022-10-02,29.6299991607666
2022-10-03,29.670000076293945
2022-10-04,29.639999389648438
2022-10-05,29.510000228881836
2022-10-06,29.510000228881836
2022-10-07,29.42999839782715
2022-10-08,29.719999313354492
2022-10-09,29.8799991607666
2022-10-10,29.529998779296875
2022-10-11,29.3799991607666
2022-10-12,29.670000076293945
2022-10-13,29.649999618530273
2022-10-14,29.469999313354492
2022-10-15,29.26999855041504
2022-10-16,28.869998931884766
2022-10-17,28.76999855041504
2022-10-18,28.94999885559082
2022-10-19,29.010000228881836
2022-10-20,28.899999618530273
2022-10-21,28.959999084472656
2022-10-22,29.139999389648438
2022-10-23,29.03999900817871
2022-10-24,29.239999771118164
2022-10-25,29.219999313354492
2022-10-26,29.119998931884766
2022-10-27,29.309999465942383
2022-10-28,29.3799991607666
2022-10-29,29.229999542236328
2022-10-30,29.10999870300293
2022-10-31,29.099998474121094
2022-11-01,29.029998779296875
2022-11-02,28.8799991607666
2022-11-03,28.899999618530273
2022-11-04,28.969999313354492
2022-11-05,28.90999984741211
2022-11-06,28.760000228881836
2022-11-07,28.719999313354492
2022-11-08,28.60999870300293
2022-11-09,28.619998931884766
2022-11-10,28.639999389648438
2022-11-11,28.44999885559082
2022-11-12,28.439998626708984
2022-11-13,28.779998779296875
2022-11-14,28.670000076293945
2022-11-15,28.6299991607666
2022-11-16,28.59000015258789
2022-11-17,28.53999900817871
2022-11-18,28.389999389648438
2022-11-19,28.829999923706055
2022-11-20,28.899999618530273
2022-11-21,28.809999465942383
2022-11-22,28.8799991607666
2022-11-23,28.90999984741211
2022-11-24,28.8799991607666
2022-11-25,28.76999855041504
2022-11-26,28.56999969482422
2022-11-27,28.689998626708984
2022-11-28,29.0
2022-11-29,29.149999618530273
2022-11-30,28.959999084472656
2022-12-01,28.84000015258789
2022-12-02,28.78999900817871
2022-12-03,28.599998474121094
2022-12-04,28.809999465942383
2022-12-05,28.93000030517578
2022-12-06,28.6299991607666
2022-12-07,28.619998931884766
2022-12-08,28.639999389648438
2022-12-09,28.69999885559082
2022-12-10,28.65999984741211
2022-12-11,28.69999885559082
2022-12-12,28.510000228881836
2022-12-13,28.239999771118164
2022-12-14,28.03999900817871
2022-12-15,27.78999900817871
2022-12-16,27.599998474121094
2022-12-17,27.389999389648438
2022-12-18,27.079999923706055
2022-12-19,26.779998779296875
2022-12-20,26.51999855041504
2022-12-21,26.389999389648438
2022-12-22,26.299999237060547
2022-12-23,26.309999465942383
2022-12-24,26.219999313354492
2022-12-25,26.10999870300293
2022-12-26,26.239999771118164
2022-12-27,26.10999870300293
2022-12-28,26.059999465942383
2022-12-29,26.010000228881836
2022-12-30,26.03999900817871
2022-12-31,25.93000030517578
2023-01-01,26.0
2023-01-02,25.969999313354492
2023-01-03,26.029998779296875
2023-01-04,26.049999237060547
2023-01-05,26.06999969482422
2023-01-06,26.06999969482422
2023-01-07,26.09000015258789
2023-01-08,26.219999313354492
2023-01-09,26.329999923706055
2023-01-10,26.44999885559082
2023-01-11,26.559999465942383
2023-01-12,26.799999237060547
2023-01-13,27.010000228881836
2023-01-14,26.799999237060547
2023-01-15,27.049999237060547
2023-01-16,27.209999084472656
2023-01-17,27.18000030517578
2023-01-18,27.049999237060547
2023-01-19,26.920000076293945
2023-01-20,26.76999855041504
2023-01-21,26.829999923706055
2023-01-22,26.78999900817871
2023-01-23,26.81999969482422
2023-01-24,26.739999771118164
2023-01-25,26.40999984741211
2023-01-26,26.35999870300293
2023-01-27,26.209999084472656
2023-01-28,26.049999237060547
2023-01-29,25.920000076293945
2023-01-30,25.809999465942383
2023-01-31,25.729999542236328
2023-02-01,25.809999465942383
2023-02-02,26.149999618530273
2023-02-03,26.260000228881836
2023-02-04,26.369998931884766
2023-02-05,26.6299991607666
2023-02-06,26.649999618530273
2023-02-07,26.689998626708984
2023-02-08,26.94999885559082
2023-02-09,27.079999923706055
2023-02-10,27.28999900817871
2023-02-11,27.40999984741211
2023-02-12,27.549999237060547
2023-02-13,27.56999969482422
2023-02-14,27.829999923706055
2023-02-15,27.6299991607666
2023-02-16,27.51999855041504
2023-02-17,27.559999465942383
2023-02-18,27.60999870300293
2023-02-19,27.559999465942383
2023-02-20,27.510000228881836
2023-02-21,27.599998474121094
2023-02-22,27.75
2023-02-23,27.93000030517578
2023-02-24,28.170000076293945
2023-02-25,27.989999771118164
2023-02-26,27.689998626708984
2023-02-27,27.479999542236328
2023-02-28,27.529998779296875
2023-03-01,27.719999313354492
2023-03-02,27.76999855041504
2023-03-03,27.6299991607666
2023-03-04,27.559999465942383
2023-03-05,27.489999771118164
2023-03-06,27.579999923706055
2023-03-07,27.899999618530273
2023-03-08,27.979999542236328
2023-03-09,27.90999984741211
2023-03-10,27.93000030517578
2023-03-11,27.76999855041504
2023-03-12,27.689998626708984
2023-03-13,27.719999313354492
2023-03-14,27.799999237060547
2023-03-15,27.939998626708984
2023-03-16,27.969999313354492
2023-03-17,28.029998779296875
2023-03-18,28.219999313354492
2023-03-19,28.260000228881836
2023-03-20,28.389999389648438
2023-03-21,28.529998779296875
2023-03-22,28.619998931884766
2023-03-23,28.65999984741211
2023-03-24,28.84000015258789
2023-03-25,28.84000015258789
2023-03-26,29.010000228881836
2023-03-27,29.209999084472656
2023-03-28,29.279998779296875
2023-03-29,29.34000015258789
2023-03-30,29.26999855041504
2023-03-31,29.25
2023-04-01,29.299999237060547
2023-04-02,29.420000076293945
2023-04-03,29.639999389648438
2023-04-04,29.639999389648438
2023-04-05,29.78999900817871
2023-04-06,29.939998626708984
2023-04-07,29.90999984741211
2023-04-08,29.90999984741211
2023-04-09,29.969999313354492
2023-04-10,29.969999313354492
2023-04-11,30.139999389648438
2023-04-12,30.279998779296875
2023-04-13,30.26999855041504
2023-04-14,30.399999618530273
2023-04-15,30.599998474121094
2023-04-16,30.76999855041504
2023-04-17,30.920000076293945
2023-04-18,30.78999900817871
2023-04-19,30.90999984741211
2023-04-20,30.989999771118164
2023-04-21,31.09000015258789
2023-04-22,31.25
2023-04-23,31.299999237060547
2023-04-24,31.529998779296875
2023-04-25,31.6299991607666
2023-04-26,31.170000076293945
2023-04-27,30.979999542236328
2023-04-28,30.84000015258789
2023-04-29,30.81999969482422
2023-04-30,31.149999618530273
2023-05-01,31.06999969482422
2023-05-02,30.920000076293945
2023-05-03,31.03999900817871
2023-05-04,31.119998931884766
2023-05-05,31.25
2023-05-06,31.40999984741211
2023-05-07,31.489999771118164
2023-05-08,31.42999839782715
2023-05-09,31.44999885559082
2023-05-10,31.51999855041504
2023-05-11,31.81999969482422
2023-05-12,31.889999389648438
2023-05-13,32.21999740600586
2023-05-14,31.979999542236328
2023-05-15,31.8799991607666
2023-05-16,32.05999755859375
2023-05-17,32.05999755859375
2023-05-18,31.92999839782715
2023-05-19,31.739999771118164
2023-05-20,31.649999618530273
2023-05-21,31.709999084472656
2023-05-22,31.639999389648438
2023-05-23,31.709999084472656
2023-05-24,31.809999465942383
2023-05-25,31.719999313354492
2023-05-26,31.729999542236328
2023-05-27,31.69999885559082
2023-05-28,31.549999237060547
2023-05-29,31.479999542236328
2023-05-30,31.389999389648438
2023-05-31,31.369998931884766
2023-06-01,31.31999969482422
2023-06-02,31.3799991607666
2023-06-03,31.309999465942383
2023-06-04,31.260000228881836
2023-06-05,31.279998779296875
2023-06-06,31.099998474121094
2023-06-07,31.0
2023-06-08,30.92999839782715
2023-06-09,30.84000015258789
2023-06-10,30.84000015258789
2023-06-11,30.920000076293945
2023-06-12,30.719999313354492
2023-06-13,30.219999313354492
2023-06-14,30.149999618530273
2023-06-15,30.149999618530273
2023-06-16,30.010000228881836
2023-06-17,30.1299991607666
2023-06-18,30.049999237060547
2023-06-19,29.979999542236328
2023-06-20,30.010000228881836
2023-06-21,30.369998931884766
2023-06-22,30.529998779296875
2023-06-23,30.639999389648438
2023-06-24,30.26999855041504
2023-06-25,29.979999542236328
2023-06-26,30.229999542236328
2023-06-27,30.459999084472656
2023-06-28,30.439998626708984
2023-06-29,30.389999389648438
2023-06-30,30.17999839782715
2023-07-01,30.119998931884766
2023-07-02,29.649999618530273
2023-07-03,29.959999084472656
2023-07-04,30.309999465942383
2023-07-05,30.5
2023-07-06,30.53999900817871
2023-07-07,30.739999771118164
2023-07-08,30.78999900817871
2023-07-09,30.689998626708984
2023-07-10,30.60999870300293
2023-07-11,30.489999771118164
2023-07-12,30.670000076293945
2023-07-13,31.03999900817871
2023-07-14,30.799999237060547
2023-07-15,30.670000076293945
2023-07-16,30.639999389648438
2023-07-17,30.599998474121094
2023-07-18,30.459999084472656
2023-07-19,30.459999084472656
2023-07-20,30.739999771118164
2023-07-21,30.78999900817871
2023-07-22,31.670000076293945
2023-07-23,31.53999900817871
2023-07-24,30.799999237060547
2023-07-25,30.6299991607666
2023-07-26,30.649999618530273
2023-07-27,30.689998626708984
2023-07-28,30.53999900817871
2023-07-29,30.369998931884766
2023-07-30,30.31999969482422
2023-07-31,30.469999313354492
2023-08-01,30.51999855041504
2023-08-02,30.5
2023-08-03,30.439998626708984
2023-08-04,30.34000015258789
2023-08-05,30.229999542236328
2023-08-06,30.099998474121094
2023-08-07,30.420000076293945
2023-08-08,30.510000228881836
2023-08-09,30.399999618530273
2023-08-10,30.479999542236328
2023-08-11,30.51999855041504
2023-08-12,30.309999465942383
2023-08-13,30.209999084472656
2023-08-14,30.31999969482422
2023-08-15,30.25
2023-08-16,29.739999771118164
2023-08-17,30.189998626708984
2023-08-18,30.689998626708984
2023-08-19,30.649999618530273
2023-08-20,30.399999618530273
2023-08-21,30.15999984741211
2023-08-22,30.229999542236328
2023-08-23,30.28999900817871
2023-08-24,30.029998779296875
2023-08-25,30.010000228881836
2023-08-26,30.25
2023-08-27,30.42999839782715
2023-08-28,30.369998931884766
2023-08-29,30.369998931884766
2023-08-30,30.53999900817871
2023-08-31,30.649999618530273
2023-09-01,30.69999885559082
2023-09-02,30.44999885559082
2023-09-03,30.489999771118164
2023-09-04,30.389999389648438
2023-09-05,30.719999313354492
2023-09-06,30.51999855041504
2023-09-07,30.279998779296875
2023-09-08,30.139999389648438
2023-09-09,30.689998626708984
2023-09-10,30.67999839782715
2023-09-11,30.010000228881836
2023-09-12,30.260000228881836
2023-09-13,30.389999389648438
2023-09-14,30.3799991607666
2023-09-15,30.219999313354492
2023-09-16,30.01999855041504
2023-09-17,29.8799991607666
2023-09-18,30.06999969482422
2023-09-19,30.170000076293945
2023-09-20,30.34000015258789
2023-09-21,30.420000076293945
2023-09-22,30.03999900817871
2023-09-23,30.809999465942383
2023-09-24,30.510000228881836
2023-09-25,30.35999870300293
2023-09-26,30.06999969482422
2023-09-27,29.31999969482422
2023-09-28,30.1299991607666
2023-09-29,30.26999855041504
2023-09-30,29.94999885559082
2023-10-01,30.17999839782715
2023-10-02,30.35999870300293
2023-10-03,30.119998931884766
2023-10-04,30.06999969482422
2023-10-05,30.09000015258789
2023-10-06,29.959999084472656
2023-10-07,29.099998474121094
2023-10-08,29.6299991607666
2023-10-09,30.0
2023-10-10,29.959999084472656
2023-10-11,30.239999771118164
2023-10-12,30.260000228881836
2023-10-13,30.19999885559082
2023-10-14,30.239999771118164
2023-10-15,30.28999900817871
2023-10-16,30.17999839782715
2023-10-17,30.209999084472656
2023-10-18,30.219999313354492
2023-10-19,30.26999855041504
2023-10-20,30.399999618530273
2023-10-21,30.170000076293945
2023-10-22,29.899999618530273
2023-10-23,30.059999465942383
2023-10-24,30.099998474121094
2023-10-25,30.149999618530273
2023-10-26,30.189998626708984
2023-10-27,30.42999839782715
2023-10-28,30.639999389648438
2023-10-29,30.51999855041504
2023-10-30,30.099998474121094
2023-10-31,30.099998474121094
2023-11-01,30.03999900817871
2023-11-02,30.01999855041504
2023-11-03,30.1299991607666
2023-11-04,30.049999237060547
2023-11-05,29.959999084472656
2023-11-06,30.34000015258789
2023-11-07,30.469999313354492
2023-11-08,30.439998626708984
2023-11-09,30.139999389648438
2023-11-10,30.059999465942383
2023-11-11,30.15999984741211
2023-11-12,30.06999969482422
2023-11-13,29.849998474121094
2023-11-14,29.969999313354492
2023-11-15,30.209999084472656
2023-11-16,30.239999771118164
2023-11-17,29.92999839782715
2023-11-18,29.549999237060547
2023-11-19,28.899999618530273
2023-11-20,28.60999870300293
2023-11-21,28.489999771118164
2023-11-22,28.489999771118164
2023-11-23,28.529998779296875
2023-11-24,28.56999969482422
2023-11-25,28.65999984741211
2023-11-26,28.559999465942383
2023-11-27,28.3799991607666
2023-11-28,28.189998626708984
2023-11-29,28.049999237060547
2023-11-30,27.90999984741211
2023-12-01,27.760000228881836
2023-12-02,27.739999771118164
2023-12-03,28.119998931884766
2023-12-04,28.26999855041504
2023-12-05,28.349998474121094
2023-12-06,28.559999465942383
2023-12-07,28.619998931884766
2023-12-08,28.75
2023-12-09,28.94999885559082
2023-12-10,29.17999839782715
2023-12-11,29.26999855041504
2023-12-12,29.119998931884766
2023-12-13,29.079999923706055
2023-12-14,29.170000076293945
2023-12-15,29.35999870300293
2023-12-16,29.44999885559082
2023-12-17,29.399999618530273
2023-12-18,29.31999969482422
2023-12-19,29.399999618530273
2023-12-20,29.329999923706055
2023-12-21,29.119998931884766
2023-12-22,28.78999900817871
2023-12-23,28.420000076293945
2023-12-24,28.189998626708984
2023-12-25,27.829999923706055
2023-12-26,27.760000228881836
2023-12-27,27.69999885559082
2023-12-28,27.5
2023-12-29,27.349998474121094
2023-12-30,27.279998779296875
2023-12-31,27.420000076293945
2024-01-01,27.549999237060547
2024-01-02,27.689998626708984
2024-01-03,27.889999389648438
2024-01-04,27.85999870300293
2024-01-05,27.809999465942383
2024-01-06,27.849998474121094
2024-01-07,27.889999389648438
2024-01-08,28.170000076293945
2024-01-09,28.34000015258789
2024-01-10,28.35999870300293
2024-01-11,28.399999618530273
2024-01-12,28.44999885559082
2024-01-13,28.559999465942383
2024-01-14,28.44999885559082
2024-01-15,28.510000228881836
2024-01-16,28.56999969482422
2024-01-17,28.459999084472656
2024-01-18,28.549999237060547
2024-01-19,28.809999465942383
2024-01-20,28.85999870300293
2024-01-21,28.939998626708984
2024-01-22,29.0
2024-01-23,28.85999870300293
2024-01-24,28.56999969482422
2024-01-25,28.299999237060547
2024-01-26,28.099998474121094
2024-01-27,28.029998779296875
2024-01-28,28.01999855041504
2024-01-29,28.0
2024-01-30,28.079999923706055
2024-01-31,28.10999870300293
2024-02-01,28.26999855041504
2024-02-02,28.389999389648438
2024-02-03,28.51999855041504
2024-02-04,28.75
2024-02-05,29.029998779296875
2024-02-06,29.10999870300293
2024-02-07,29.15999984741211
2024-02-08,29.209999084472656
2024-02-09,29.139999389648438
2024-02-10,28.90999984741211
2024-02-11,28.75
2024-02-12,28.670000076293945
2024-02-13,28.65999984741211
2024-02-14,28.760000228881836
2024-02-15,28.709999084472656
2024-02-16,28.59000015258789
2024-02-17,28.549999237060547
2024-02-18,28.639999389648438
2024-02-19,28.639999389648438
2024-02-20,28.68000030517578
2024-02-21,28.69999885559082
2024-02-22,28.78999900817871
2024-02-23,28.85999870300293
2024-02-24,28.8799991607666
2024-02-25,28.989999771118164
2024-02-26,29.119998931884766
2024-02-27,29.25
2024-02-28,29.149999618530273
2024-02-29,29.1299991607666
2024-03-01,29.279998779296875
2024-03-02,29.170000076293945
2024-03-03,29.19999885559082
2024-03-04,29.3799991607666
2024-03-05,29.639999389648438
2024-03-06,29.599998474121094
2024-03-07,29.760000228881836
2024-03-08,29.559999465942383
2024-03-09,29.639999389648438
2024-03-10,29.649999618530273
2024-03-11,29.599998474121094
2024-03-12,29.529998779296875
2024-03-13,29.60999870300293
2024-03-14,29.760000228881836
2024-03-15,29.799999237060547
2024-03-16,29.739999771118164
2024-03-17,29.689998626708984
2024-03-18,29.649999618530273
2024-03-19,29.559999465942383
2024-03-20,29.349998474121094
2024-03-21,29.28999900817871
2024-03-22,29.399999618530273
2024-03-23,29.439998626708984
2024-03-24,29.53999900817871
2024-03-25,29.59000015258789
2024-03-26,29.599998474121094
2024-03-27,29.719999313354492
2024-03-28,29.809999465942383
2024-03-29,30.010000228881836
2024-03-30,30.209999084472656
2024-03-31,30.299999237060547
2024-04-01,30.479999542236328
2024-04-02,30.59000015258789
2024-04-03,30.579999923706055
2024-04-04,30.65999984741211
2024-04-05,30.6299991607666
2024-04-06,30.709999084472656
2024-04-07,30.729999542236328
2024-04-08,30.76999855041504
2024-04-09,30.56999969482422
2024-04-10,30.6299991607666
2024-04-11,30.69999885559082
2024-04-12,30.739999771118164
2024-04-13,30.78999900817871
2024-04-14,30.84000015258789
2024-04-15,30.85999870300293
2024-04-16,30.8799991607666
2024-04-17,30.899999618530273
2024-04-18,31.029998779296875
2024-04-19,31.03999900817871
2024-04-20,31.279998779296875
2024-04-21,31.279998779296875
2024-04-22,31.399999618530273
2024-04-23,31.34000015258789
2024-04-24,31.17999839782715
2024-04-25,31.279998779296875
2024-04-26,31.40999984741211
2024-04-27,31.69999885559082
2024-04-28,31.81999969482422
2024-04-29,31.979999542236328
2024-04-30,32.18000030517578
2024-05-01,31.809999465942383
2024-05-02,31.76999855041504
2024-05-03,32.02000045776367
2024-05-04,31.729999542236328
2024-05-05,31.670000076293945
2024-05-06,31.5
2024-05-07,31.5
2024-05-08,31.599998474121094
2024-05-09,31.60999870300293
2024-05-10,31.85999870300293
2024-05-11,31.84000015258789
2024-05-12,31.92999839782715
2024-05-13,31.78999900817871
2024-05-14,31.709999084472656
2024-05-15,31.729999542236328
2024-05-16,31.75
2024-05-17,31.10999870300293
2024-05-18,31.15999984741211
2024-05-19,30.56999969482422
2024-05-20,30.81999969482422
2024-05-21,30.719999313354492
2024-05-22,31.119998931884766
2024-05-23,31.139999389648438
2024-05-24,31.279998779296875
2024-05-25,31.03999900817871
2024-05-26,31.399999618530273
2024-05-27,31.920000076293945
2024-05-28,31.779998779296875
2024-05-29,31.76999855041504
2024-05-30,31.559999465942383
2024-05-31,31.239999771118164
2024-06-01,31.0
2024-06-02,31.170000076293945
2024-06-03,31.559999465942383
2024-06-04,31.6299991607666
2024-06-05,31.349998474121094
2024-06-06,31.31999969482422
2024-06-07,31.329999923706055
2024-06-08,31.219999313354492
2024-06-09,31.03999900817871
2024-06-10,30.959999084472656
2024-06-11,31.149999618530273
2024-06-12,31.170000076293945
2024-06-13,31.1299991607666
2024-06-14,31.10999870300293
2024-06-15,31.03999900817871
2024-06-16,31.189998626708984
2024-06-17,30.729999542236328
2024-06-18,30.67999839782715
2024-06-19,31.029998779296875
2024-06-20,31.28999900817871
2024-06-21,31.239999771118164
2024-06-22,31.079999923706055
2024-06-23,30.969999313354492
2024-06-24,30.92999839782715
2024-06-25,30.889999389648438
2024-06-26,31.189998626708984
2024-06-27,31.260000228881836
2024-06-28,31.309999465942383
2024-06-29,31.26999855041504
2024-06-30,30.549999237060547
2024-07-01,30.420000076293945
2024-07-02,30.3799991607666
2024-07-03,30.329999923706055
2024-07-04,30.84000015258789
2024-07-05,30.92999839782715
2024-07-06,30.989999771118164
2024-07-07,30.989999771118164
2024-07-08,30.979999542236328
2024-07-09,31.170000076293945
2024-07-10,31.1299991607666
2024-07-11,30.75
2024-07-12,30.329999923706055
2024-07-13,30.579999923706055
2024-07-14,30.94999885559082
2024-07-15,30.939998626708984
2024-07-16,30.739999771118164
2024-07-17,30.670000076293945
2024-07-18,30.649999618530273
2024-07-19,30.26999855041504
2024-07-20,29.81999969482422
2024-07-21,29.60999870300293
2024-07-22,29.59000015258789
2024-07-23,29.510000228881836
2024-07-24,29.639999389648438
2024-07-25,29.649999618530273
2024-07-26,29.60999870300293
2024-07-27,29.529998779296875
2024-07-28,29.26999855041504
2024-07-29,29.529998779296875
2024-07-30,29.849998474121094
2024-07-31,29.8799991607666
2024-08-01,29.81999969482422
2024-08-02,29.94999885559082
2024-08-03,30.239999771118164
2024-08-04,30.25
2024-08-05,30.239999771118164
2024-08-06,30.17999839782715
2024-08-07,29.869998931884766
2024-08-08,30.03999900817871
2024-08-09,30.44999885559082
2024-08-10,30.639999389648438
2024-08-11,30.65999984741211
2024-08-12,30.439998626708984
2024-08-13,30.329999923706055
2024-08-14,30.65999984741211
2024-08-15,30.78999900817871
2024-08-16,30.59000015258789
2024-08-17,30.779998779296875
2024-08-18,30.59000015258789
2024-08-19,30.03999900817871
2024-08-20,29.889999389648438
2024-08-21,30.56999969482422
2024-08-22,30.44999885559082
2024-08-23,30.639999389648438
2024-08-24,30.389999389648438
2024-08-25,30.59000015258789
2024-08-26,30.489999771118164
2024-08-27,31.099998474121094
2024-08-28,30.649999618530273
2024-08-29,30.60999870300293
2024-08-30,30.6299991607666
2024-08-31,30.65999984741211
2024-09-01,30.709999084472656
2024-09-02,30.369998931884766
2024-09-03,30.15999984741211
2024-09-04,30.26999855041504
2024-09-05,30.349998474121094
2024-09-06,30.469999313354492
2024-09-07,30.6299991607666
2024-09-08,30.689998626708984
2024-09-09,30.439998626708984
2024-09-10,30.469999313354492
2024-09-11,30.389999389648438
2024-09-12,30.149999618530273
2024-09-13,30.260000228881836
2024-09-14,30.389999389648438
2024-09-15,30.40999984741211
2024-09-16,30.6299991607666
2024-09-17,30.529998779296875
2024-09-18,30.529998779296875
2024-09-19,30.51999855041504
2024-09-20,30.189998626708984
2024-09-21,30.03999900817871
2024-09-22,30.059999465942383
2024-09-23,29.989999771118164
2024-09-24,30.170000076293945
2024-09-25,30.19999885559082
2024-09-26,30.229999542236328
2024-09-27,30.349998474121094
2024-09-28,30.76999855041504
2024-09-29,30.920000076293945
2024-09-30,30.829999923706055
2024-10-01,30.529998779296875
2024-10-02,30.40999984741211
2024-10-03,30.439998626708984
2024-10-04,30.6299991607666
2024-10-05,30.709999084472656
2024-10-06,30.599998474121094
2024-10-07,30.67999839782715
2024-10-08,30.67999839782715
2024-10-09,30.599998474121094
2024-10-10,30.5
2024-10-11,30.26999855041504
2024-10-12,30.10999870300293
2024-10-13,30.079999923706055
2024-10-14,30.309999465942383
2024-10-15,30.510000228881836
2024-10-16,30.329999923706055
2024-10-17,30.34000015258789
2024-10-18,30.279998779296875
2024-10-19,30.239999771118164
2024-10-20,29.989999771118164
2024-10-21,29.979999542236328
2024-10-22,30.049999237060547
2024-10-23,30.03999900817871
2024-10-24,30.369998931884766
2024-10-25,30.529998779296875
2024-10-26,30.69999885559082
2024-10-27,30.670000076293945
2024-10-28,30.6299991607666
2024-10-29,30.67999839782715
2024-10-30,30.719999313354492
2024-10-31,30.799999237060547
2024-11-01,30.799999237060547
2024-11-02,30.549999237060547
2024-11-03,30.399999618530273
2024-11-04,30.299999237060547
2024-11-05,30.260000228881836
2024-11-06,30.099998474121094
2024-11-07,29.969999313354492
2024-11-08,29.76999855041504
2024-11-09,29.649999618530273
2024-11-10,29.689998626708984
2024-11-11,29.85999870300293
2024-11-12,29.869998931884766
2024-11-13,29.94999885559082
2024-11-14,29.779998779296875
2024-11-15,29.920000076293945
2024-11-16,30.209999084472656
2024-11-17,30.1299991607666
2024-11-18,29.939998626708984
2024-11-19,29.869998931884766
2024-11-20,29.779998779296875
2024-11-21,29.67999839782715
2024-11-22,29.60999870300293
2024-11-23,29.619998931884766
2024-11-24,29.51999855041504
2024-11-25,29.69999885559082
2024-11-26,29.67999839782715
2024-11-27,29.670000076293945
2024-11-28,29.489999771118164
2024-11-29,29.219999313354492
2024-11-30,29.049999237060547
2024-12-01,28.920000076293945
2024-12-02,28.81999969482422
2024-12-03,28.81999969482422
2024-12-04,28.78999900817871
2024-12-05,28.85999870300293
2024-12-06,28.849998474121094
2024-12-07,28.739999771118164
2024-12-08,28.719999313354492
2024-12-09,28.670000076293945
2024-12-10,28.549999237060547
2024-12-11,28.68000030517578
2024-12-12,28.559999465942383
2024-12-13,28.40999984741211
2024-12-14,28.239999771118164
2024-12-15,28.06999969482422
2024-12-16,27.809999465942383
2024-12-17,27.68000030517578
2024-12-18,27.59000015258789
2024-12-19,27.44999885559082
2024-12-20,27.309999465942383
2024-12-21,27.229999542236328
2024-12-22,27.079999923706055
2024-12-23,26.869998931884766
2024-12-24,26.639999389648438
2024-12-25,26.479999542236328
2024-12-26,26.599998474121094
2024-12-27,26.689998626708984
2024-12-28,26.69999885559082
2024-12-29,26.689998626708984
2024-12-30,26.76999855041504
2024-12-31,26.760000228881836
2025-01-01,26.760000228881836
2025-01-02,26.709999084472656
2025-01-03,26.68000030517578
2025-01-04,26.559999465942383
2025-01-05,26.28999900817871
2025-01-06,26.219999313354492
2025-01-07,26.15999984741211
2025-01-08,26.239999771118164
2025-01-09,26.219999313354492
2025-01-10,26.170000076293945
2025-01-11,25.93000030517578
2025-01-12,25.65999984741211
2025-01-13,25.469999313354492
2025-01-14,25.299999237060547
2025-01-15,25.260000228881836
2025-01-16,25.26999855041504
2025-01-17,25.219999313354492
2025-01-18,25.25
2025-01-19,25.239999771118164
2025-01-20,25.510000228881836
2025-01-21,25.529998779296875
2025-01-22,25.60999870300293
2025-01-23,25.60999870300293
2025-01-24,25.829999923706055
2025-01-25,26.209999084472656
2025-01-26,26.489999771118164
2025-01-27,26.31999969482422
2025-01-28,26.03999900817871
2025-01-29,25.889999389648438
2025-01-30,25.899999618530273
2025-01-31,26.09000015258789
2025-02-01,26.28999900817871
2025-02-02,26.579999923706055
2025-02-03,26.689998626708984
2025-02-04,26.69999885559082
2025-02-05,26.939998626708984
2025-02-06,27.059999465942383
2025-02-07,27.189998626708984
2025-02-08,27.26999855041504
2025-02-09,27.099998474121094
2025-02-10,27.01999855041504
2025-02-11,27.079999923706055
2025-02-12,27.369998931884766
2025-02-13,27.75
2025-02-14,27.899999618530273
2025-02-15,28.06999969482422
2025-02-16,27.869998931884766
2025-02-17,27.93000030517578
2025-02-18,27.979999542236328
2025-02-19,28.119998931884766
2025-02-20,28.099998474121094
2025-02-21,28.209999084472656
2025-02-22,28.439998626708984
2025-02-23,28.420000076293945
2025-02-24,28.35999870300293
2025-02-25,28.170000076293945
2025-02-26,28.119998931884766
2025-02-27,28.18000030517578
2025-02-28,28.15999984741211
2025-03-01,28.170000076293945
2025-03-02,28.219999313354492
2025-03-03,28.170000076293945
2025-03-04,28.329999923706055
2025-03-05,28.420000076293945
2025-03-06,28.439998626708984
2025-03-07,28.279998779296875
2025-03-08,28.309999465942383
2025-03-09,28.559999465942383
2025-03-10,28.889999389648438
2025-03-11,28.849998474121094
2025-03-12,28.94999885559082
2025-03-13,29.079999923706055
2025-03-14,29.15999984741211
2025-03-15,29.25
2025-03-16,29.35999870300293
2025-03-17,29.399999618530273
2025-03-18,29.56999969482422
2025-03-19,29.420000076293945
2025-03-20,29.099998474121094
2025-03-21,28.84000015258789
2025-03-22,28.84000015258789
2025-03-23,29.079999923706055
2025-03-24,29.15999984741211
2025-03-25,29.25
2025-03-26,29.299999237060547
2025-03-27,29.559999465942383
2025-03-28,29.719999313354492
2025-03-29,29.69999885559082
2025-03-30,29.510000228881836
2025-03-31,29.439998626708984
2025-04-01,29.25
2025-04-02,29.399999618530273
2025-04-03,29.549999237060547
2025-04-04,29.56999969482422
2025-04-05,29.6299991607666
2025-04-06,29.619998931884766
2025-04-07,29.649999618530273
2025-04-08,29.67999839782715
2025-04-09,29.639999389648438
2025-04-10,29.579999923706055
2025-04-11,30.010000228881836
2025-04-12,30.17999839782715
2025-04-13,30.389999389648438
2025-04-14,30.35999870300293
2025-04-15,30.3799991607666
2025-04-16,30.489999771118164
2025-04-17,30.439998626708984
2025-04-18,30.689998626708984
2025-04-19,30.889999389648438
2025-04-20,30.779998779296875
2025-04-21,30.53999900817871
2025-04-22,30.349998474121094
2025-04-23,30.44999885559082
2025-04-24,30.59000015258789
2025-04-25,30.639999389648438
2025-04-26,30.6299991607666
2025-04-27,30.639999389648438
2025-04-28,30.719999313354492
2025-04-29,30.959999084472656
2025-04-30,30.979999542236328
2025-05-01,30.94999885559082
2025-05-02,30.899999618530273
2025-05-03,30.799999237060547
2025-05-04,30.809999465942383
2025-05-05,30.809999465942383
2025-05-06,31.0
2025-05-07,30.75
2025-05-08,30.78999900817871
2025-05-09,31.19999885559082
2025-05-10,31.189998626708984
2025-05-11,31.0
2025-05-12,30.90999984741211
2025-05-13,30.459999084472656
2025-05-14,30.40999984741211
2025-05-15,30.529998779296875
2025-05-16,30.78999900817871
2025-05-17,30.809999465942383
2025-05-18,31.029998779296875
2025-05-19,30.85999870300293
2025-05-20,30.94999885559082
2025-05-21,31.049999237060547
2025-05-22,31.17999839782715
2025-05-23,30.939998626708984
2025-05-24,30.78999900817871
2025-05-25,30.67999839782715
2025-05-26,30.939998626708984
2025-05-27,30.889999389648438
2025-05-28,30.989999771118164
2025-05-29,30.989999771118164
2025-05-30,30.920000076293945
2025-05-31,31.0
2025-06-01,30.94999885559082
2025-06-02,30.829999923706055
2025-06-03,30.869998931884766
2025-06-04,31.0
2025-06-05,30.639999389648438
2025-06-06,30.579999923706055
2025-06-07,30.799999237060547
2025-06-08,30.78999900817871
2025-06-09,30.760000228881836
2025-06-10,30.59000015258789
2025-06-11,30.479999542236328
2025-06-12,30.369998931884766
2025-06-13,30.34000015258789
2025-06-14,30.40999984741211
2025-06-15,30.5
2025-06-16,30.649999618530273
2025-06-17,30.709999084472656
2025-06-18,30.69999885559082
2025-06-19,30.31999969482422
2025-06-20,29.719999313354492
2025-06-21,30.0
2025-06-22,30.189998626708984
2025-06-23,30.239999771118164
2025-06-24,30.099998474121094
2025-06-25,30.28999900817871
2025-06-26,30.459999084472656
2025-06-27,30.389999389648438
2025-06-28,30.229999542236328
2025-06-29,29.739999771118164
2025-06-30,29.3799991607666
2025-07-01,29.31999969482422
2025-07-02,29.40999984741211
2025-07-03,30.139999389648438
2025-07-04,30.299999237060547
2025-07-05,30.260000228881836
2025-07-06,30.229999542236328
2025-07-07,30.279998779296875
2025-07-08,30.279998779296875
2025-07-09,30.209999084472656
2025-07-10,30.15999984741211
2025-07-11,29.92999839782715
2025-07-12,29.849998474121094
2025-07-13,30.09000015258789
2025-07-14,30.399999618530273
2025-07-15,30.119998931884766
2025-07-16,30.01999855041504
2025-07-17,30.170000076293945
2025-07-18,30.28999900817871
2025-07-19,30.299999237060547
2025-07-20,30.099998474121094
2025-07-21,30.439998626708984
2025-07-22,29.869998931884766
2025-07-23,29.779998779296875
2025-07-24,29.939998626708984
2025-07-25,30.010000228881836
2025-07-26,30.049999237060547
2025-07-27,30.059999465942383
2025-07-28,30.170000076293945
2025-07-29,30.149999618530273
2025-07-30,30.17999839782715
2025-07-31,30.170000076293945
2025-08-01,30.229999542236328
2025-08-02,30.309999465942383
2025-08-03,30.599998474121094
2025-08-04,30.719999313354492
2025-08-05,30.549999237060547
2025-08-06,30.31999969482422
2025-08-07,30.239999771118164
2025-08-08,30.260000228881836
2025-08-09,30.09000015258789
2025-08-10,30.229999542236328
2025-08-11,30.099998474121094
2025-08-12,30.149999618530273
2025-08-13,29.939998626708984
2025-08-14,29.709999084472656
2025-08-15,29.6299991607666
2025-08-16,29.26999855041504
2025-08-17,29.869998931884766
2025-08-18,30.03999900817871
2025-08-19,30.06999969482422
2025-08-20,29.979999542236328
2025-08-21,29.90999984741211
2025-08-22,29.619998931884766
2025-08-23,29.869998931884766
2025-08-24,29.75
2025-08-25,29.639999389648438
2025-08-26,29.78999900817871
2025-08-27,30.1299991607666
2025-08-28,30.239999771118164
2025-08-29,30.35999870300293
2025-08-30,30.239999771118164
2025-08-31,29.989999771118164
2025-09-01,29.65999984741211
2025-09-02,29.69999885559082
2025-09-03,29.939998626708984
2025-09-04,29.59000015258789
2025-09-05,29.529998779296875
2025-09-06,30.369998931884766
2025-09-07,30.119998931884766
2025-09-08,30.119998931884766
2025-09-09,29.649999618530273
2025-09-10,29.920000076293945
2025-09-11,30.10999870300293
2025-09-12,30.149999618530273
2025-09-13,29.69999885559082
2025-09-14,29.420000076293945
2025-09-15,29.84000015258789
2025-09-16,30.15999984741211
2025-09-17,30.189998626708984
2025-09-18,30.10999870300293
2025-09-19,29.94999885559082
2025-09-20,30.0
2025-09-21,29.920000076293945
2025-09-22,29.969999313354492
2025-09-23,29.799999237060547
2025-09-24,29.69999885559082
2025-09-25,29.709999084472656
2025-09-26,29.69999885559082
2025-09-27,29.469999313354492
2025-09-28,29.299999237060547
2025-09-29,29.369998931884766
2025-09-30,29.369998931884766
2025-10-01,29.6299991607666
2025-10-02,29.8799991607666
2025-10-03,29.969999313354492
2025-10-04,29.90999984741211
2025-10-05,29.889999389648438
2025-10-06,29.799999237060547
2025-10-07,29.510000228881836
2025-10-08,29.709999084472656
2025-10-09,29.67999839782715
2025-10-10,29.53999900817871
2025-10-11,29.53999900817871
2025-10-12,29.729999542236328
2025-10-13,29.459999084472656
2025-10-14,29.5
2025-10-15,29.60999870300293
2025-10-16,29.78999900817871
2025-10-17,29.92999839782715
2025-10-18,30.0
2025-10-19,30.059999465942383
2025-10-20,29.829999923706055
2025-10-21,29.869998931884766
2025-10-22,29.90999984741211
2025-10-23,29.889999389648438
2025-10-24,29.670000076293945
2025-10-25,29.59000015258789
2025-10-26,29.670000076293945
2025-10-27,29.649999618530273
2025-10-28,29.6299991607666
2025-10-29,29.279998779296875
2025-10-30,29.10999870300293
2025-10-31,28.889999389648438
2025-11-01,29.139999389648438
2025-11-02,29.19999885559082
2025-11-03,29.139999389648438
2025-11-04,28.849998474121094
2025-11-05,28.90999984741211
2025-11-06,28.939998626708984
2025-11-07,29.059999465942383
2025-11-08,29.17999839782715
2025-11-09,29.549999237060547
2025-11-10,29.6299991607666
2025-11-11,29.489999771118164
2025-11-12,29.28999900817871
2025-11-13,29.53999900817871
2025-11-14,29.44999885559082
2025-11-15,29.209999084472656
2025-11-16,29.209999084472656
2025-11-17,29.19999885559082
2025-11-18,28.90999984741211
2025-11-19,28.69999885559082
2025-11-20,28.44999885559082
2025-11-21,27.81999969482422
2025-11-22,27.60999870300293
2025-11-23,27.420000076293945
2025-11-24,27.329999923706055
2025-11-25,27.029998779296875
2025-11-26,26.849998474121094
2025-11-27,26.599998474121094
2025-11-28,26.19999885559082
2025-11-29,25.899999618530273
2025-11-30,25.760000228881836
2025-12-01,25.709999084472656
2025-12-02,25.90999984741211
2025-12-03,26.229999542236328
2025-12-04,26.469999313354492
2025-12-05,26.65999984741211
2025-12-06,26.779998779296875
2025-12-07,27.09000015258789
2025-12-08,26.90999984741211
2025-12-09,26.84000015258789
2025-12-10,26.849998474121094
2025-12-11,26.799999237060547
2025-12-12,26.779998779296875
2025-12-13,26.85999870300293
2025-12-14,26.90999984741211
2025-12-15,26.989999771118164
2025-12-16,27.19999885559082
2025-12-17,27.349998474121094
2025-12-18,27.35999870300293
2025-12-19,27.299999237060547
2025-12-20,27.309999465942383
2025-12-21,27.209999084472656
2025-12-22,27.19999885559082
2025-12-23,27.399999618530273
2025-12-24,27.60999870300293
2025-12-25,27.65999984741211
2025-12-26,27.60999870300293
2025-12-27,27.579999923706055
2025-12-28,27.639999389648438
2025-12-29,27.549999237060547
2025-12-30,27.59000015258789
2025-12-31,27.829999923706055
2026-01-01,27.739999771118164
2026-01-02,27.479999542236328
2026-01-03,27.260000228881836
2026-01-04,27.34000015258789
2026-01-05,27.26999855041504
2026-01-06,27.170000076293945
2026-01-07,27.049999237060547
2026-01-08,26.85999870300293
2026-01-09,26.53999900817871
2026-01-10,26.260000228881836
2026-01-11,25.979999542236328
2026-01-12,25.85999870300293
2026-01-13,25.829999923706055
2026-01-14,26.0
2026-01-15,26.40999984741211
2026-01-16,26.68000030517578
2026-01-17,26.93000030517578
2026-01-18,26.93000030517578
2026-01-19,27.119998931884766
2026-01-20,27.170000076293945
2026-01-21,27.119998931884766
2026-01-22,27.03999900817871
2026-01-23,27.03999900817871
2026-01-24,27.03999900817871
2026-01-25,27.099998474121094
2026-01-26,27.19999885559082
2026-01-27,27.189998626708984
2026-01-28,27.15999984741211
2026-01-29,27.31999969482422
2026-01-30,27.6299991607666
2026-01-31,27.69999885559082
2026-02-01,27.689998626708984
2026-02-02,27.619998931884766
2026-02-03,27.59000015258789
2026-02-04,27.719999313354492
2026-02-05,27.94999885559082
2026-02-06,27.989999771118164
2026-02-07,27.979999542236328
2026-02-08,27.90999984741211
2026-02-09,27.889999389648438
2026-02-10,27.969999313354492
2026-02-11,28.059999465942383
2026-02-12,28.15999984741211
2026-02-13,28.299999237060547
2026-02-14,28.34000015258789
2026-02-15,28.43000030517578
2026-02-16,28.469999313354492
2026-02-17,28.329999923706055
2026-02-18,28.3799991607666
2026-02-19,28.279998779296875
2026-02-20,28.420000076293945
2026-02-21,28.65999984741211
2026-02-22,28.709999084472656
2026-02-23,28.81999969482422
2026-02-24,28.849998474121094
2026-02-25,29.06999969482422
2026-02-26,29.260000228881836
2026-02-27,29.31999969482422
2026-02-28,29.619998931884766
2026-03-01,29.869998931884766
2026-03-02,29.94999885559082
2026-03-03,29.869998931884766
2026-03-04,29.849998474121094
2026-03-05,29.729999542236328
2026-03-06,29.729999542236328
2026-03-07,29.8799991607666
2026-03-08,30.0
2026-03-09,30.17999839782715
2026-03-10,30.079999923706055
2026-03-11,30.03999900817871
2026-03-12,29.809999465942383
2026-03-13,29.75
2026-03-14,29.75
2026-03-15,29.869998931884766
2026-03-16,29.920000076293945
2026-03-17,29.81999969482422
2026-03-18,29.829999923706055
2026-03-19,29.8799991607666
2026-03-20,29.90999984741211
2026-03-21,29.92999839782715
2026-03-22,29.920000076293945
2026-03-23,29.92999839782715
2026-03-24,29.969999313354492
2026-03-25,30.049999237060547
2026-03-26,30.059999465942383
2026-03-27,30.049999237060547
2026-03-28,30.029998779296875
2026-03-29,30.059999465942383
2026-03-30,30.01999855041504
2026-03-31,29.959999084472656
2026-04-01,30.079999923706055
2026-04-02,30.139999389648438
2026-04-03,30.10999870300293
2026-04-04,30.189998626708984
2026-04-05,30.389999389648438
2026-04-06,30.469999313354492
2026-04-07,30.619998931884766
2026-04-08,30.639999389648438
2026-04-09,30.6299991607666
2026-04-10,30.639999389648438
2026-04-11,30.809999465942383
2026-04-12,30.849998474121094
2026-04-13,30.939998626708984
2026-04-14,31.06999969482422
2026-04-15,30.939998626708984
2026-04-16,31.010000228881836
2026-04-17,31.029998779296875
2026-04-18,31.059999465942383
2026-04-19,30.989999771118164
2026-04-20,30.92999839782715
2026-04-21,30.869998931884766
2026-04-22,30.8799991607666
2026-04-23,30.84000015258789
2026-04-24,30.85999870300293
2026-04-25,30.779998779296875
2026-04-26,30.959999084472656
2026-04-27,30.979999542236328
2026-04-28,31.01999855041504
2026-04-29,31.15999984741211
2026-04-30,31.079999923706055
2026-05-01,31.01999855041504
2026-05-02,30.979999542236328
2026-05-03,31.17999839782715
2026-05-04,31.329999923706055
2026-05-05,31.349998474121094
2026-05-06,31.219999313354492
2026-05-07,31.119998931884766
2026-05-08,31.35999870300293
2026-05-09,31.459999084472656
2026-05-10,30.829999923706055
2026-05-11,30.619998931884766
2026-05-12,30.799999237060547
2026-05-13,31.149999618530273
2026-05-14,31.5
2026-05-15,31.649999618530273
2026-05-16,31.709999084472656
2026-05-17,30.969999313354492
2026-05-18,30.84000015258789
2026-05-19,31.469999313354492
2026-05-20,31.85999870300293
2026-05-21,31.689998626708984
2026-05-22,31.349998474121094
2026-05-23,31.40999984741211
2026-05-24,31.649999618530273
2026-05-25,31.739999771118164
2026-05-26,31.69999885559082
2026-05-27,31.59000015258789
2026-05-28,31.559999465942383
2026-05-29,31.689998626708984
2026-05-30,32.130001068115234
2026-05-31,32.599998474121094
2026-06-01,32.02000045776367
2026-06-02,31.649999618530273
2026-06-03,31.6299991607666
2026-06-04,31.619998931884766
2026-06-05,31.459999084472656
2026-06-06,31.44999885559082
2026-06-07,30.979999542236328
2026-06-08,30.84000015258789
2026-06-09,31.0
2026-06-10,30.979999542236328
2026-06-11,30.869998931884766
2026-06-12,31.10999870300293
2026-06-13,31.369998931884766
2026-06-14,31.219999313354492
2026-06-15,31.1299991607666
2026-06-16,30.849998474121094
2026-06-17,31.389999389648438
2026-06-18,31.25
2026-06-19,31.239999771118164
2026-06-20,31.42999839782715
2026-06-21,31.31999969482422
2026-06-22,31.44999885559082
2026-06-23,31.44999885559082
2026-06-24,31.469999313354492
2026-06-25,31.260000228881836
2026-06-26,31.299999237060547
2026-06-27,30.989999771118164
2026-06-28,30.559999465942383
2026-06-29,30.479999542236328
2026-06-30,31.170000076293945
2026-07-01,31.459999084472656
2026-07-02,31.389999389648438
2026-07-03,31.170000076293945
2026-07-04,30.899999618530273
2026-07-05,30.94999885559082
2026-07-06,30.649999618530273
2026-07-07,30.639999389648438
2026-07-08,31.28999900817871
2026-07-09,31.15999984741211
2026-07-10,31.349998474121094
2026-07-11,31.25
2026-07-12,30.969999313354492
2026-07-13,30.889999389648438
2026-07-14,30.939998626708984
2026-07-15,30.760000228881836
2026-07-16,31.31999969482422
2026-07-17,31.239999771118164
2026-07-18,31.119998931884766
2026-07-19,31.189998626708984
2026-07-20,31.15999984741211
