date,0N165E,0N170W,0N155W,0N140W,0N110W
1980-03-07,,,,,26.24
1980-03-08,,,,,25.97
1980-03-09,,,,,25.28
1980-03-10,,,,,24.31
1980-03-11,,,,,23.19
1980-03-12,,,,,23.64
1980-03-13,,,,,24.34
1980-03-14,,,,,24.14
1980-03-15,,,,,24.24
1980-03-16,,,,,25.94
1980-03-17,,,,,26.65
1980-03-18,,,,,27.13
1980-03-19,,,,,26.35
1980-03-20,,,,,25.87
1980-03-21,,,,,25.38
1980-03-22,,,,,
1980-03-23,,,,,
1980-03-24,,,,,
1980-03-25,,,,,
1980-03-26,,,,,
1980-03-27,,,,,
1980-03-28,,,,,
1980-03-29,,,,,
1980-03-30,,,,,
1980-03-31,,,,,
1980-04-01,,,,,
1980-04-02,,,,,
1980-04-03,,,,,
1980-04-04,,,,,
1980-04-05,,,,,
1980-04-06,,,,,
1980-04-07,,,,,
1980-04-08,,,,,
1980-04-09,,,,,
1980-04-10,,,,,
1980-04-11,,,,,
1980-04-12,,,,,
1980-04-13,,,,,
1980-04-14,,,,,
1980-04-15,,,,,
1980-04-16,,,,,
1980-04-17,,,,,
1980-04-18,,,,,
1980-04-19,,,,,
1980-04-20,,,,,
1980-04-21,,,,,
1980-04-22,,,,,
1980-04-23,,,,,
1980-04-24,,,,,
1980-04-25,,,,,
1980-04-26,,,,,
1980-04-27,,,,,
1980-04-28,,,,,
1980-04-29,,,,,
1980-04-30,,,,,
1980-05-01,,,,,
1980-05-02,,,,,
1980-05-03,,,,,
1980-05-04,,,,,
1980-05-05,,,,,
1980-05-06,,,,,
1980-05-07,,,,,
1980-05-08,,,,,
1980-05-09,,,,,
1980-05-10,,,,,
1980-05-11,,,,,
1980-05-12,,,,,
1980-05-13,,,,,
1980-05-14,,,,,
1980-05-15,,,,,
1980-05-16,,,,,
1980-05-17,,,,,
1980-05-18,,,,,
1980-05-19,,,,,
1980-05-20,,,,,
1980-05-21,,,,,
1980-05-22,,,,,
1980-05-23,,,,,
1980-05-24,,,,,
1980-05-25,,,,,
1980-05-26,,,,,
1980-05-27,,,,,
1980-05-28,,,,,
1980-05-29,,,,,
1980-05-30,,,,,
1980-05-31,,,,,
1980-06-01,,,,,
1980-06-02,,,,,
1980-06-03,,,,,
1980-06-04,,,,,
1980-06-05,,,,,
1980-06-06,,,,,
1980-06-07,,,,,
1980-06-08,,,,,
1980-06-09,,,,,
1980-06-10,,,,,
1980-06-11,,,,,
1980-06-12,,,,,
1980-06-13,,,,,
1980-06-14,,,,,
1980-06-15,,,,,
1980-06-16,,,,,
1980-06-17,,,,,
1980-06-18,,,,,
1980-06-19,,,,,
1980-06-20,,,,,
1980-06-21,,,,,
1980-06-22,,,,,
1980-06-23,,,,,
1980-06-24,,,,,
1980-06-25,,,,,
1980-06-26,,,,,
1980-06-27,,,,,
1980-06-28,,,,,
1980-06-29,,,,,
1980-06-30,,,,,
1980-07-01,,,,,
1980-07-02,,,,,
1980-07-03,,,,,
1980-07-04,,,,,
1980-07-05,,,,,
1980-07-06,,,,,
1980-07-07,,,,,
1980-07-08,,,,,
1980-07-09,,,,,
1980-07-10,,,,,
1980-07-11,,,,,
1980-07-12,,,,,
1980-07-13,,,,,
1980-07-14,,,,,
1980-07-15,,,,,
1980-07-16,,,,,
1980-07-17,,,,,
1980-07-18,,,,,
1980-07-19,,,,,
1980-07-20,,,,,
1980-07-21,,,,,
1980-07-22,,,,,
1980-07-23,,,,,
1980-07-24,,,,,
1980-07-25,,,,,
1980-07-26,,,,,
1980-07-27,,,,,
1980-07-28,,,,,
1980-07-29,,,,,
1980-07-30,,,,,
1980-07-31,,,,,
1980-08-01,,,,,
1980-08-02,,,,,
1980-08-03,,,,,
1980-08-04,,,,,
1980-08-05,,,,,
1980-08-06,,,,,
1980-08-07,,,,,
1980-08-08,,,,,
1980-08-09,,,,,
1980-08-10,,,,,
1980-08-11,,,,,21.81
1980-08-12,,,,,21.58
1980-08-13,,,,,21.32
1980-08-14,,,,,21.19
1980-08-15,,,,,21.47
1980-08-16,,,,,21.89
1980-08-17,,,,,21.85
1980-08-18,,,,,21.74
1980-08-19,,,,,21.7
1980-08-20,,,,,21.75
1980-08-21,,,,,21.7
1980-08-22,,,,,22.07
1980-08-23,,,,,22.32
1980-08-24,,,,,21.91
1980-08-25,,,,,21.96
1980-08-26,,,,,22.25
1980-08-27,,,,,22.61
1980-08-28,,,,,22.69
1980-08-29,,,,,23.08
1980-08-30,,,,,24.55
1980-08-31,,,,,24.79
1980-09-01,,,,,24.04
1980-09-02,,,,,23.0
1980-09-03,,,,,22.16
1980-09-04,,,,,21.85
1980-09-05,,,,,21.61
1980-09-06,,,,,21.52
1980-09-07,,,,,21.69
1980-09-08,,,,,21.8
1980-09-09,,,,,21.88
1980-09-10,,,,,22.09
1980-09-11,,,,,22.11
1980-09-12,,,,,22.0
1980-09-13,,,,,21.88
1980-09-14,,,,,21.93
1980-09-15,,,,,22.24
1980-09-16,,,,,22.59
1980-09-17,,,,,23.32
1980-09-18,,,,,23.13
1980-09-19,,,,,23.36
1980-09-20,,,,,23.69
1980-09-21,,,,,23.6
1980-09-22,,,,,24.11
1980-09-23,,,,,24.28
1980-09-24,,,,,23.77
1980-09-25,,,,,22.87
1980-09-26,,,,,22.05
1980-09-27,,,,,21.81
1980-09-28,,,,,21.71
1980-09-29,,,,,22.07
1980-09-30,,,,,22.38
1980-10-01,,,,,22.44
1980-10-02,,,,,22.16
1980-10-03,,,,,21.88
1980-10-04,,,,,21.66
1980-10-05,,,,,21.42
1980-10-06,,,,,21.17
1980-10-07,,,,,21.2
1980-10-08,,,,,20.97
1980-10-09,,,,,20.71
1980-10-10,,,,,20.74
1980-10-11,,,,,20.72
1980-10-12,,,,,20.51
1980-10-13,,,,,20.71
1980-10-14,,,,,20.52
1980-10-15,,,,,20.62
1980-10-16,,,,,20.47
1980-10-17,,,,,20.59
1980-10-18,,,,,20.73
1980-10-19,,,,,21.07
1980-10-20,,,,,21.08
1980-10-21,,,,,21.18
1980-10-22,,,,,21.36
1980-10-23,,,,,21.46
1980-10-24,,,,,21.6
1980-10-25,,,,,21.78
1980-10-26,,,,,21.84
1980-10-27,,,,,21.73
1980-10-28,,,,,21.75
1980-10-29,,,,,21.74
1980-10-30,,,,,21.8
1980-10-31,,,,,22.26
1980-11-01,,,,,22.92
1980-11-02,,,,,23.24
1980-11-03,,,,,23.62
1980-11-04,,,,,23.88
1980-11-05,,,,,24.22
1980-11-06,,,,,24.53
1980-11-07,,,,,24.58
1980-11-08,,,,,24.59
1980-11-09,,,,,24.5
1980-11-10,,,,,24.23
1980-11-11,,,,,23.11
1980-11-12,,,,,22.08
1980-11-13,,,,,22.4
1980-11-14,,,,,22.6
1980-11-15,,,,,22.8
1980-11-16,,,,,22.91
1980-11-17,,,,,22.73
1980-11-18,,,,,22.57
1980-11-19,,,,,22.56
1980-11-20,,,,,22.41
1980-11-21,,,,,22.53
1980-11-22,,,,,22.7
1980-11-23,,,,,22.81
1980-11-24,,,,,23.09
1980-11-25,,,,,23.62
1980-11-26,,,,,24.54
1980-11-27,,,,,25.09
1980-11-28,,,,,24.7
1980-11-29,,,,,23.64
1980-11-30,,,,,22.17
1980-12-01,,,,,22.02
1980-12-02,,,,,22.2
1980-12-03,,,,,22.39
1980-12-04,,,,,22.55
1980-12-05,,,,,22.66
1980-12-06,,,,,22.69
1980-12-07,,,,,22.81
1980-12-08,,,,,23.0
1980-12-09,,,,,22.9
1980-12-10,,,,,22.86
1980-12-11,,,,,23.16
1980-12-12,,,,,23.16
1980-12-13,,,,,23.32
1980-12-14,,,,,23.86
1980-12-15,,,,,24.86
1980-12-16,,,,,25.72
1980-12-17,,,,,25.25
1980-12-18,,,,,25.16
1980-12-19,,,,,24.65
1980-12-20,,,,,23.52
1980-12-21,,,,,23.03
1980-12-22,,,,,23.13
1980-12-23,,,,,23.35
1980-12-24,,,,,23.43
1980-12-25,,,,,23.26
1980-12-26,,,,,23.15
1980-12-27,,,,,22.92
1980-12-28,,,,,22.87
1980-12-29,,,,,22.78
1980-12-30,,,,,22.69
1980-12-31,,,,,22.68
1981-01-01,,,,,22.58
1981-01-02,,,,,22.47
1981-01-03,,,,,22.39
1981-01-04,,,,,22.52
1981-01-05,,,,,22.69
1981-01-06,,,,,22.6
1981-01-07,,,,,22.42
1981-01-08,,,,,22.27
1981-01-09,,,,,22.39
1981-01-10,,,,,22.56
1981-01-11,,,,,22.47
1981-01-12,,,,,22.44
1981-01-13,,,,,22.41
1981-01-14,,,,,22.28
1981-01-15,,,,,22.58
1981-01-16,,,,,23.0
1981-01-17,,,,,22.92
1981-01-18,,,,,22.92
1981-01-19,,,,,22.88
1981-01-20,,,,,22.81
1981-01-21,,,,,22.83
1981-01-22,,,,,22.95
1981-01-23,,,,,23.05
1981-01-24,,,,,23.12
1981-01-25,,,,,23.02
1981-01-26,,,,,22.57
1981-01-27,,,,,22.96
1981-01-28,,,,,23.13
1981-01-29,,,,,23.12
1981-01-30,,,,,22.97
1981-01-31,,,,,23.15
1981-02-01,,,,,23.07
1981-02-02,,,,,23.09
1981-02-03,,,,,23.11
1981-02-04,,,,,23.12
1981-02-05,,,,,23.2
1981-02-06,,,,,24.19
1981-02-07,,,,,25.33
1981-02-08,,,,,25.73
1981-02-09,,,,,25.81
1981-02-10,,,,,25.69
1981-02-11,,,,,25.59
1981-02-12,,,,,25.32
1981-02-13,,,,,24.65
1981-02-14,,,,,23.83
1981-02-15,,,,,23.69
1981-02-16,,,,,23.37
1981-02-17,,,,,23.38
1981-02-18,,,,,23.67
1981-02-19,,,,,23.61
1981-02-20,,,,,23.65
1981-02-21,,,,,23.87
1981-02-22,,,,,23.95
1981-02-23,,,,,23.96
1981-02-24,,,,,24.14
1981-02-25,,,,,23.87
1981-02-26,,,,,24.0
1981-02-27,,,,,24.1
1981-02-28,,,,,24.0
1981-03-01,,,,,24.38
1981-03-02,,,,,24.65
1981-03-03,,,,,23.78
1981-03-04,,,,,23.83
1981-03-05,,,,,23.43
1981-03-06,,,,,24.32
1981-03-07,,,,,24.59
1981-03-08,,,,,25.05
1981-03-09,,,,,24.37
1981-03-10,,,,,24.38
1981-03-11,,,,,24.4
1981-03-12,,,,,24.37
1981-03-13,,,,,24.54
1981-03-14,,,,,24.8
1981-03-15,,,,,25.16
1981-03-16,,,,,26.29
1981-03-17,,,,,27.28
1981-03-18,,,,,26.97
1981-03-19,,,,,26.86
1981-03-20,,,,,27.53
1981-03-21,,,,,27.71
1981-03-22,,,,,27.64
1981-03-23,,,,,27.54
1981-03-24,,,,,27.45
1981-03-25,,,,,27.46
1981-03-26,,,,,27.41
1981-03-27,,,,,27.08
1981-03-28,,,,,26.91
1981-03-29,,,,,26.62
1981-03-30,,,,,
1981-03-31,,,,,
1981-04-01,,,,,
1981-04-02,,,,,
1981-04-03,,,,,
1981-04-04,,,,,
1981-04-05,,,,,
1981-04-06,,,,,
1981-04-07,,,,,
1981-04-08,,,,,
1981-04-09,,,,,
1981-04-10,,,,,
1981-04-11,,,,,
1981-04-12,,,,,
1981-04-13,,,,,
1981-04-14,,,,,
1981-04-15,,,,,
1981-04-16,,,,,
1981-04-17,,,,,
1981-04-18,,,,,
1981-04-19,,,,,
1981-04-20,,,,,
1981-04-21,,,,,
1981-04-22,,,,,
1981-04-23,,,,,
1981-04-24,,,,,
1981-04-25,,,,,
1981-04-26,,,,,
1981-04-27,,,,,
1981-04-28,,,,,
1981-04-29,,,,,
1981-04-30,,,,,
1981-05-01,,,,,
1981-05-02,,,,,
1981-05-03,,,,,
1981-05-04,,,,,
1981-05-05,,,,,
1981-05-06,,,,,
1981-05-07,,,,,
1981-05-08,,,,,
1981-05-09,,,,,
1981-05-10,,,,,
1981-05-11,,,,,
1981-05-12,,,,,
1981-05-13,,,,,
1981-05-14,,,,,
1981-05-15,,,,,
1981-05-16,,,,,
1981-05-17,,,,,
1981-05-18,,,,,
1981-05-19,,,,,
1981-05-20,,,,,
1981-05-21,,,,,
1981-05-22,,,,,
1981-05-23,,,,,
1981-05-24,,,,,
1981-05-25,,,,,
1981-05-26,,,,,
1981-05-27,,,,,
1981-05-28,,,,,
1981-05-29,,,,,
1981-05-30,,,,,
1981-05-31,,,,,
1981-06-01,,,,,
1981-06-02,,,,,
1981-06-03,,,,,
1981-06-04,,,,,
1981-06-05,,,,,
1981-06-06,,,,,
1981-06-07,,,,,
1981-06-08,,,,,
1981-06-09,,,,,
1981-06-10,,,,,
1981-06-11,,,,,
1981-06-12,,,,,
1981-06-13,,,,,
1981-06-14,,,,,
1981-06-15,,,,,
1981-06-16,,,,,
1981-06-17,,,,,
1981-06-18,,,,,
1981-06-19,,,,,
1981-06-20,,,,,
1981-06-21,,,,,
1981-06-22,,,,,
1981-06-23,,,,,
1981-06-24,,,,,
1981-06-25,,,,,
1981-06-26,,,,,
1981-06-27,,,,,
1981-06-28,,,,,
1981-06-29,,,,,
1981-06-30,,,,,
1981-07-01,,,,,
1981-07-02,,,,,
1981-07-03,,,,,
1981-07-04,,,,,
1981-07-05,,,,,
1981-07-06,,,,,
1981-07-07,,,,,
1981-07-08,,,,,
1981-07-09,,,,,
1981-07-10,,,,,
1981-07-11,,,,,
1981-07-12,,,,,23.86
1981-07-13,,,,,23.59
1981-07-14,,,,,23.55
1981-07-15,,,,,23.83
1981-07-16,,,,,23.45
1981-07-17,,,,,22.63
1981-07-18,,,,,22.41
1981-07-19,,,,,22.51
1981-07-20,,,,,22.39
1981-07-21,,,,,22.35
1981-07-22,,,,,22.6
1981-07-23,,,,,22.88
1981-07-24,,,,,22.87
1981-07-25,,,,,22.33
1981-07-26,,,,,21.68
1981-07-27,,,,,21.54
1981-07-28,,,,,21.51
1981-07-29,,,,,20.95
1981-07-30,,,,,20.56
1981-07-31,,,,,20.41
1981-08-01,,,,,20.08
1981-08-02,,,,,19.98
1981-08-03,,,,,20.12
1981-08-04,,,,,20.32
1981-08-05,,,,,20.35
1981-08-06,,,,,20.48
1981-08-07,,,,,20.38
1981-08-08,,,,,20.28
1981-08-09,,,,,20.31
1981-08-10,,,,,19.7
1981-08-11,,,,,19.67
1981-08-12,,,,,20.36
1981-08-13,,,,,20.81
1981-08-14,,,,,21.12
1981-08-15,,,,,21.1
1981-08-16,,,,,21.11
1981-08-17,,,,,20.89
1981-08-18,,,,,20.66
1981-08-19,,,,,21.36
1981-08-20,,,,,
1981-08-21,,,,,
1981-08-22,,,,,
1981-08-23,,,,,
1981-08-24,,,,,
1981-08-25,,,,,
1981-08-26,,,,,
1981-08-27,,,,,
1981-08-28,,,,,
1981-08-29,,,,,
1981-08-30,,,,,
1981-08-31,,,,,
1981-09-01,,,,,
1981-09-02,,,,,
1981-09-03,,,,,
1981-09-04,,,,,
1981-09-05,,,,,
1981-09-06,,,,,
1981-09-07,,,,,
1981-09-08,,,,,
1981-09-09,,,,,
1981-09-10,,,,,
1981-09-11,,,,,
1981-09-12,,,,,
1981-09-13,,,,,
1981-09-14,,,,,
1981-09-15,,,,,
1981-09-16,,,,,
1981-09-17,,,,,
1981-09-18,,,,,
1981-09-19,,,,,
1981-09-20,,,,,
1981-09-21,,,,,
1981-09-22,,,,,
1981-09-23,,,,,
1981-09-24,,,,,
1981-09-25,,,,,
1981-09-26,,,,,
1981-09-27,,,,,
1981-09-28,,,,,
1981-09-29,,,,,
1981-09-30,,,,,
1981-10-01,,,,,
1981-10-02,,,,,
1981-10-03,,,,,
1981-10-04,,,,,
1981-10-05,,,,,
1981-10-06,,,,,
1981-10-07,,,,,
1981-10-08,,,,,
1981-10-09,,,,,
1981-10-10,,,,,
1981-10-11,,,,,
1981-10-12,,,,,
1981-10-13,,,,,
1981-10-14,,,,,
1981-10-15,,,,,
1981-10-16,,,,,
1981-10-17,,,,,
1981-10-18,,,,,
1981-10-19,,,,,
1981-10-20,,,,,
1981-10-21,,,,,
1981-10-22,,,,,
1981-10-23,,,,,
1981-10-24,,,,,
1981-10-25,,,,,
1981-10-26,,,,,
1981-10-27,,,,,
1981-10-28,,,,,
1981-10-29,,,,,
1981-10-30,,,,,
1981-10-31,,,,,
1981-11-01,,,,,21.52
1981-11-02,,,,,21.57
1981-11-03,,,,,21.86
1981-11-04,,,,,21.86
1981-11-05,,,,,21.69
1981-11-06,,,,,21.61
1981-11-07,,,,,21.53
1981-11-08,,,,,21.3
1981-11-09,,,,,21.65
1981-11-10,,,,,22.56
1981-11-11,,,,,23.13
1981-11-12,,,,,23.21
1981-11-13,,,,,23.59
1981-11-14,,,,,24.08
1981-11-15,,,,,23.34
1981-11-16,,,,,23.47
1981-11-17,,,,,
1981-11-18,,,,,
1981-11-19,,,,,
1981-11-20,,,,,
1981-11-21,,,,,
1981-11-22,,,,,
1981-11-23,,,,,
1981-11-24,,,,,
1981-11-25,,,,,
1981-11-26,,,,,
1981-11-27,,,,,
1981-11-28,,,,,
1981-11-29,,,,,
1981-11-30,,,,,
1981-12-01,,,,,
1981-12-02,,,,,
1981-12-03,,,,,
1981-12-04,,,,,
1981-12-05,,,,,
1981-12-06,,,,,
1981-12-07,,,,,
1981-12-08,,,,,
1981-12-09,,,,,
1981-12-10,,,,,
1981-12-11,,,,,
1981-12-12,,,,,
1981-12-13,,,,,
1981-12-14,,,,,
1981-12-15,,,,,
1981-12-16,,,,,
1981-12-17,,,,,
1981-12-18,,,,,
1981-12-19,,,,,
1981-12-20,,,,,
1981-12-21,,,,,
1981-12-22,,,,,
1981-12-23,,,,,
1981-12-24,,,,,
1981-12-25,,,,,
1981-12-26,,,,,
1981-12-27,,,,,
1981-12-28,,,,,
1981-12-29,,,,,
1981-12-30,,,,,
1981-12-31,,,,,
1982-01-01,,,,,
1982-01-02,,,,,
1982-01-03,,,,,
1982-01-04,,,,,
1982-01-05,,,,,
1982-01-06,,,,,
1982-01-07,,,,,
1982-01-08,,,,,
1982-01-09,,,,,
1982-01-10,,,,,
1982-01-11,,,,,
1982-01-12,,,,,
1982-01-13,,,,,
1982-01-14,,,,,
1982-01-15,,,,,
1982-01-16,,,,,
1982-01-17,,,,,
1982-01-18,,,,,
1982-01-19,,,,,
1982-01-20,,,,,
1982-01-21,,,,,
1982-01-22,,,,,
1982-01-23,,,,,
1982-01-24,,,,,
1982-01-25,,,,,
1982-01-26,,,,,
1982-01-27,,,,,
1982-01-28,,,,,
1982-01-29,,,,,
1982-01-30,,,,,
1982-01-31,,,,,
1982-02-01,,,,,
1982-02-02,,,,,
1982-02-03,,,,,
1982-02-04,,,,,
1982-02-05,,,,,
1982-02-06,,,,,
1982-02-07,,,,,
1982-02-08,,,,,
1982-02-09,,,,,
1982-02-10,,,,,
1982-02-11,,,,,
1982-02-12,,,,,
1982-02-13,,,,,
1982-02-14,,,,,
1982-02-15,,,,,
1982-02-16,,,,,
1982-02-17,,,,,
1982-02-18,,,,,
1982-02-19,,,,,
1982-02-20,,,,,
1982-02-21,,,,,
1982-02-22,,,,,
1982-02-23,,,,,
1982-02-24,,,,,
1982-02-25,,,,,
1982-02-26,,,,,
1982-02-27,,,,,
1982-02-28,,,,,
1982-03-01,,,,,
1982-03-02,,,,,
1982-03-03,,,,,
1982-03-04,,,,,
1982-03-05,,,,,
1982-03-06,,,,,
1982-03-07,,,,,
1982-03-08,,,,,
1982-03-09,,,,,
1982-03-10,,,,,
1982-03-11,,,,,
1982-03-12,,,,,
1982-03-13,,,,,
1982-03-14,,,,,
1982-03-15,,,,,
1982-03-16,,,,,
1982-03-17,,,,,
1982-03-18,,,,,
1982-03-19,,,,,
1982-03-20,,,,,
1982-03-21,,,,,
1982-03-22,,,,,
1982-03-23,,,,,
1982-03-24,,,,,
1982-03-25,,,,,
1982-03-26,,,,,
1982-03-27,,,,,
1982-03-28,,,,,
1982-03-29,,,,,
1982-03-30,,,,,
1982-03-31,,,,,
1982-04-01,,,,,
1982-04-02,,,,,
1982-04-03,,,,,
1982-04-04,,,,,
1982-04-05,,,,,
1982-04-06,,,,,
1982-04-07,,,,,
1982-04-08,,,,,
1982-04-09,,,,,
1982-04-10,,,,,
1982-04-11,,,,,
1982-04-12,,,,,
1982-04-13,,,,,
1982-04-14,,,,,
1982-04-15,,,,,
1982-04-16,,,,,
1982-04-17,,,,,
1982-04-18,,,,,
1982-04-19,,,,,
1982-04-20,,,,,
1982-04-21,,,,,
1982-04-22,,,,,
1982-04-23,,,,,
1982-04-24,,,,,
1982-04-25,,,,,
1982-04-26,,,,,
1982-04-27,,,,,
1982-04-28,,,,,
1982-04-29,,,,,
1982-04-30,,,,,
1982-05-01,,,,,
1982-05-02,,,,,
1982-05-03,,,,,
1982-05-04,,,,,
1982-05-05,,,,,
1982-05-06,,,,,
1982-05-07,,,,,
1982-05-08,,,,,
1982-05-09,,,,,
1982-05-10,,,,,
1982-05-11,,,,,
1982-05-12,,,,,
1982-05-13,,,,,
1982-05-14,,,,,
1982-05-15,,,,,
1982-05-16,,,,,
1982-05-17,,,,,
1982-05-18,,,,,
1982-05-19,,,,,
1982-05-20,,,,,
1982-05-21,,,,,
1982-05-22,,,,,
1982-05-23,,,,,
1982-05-24,,,,,
1982-05-25,,,,,
1982-05-26,,,,,
1982-05-27,,,,,
1982-05-28,,,,,
1982-05-29,,,,,
1982-05-30,,,,,
1982-05-31,,,,,
1982-06-01,,,,,
1982-06-02,,,,,
1982-06-03,,,,,
1982-06-04,,,,,
1982-06-05,,,,,
1982-06-06,,,,,
1982-06-07,,,,,
1982-06-08,,,,,
1982-06-09,,,,,
1982-06-10,,,,,
1982-06-11,,,,,
1982-06-12,,,,,
1982-06-13,,,,,
1982-06-14,,,,,
1982-06-15,,,,,
1982-06-16,,,,,
1982-06-17,,,,,
1982-06-18,,,,,
1982-06-19,,,,,
1982-06-20,,,,,
1982-06-21,,,,,
1982-06-22,,,,,
1982-06-23,,,,,
1982-06-24,,,,,
1982-06-25,,,,,
1982-06-26,,,,,
1982-06-27,,,,,
1982-06-28,,,,,
1982-06-29,,,,,
1982-06-30,,,,,
1982-07-01,,,,,
1982-07-02,,,,,
1982-07-03,,,,,
1982-07-04,,,,,
1982-07-05,,,,,
1982-07-06,,,,,
1982-07-07,,,,,
1982-07-08,,,,,
1982-07-09,,,,,
1982-07-10,,,,,
1982-07-11,,,,,
1982-07-12,,,,,
1982-07-13,,,,,
1982-07-14,,,,,
1982-07-15,,,,,
1982-07-16,,,,,
1982-07-17,,,,,
1982-07-18,,,,,
1982-07-19,,,,,
1982-07-20,,,,,
1982-07-21,,,,,
1982-07-22,,,,,
1982-07-23,,,,,
1982-07-24,,,,,
1982-07-25,,,,,
1982-07-26,,,,,
1982-07-27,,,,,
1982-07-28,,,,,
1982-07-29,,,,,
1982-07-30,,,,,
1982-07-31,,,,,
1982-08-01,,,,,
1982-08-02,,,,,
1982-08-03,,,,,
1982-08-04,,,,,
1982-08-05,,,,,
1982-08-06,,,,,
1982-08-07,,,,,
1982-08-08,,,,,
1982-08-09,,,,,
1982-08-10,,,,,
1982-08-11,,,,,
1982-08-12,,,,,
1982-08-13,,,,,
1982-08-14,,,,,
1982-08-15,,,,,
1982-08-16,,,,,
1982-08-17,,,,,
1982-08-18,,,,,
1982-08-19,,,,,
1982-08-20,,,,,
1982-08-21,,,,,
1982-08-22,,,,,
1982-08-23,,,,,
1982-08-24,,,,,
1982-08-25,,,,,
1982-08-26,,,,,
1982-08-27,,,,,
1982-08-28,,,,,
1982-08-29,,,,,
1982-08-30,,,,,
1982-08-31,,,,,
1982-09-01,,,,,
1982-09-02,,,,,
1982-09-03,,,,,
1982-09-04,,,,,
1982-09-05,,,,,
1982-09-06,,,,,
1982-09-07,,,,,
1982-09-08,,,,,
1982-09-09,,,,,
1982-09-10,,,,,
1982-09-11,,,,,
1982-09-12,,,,,
1982-09-13,,,,,
1982-09-14,,,,,
1982-09-15,,,,,
1982-09-16,,,,,
1982-09-17,,,,,
1982-09-18,,,,,
1982-09-19,,,,,
1982-09-20,,,,,
1982-09-21,,,,,
1982-09-22,,,,,
1982-09-23,,,,,
1982-09-24,,,,,
1982-09-25,,,,,
1982-09-26,,,,,
1982-09-27,,,,,
1982-09-28,,,,,
1982-09-29,,,,,
1982-09-30,,,,,
1982-10-01,,,,,
1982-10-02,,,,,
1982-10-03,,,,,
1982-10-04,,,,,
1982-10-05,,,,,
1982-10-06,,,,,
1982-10-07,,,,,
1982-10-08,,,,,
1982-10-09,,,,,
1982-10-10,,,,,
1982-10-11,,,,,
1982-10-12,,,,,
1982-10-13,,,,,
1982-10-14,,,,,
1982-10-15,,,,,
1982-10-16,,,,,
1982-10-17,,,,,
1982-10-18,,,,,
1982-10-19,,,,,
1982-10-20,,,,,
1982-10-21,,,,,
1982-10-22,,,,,
1982-10-23,,,,,
1982-10-24,,,,,
1982-10-25,,,,,
1982-10-26,,,,,
1982-10-27,,,,,26.46
1982-10-28,,,,,26.48
1982-10-29,,,,,26.48
1982-10-30,,,,,26.48
1982-10-31,,,,,26.38
1982-11-01,,,,,26.26
1982-11-02,,,,,26.26
1982-11-03,,,,,26.33
1982-11-04,,,,,26.4
1982-11-05,,,,,26.47
1982-11-06,,,,,26.46
1982-11-07,,,,,26.41
1982-11-08,,,,,26.37
1982-11-09,,,,,26.44
1982-11-10,,,,,26.45
1982-11-11,,,,,26.43
1982-11-12,,,,,26.39
1982-11-13,,,,,26.42
1982-11-14,,,,,26.48
1982-11-15,,,,,26.51
1982-11-16,,,,,26.53
1982-11-17,,,,,26.55
1982-11-18,,,,,26.56
1982-11-19,,,,,26.68
1982-11-20,,,,,26.77
1982-11-21,,,,,26.74
1982-11-22,,,,,26.74
1982-11-23,,,,,26.96
1982-11-24,,,,,27.07
1982-11-25,,,,,26.99
1982-11-26,,,,,26.96
1982-11-27,,,,,26.97
1982-11-28,,,,,27.04
1982-11-29,,,,,27.12
1982-11-30,,,,,27.1
1982-12-01,,,,,27.05
1982-12-02,,,,,26.95
1982-12-03,,,,,26.87
1982-12-04,,,,,26.91
1982-12-05,,,,,27.04
1982-12-06,,,,,27.11
1982-12-07,,,,,27.17
1982-12-08,,,,,27.3
1982-12-09,,,,,27.37
1982-12-10,,,,,27.39
1982-12-11,,,,,27.44
1982-12-12,,,,,27.43
1982-12-13,,,,,27.42
1982-12-14,,,,,27.51
1982-12-15,,,,,27.54
1982-12-16,,,,,27.57
1982-12-17,,,,,27.55
1982-12-18,,,,,27.56
1982-12-19,,,,,27.59
1982-12-20,,,,,27.6
1982-12-21,,,,,27.66
1982-12-22,,,,,27.76
1982-12-23,,,,,27.83
1982-12-24,,,,,27.93
1982-12-25,,,,,27.96
1982-12-26,,,,,27.88
1982-12-27,,,,,27.93
1982-12-28,,,,,27.9
1982-12-29,,,,,27.8
1982-12-30,,,,,27.96
1982-12-31,,,,,28.19
1983-01-01,,,,,28.09
1983-01-02,,,,,28.07
1983-01-03,,,,,28.03
1983-01-04,,,,,27.98
1983-01-05,,,,,28.0
1983-01-06,,,,,28.15
1983-01-07,,,,,28.13
1983-01-08,,,,,28.06
1983-01-09,,,,,28.06
1983-01-10,,,,,28.11
1983-01-11,,,,,28.2
1983-01-12,,,,,28.23
1983-01-13,,,,,28.24
1983-01-14,,,,,28.21
1983-01-15,,,,,28.15
1983-01-16,,,,,28.16
1983-01-17,,,,,28.23
1983-01-18,,,,,28.18
1983-01-19,,,,,28.15
1983-01-20,,,,,28.12
1983-01-21,,,,,28.24
1983-01-22,,,,,28.25
1983-01-23,,,,,28.01
1983-01-24,,,,,28.0
1983-01-25,,,,,27.94
1983-01-26,,,,,27.72
1983-01-27,,,,,28.14
1983-01-28,,,,,28.2
1983-01-29,,,,,28.11
1983-01-30,,,,,28.03
1983-01-31,,,,,28.04
1983-02-01,,,,,28.17
1983-02-02,,,,,28.18
1983-02-03,,,,,27.93
1983-02-04,,,,,28.02
1983-02-05,,,,,28.56
1983-02-06,,,,,28.42
1983-02-07,,,,,28.28
1983-02-08,,,,,28.36
1983-02-09,,,,,28.13
1983-02-10,,,,,28.12
1983-02-11,,,,,28.52
1983-02-12,,,,,28.63
1983-02-13,,,,,28.64
1983-02-14,,,,,28.69
1983-02-15,,,,,28.46
1983-02-16,,,,,28.41
1983-02-17,,,,,28.46
1983-02-18,,,,,28.21
1983-02-19,,,,,28.39
1983-02-20,,,,,28.52
1983-02-21,,,,,28.47
1983-02-22,,,,,29.01
1983-02-23,,,,,29.07
1983-02-24,,,,,29.45
1983-02-25,,,,,29.45
1983-02-26,,,,,29.6
1983-02-27,,,,,29.61
1983-02-28,,,,,29.5
1983-03-01,,,,,29.0
1983-03-02,,,,,28.67
1983-03-03,,,,,29.09
1983-03-04,,,,,29.22
1983-03-05,,,,,29.19
1983-03-06,,,,,29.24
1983-03-07,,,,,29.32
1983-03-08,,,,,29.03
1983-03-09,,,,,28.92
1983-03-10,,,,,28.64
1983-03-11,,,,,28.49
1983-03-12,,,,,28.45
1983-03-13,,,,,28.53
1983-03-14,,,,,28.78
1983-03-15,,,,,28.9
1983-03-16,,,,,28.79
1983-03-17,,,,,28.8
1983-03-18,,,,,28.78
1983-03-19,,,,,28.85
1983-03-20,,,,,28.84
1983-03-21,,,,,28.83
1983-03-22,,,,,29.12
1983-03-23,,,,,29.1
1983-03-24,,,,,29.05
1983-03-25,,,,,29.14
1983-03-26,,,,,28.97
1983-03-27,,,,,29.05
1983-03-28,,,,,28.98
1983-03-29,,,,,29.08
1983-03-30,,,,,29.07
1983-03-31,,,,,29.14
1983-04-01,,,,,29.13
1983-04-02,,,,,29.04
1983-04-03,,,,,29.13
1983-04-04,,,,,29.25
1983-04-05,,,,,29.32
1983-04-06,,,,,29.18
1983-04-07,,,,,29.31
1983-04-08,,,,,29.56
1983-04-09,,,,,29.79
1983-04-10,,,,,29.61
1983-04-11,,,,,29.78
1983-04-12,,,,,29.49
1983-04-13,,,,,29.28
1983-04-14,,,,,29.66
1983-04-15,,,,,29.65
1983-04-16,,,,29.15,29.46
1983-04-17,,,,29.5,29.33
1983-04-18,,,,29.34,29.28
1983-04-19,,,,29.25,29.05
1983-04-20,,,,29.42,29.01
1983-04-21,,,,29.2,28.98
1983-04-22,,,,29.07,29.05
1983-04-23,,,,29.08,
1983-04-24,,,,29.17,
1983-04-25,,,,29.41,
1983-04-26,,,,,
1983-04-27,,,,,
1983-04-28,,,,,
1983-04-29,,,,,
1983-04-30,,,,,
1983-05-01,,,,,
1983-05-02,,,,,
1983-05-03,,,,,
1983-05-04,,,,,
1983-05-05,,,,,
1983-05-06,,,,,
1983-05-07,,,,,
1983-05-08,,,,,
1983-05-09,,,,,
1983-05-10,,,,,
1983-05-11,,,,,
1983-05-12,,,,,
1983-05-13,,,,,
1983-05-14,,,,,
1983-05-15,,,,,
1983-05-16,,,,,
1983-05-17,,,,,
1983-05-18,,,,,
1983-05-19,,,,,
1983-05-20,,,,,
1983-05-21,,,,,
1983-05-22,,,,,
1983-05-23,,,,,
1983-05-24,,,,,
1983-05-25,,,,,
1983-05-26,,,,,
1983-05-27,,,,,
1983-05-28,,,,,
1983-05-29,,,,,
1983-05-30,,,,,
1983-05-31,,,,,
1983-06-01,,,,,
1983-06-02,,,,,
1983-06-03,,,,,
1983-06-04,,,,,
1983-06-05,,,,,
1983-06-06,,,,,
1983-06-07,,,,,
1983-06-08,,,,,
1983-06-09,,,,,
1983-06-10,,,,,
1983-06-11,,,,,
1983-06-12,,,,,
1983-06-13,,,,,
1983-06-14,,,,,
1983-06-15,,,,,
1983-06-16,,,,,
1983-06-17,,,,,
1983-06-18,,,,,
1983-06-19,,,,,
1983-06-20,,,,,
1983-06-21,,,,,
1983-06-22,,,,,
1983-06-23,,,,,
1983-06-24,,,,,
1983-06-25,,,,,
1983-06-26,,,,,
1983-06-27,,,,,
1983-06-28,,,,,
1983-06-29,,,,,
1983-06-30,,,,,
1983-07-01,,,,,
1983-07-02,,,,,
1983-07-03,,,,,
1983-07-04,,,,,
1983-07-05,,,,,
1983-07-06,,,,,
1983-07-07,,,,,
1983-07-08,,,,,
1983-07-09,,,,,
1983-07-10,,,,,
1983-07-11,,,,,
1983-07-12,,,,,
1983-07-13,,,,,
1983-07-14,,,,,
1983-07-15,,,,,
1983-07-16,,,,,
1983-07-17,,,,,
1983-07-18,,,,,
1983-07-19,,,,,
1983-07-20,,,,,
1983-07-21,,,,,
1983-07-22,,,,,
1983-07-23,,,,,
1983-07-24,,,,,
1983-07-25,,,,,
1983-07-26,,,,,
1983-07-27,,,,,
1983-07-28,,,,,
1983-07-29,,,,,
1983-07-30,,,,,
1983-07-31,,,,,
1983-08-01,,,,,
1983-08-02,,,,,
1983-08-03,,,,,
1983-08-04,,,,,
1983-08-05,,,,,
1983-08-06,,,,,
1983-08-07,,,,,
1983-08-08,,,,,
1983-08-09,,,,,
1983-08-10,,,,,
1983-08-11,,,,,
1983-08-12,,,,,
1983-08-13,,,,,
1983-08-14,,,,,
1983-08-15,,,,,
1983-08-16,,,,,
1983-08-17,,,,,
1983-08-18,,,,,
1983-08-19,,,,,
1983-08-20,,,,,
1983-08-21,,,,,
1983-08-22,,,,,
1983-08-23,,,,,
1983-08-24,,,,,
1983-08-25,,,,,
1983-08-26,,,,,
1983-08-27,,,,,
1983-08-28,,,,,
1983-08-29,,,,,
1983-08-30,,,,,
1983-08-31,,,,,
1983-09-01,,,,,
1983-09-02,,,,,
1983-09-03,,,,,
1983-09-04,,,,,
1983-09-05,,,,,
1983-09-06,,,,,
1983-09-07,,,,,
1983-09-08,,,,,
1983-09-09,,,,,
1983-09-10,,,,,
1983-09-11,,,,,
1983-09-12,,,,,
1983-09-13,,,,,
1983-09-14,,,,,
1983-09-15,,,,,
1983-09-16,,,,,
1983-09-17,,,,,
1983-09-18,,,,,
1983-09-19,,,,,
1983-09-20,,,,,
1983-09-21,,,,,
1983-09-22,,,,,
1983-09-23,,,,,
1983-09-24,,,,,
1983-09-25,,,,,
1983-09-26,,,,,
1983-09-27,,,,,
1983-09-28,,,,,
1983-09-29,,,,,
1983-09-30,,,,,
1983-10-01,,,,,
1983-10-02,,,,,
1983-10-03,,,,,
1983-10-04,,,,,
1983-10-05,,,,,
1983-10-06,,,,,
1983-10-07,,,,,
1983-10-08,,,,,
1983-10-09,,,,,
1983-10-10,,,,,
1983-10-11,,,,,
1983-10-12,,,,,
1983-10-13,,,,,
1983-10-14,,,,,
1983-10-15,,,,,
1983-10-16,,,,,
1983-10-17,,,,,
1983-10-18,,,,,
1983-10-19,,,,,
1983-10-20,,,,,
1983-10-21,,,,25.07,
1983-10-22,,,,24.79,
1983-10-23,,,,24.49,
1983-10-24,,,,24.15,
1983-10-25,,,,23.84,
1983-10-26,,,,23.66,
1983-10-27,,,,23.47,
1983-10-28,,,,23.37,
1983-10-29,,,,23.36,
1983-10-30,,,,23.27,
1983-10-31,,,,23.27,
1983-11-01,,,,23.37,
1983-11-02,,,,23.32,
1983-11-03,,,,23.05,22.27
1983-11-04,,,,23.63,22.3
1983-11-05,,,,25.5,21.88
1983-11-06,,,,25.99,21.94
1983-11-07,,,,25.17,23.35
1983-11-08,,,,24.96,22.85
1983-11-09,,,,24.6,22.71
1983-11-10,,,,24.39,21.86
1983-11-11,,,,24.2,21.26
1983-11-12,,,,23.68,20.89
1983-11-13,,,,23.59,20.91
1983-11-14,,,,23.36,20.78
1983-11-15,,,,23.34,21.02
1983-11-16,,,,23.3,21.02
1983-11-17,,,,23.23,20.53
1983-11-18,,,,23.15,20.29
1983-11-19,,,,23.36,20.12
1983-11-20,,,,23.69,19.94
1983-11-21,,,,24.21,20.07
1983-11-22,,,,24.63,20.13
1983-11-23,,,,24.61,19.8
1983-11-24,,,,24.45,19.92
1983-11-25,,,,24.11,19.62
1983-11-26,,,,23.8,20.08
1983-11-27,,,,23.52,20.15
1983-11-28,,,,23.33,19.99
1983-11-29,,,,23.37,19.48
1983-11-30,,,,23.52,19.63
1983-12-01,,,,23.4,19.44
1983-12-02,,,,23.28,19.73
1983-12-03,,,,22.89,20.13
1983-12-04,,,,22.56,20.74
1983-12-05,,,,22.54,19.96
1983-12-06,,,,22.55,19.68
1983-12-07,,,,22.54,19.84
1983-12-08,,,,22.38,19.81
1983-12-09,,,,22.21,19.81
1983-12-10,,,,21.99,19.83
1983-12-11,,,,22.02,19.6
1983-12-12,,,,22.04,19.67
1983-12-13,,,,22.01,19.78
1983-12-14,,,,,20.1
1983-12-15,,,,,20.87
1983-12-16,,,,,20.22
1983-12-17,,,,,20.12
1983-12-18,,,,,20.27
1983-12-19,,,,,20.6
1983-12-20,,,,,20.95
1983-12-21,,,,,20.78
1983-12-22,,,,,20.21
1983-12-23,,,,,20.12
1983-12-24,,,,,20.17
1983-12-25,,,,,20.43
1983-12-26,,,,,20.87
1983-12-27,,,,,20.7
1983-12-28,,,,,20.71
1983-12-29,,,,,20.67
1983-12-30,,,,,22.08
1983-12-31,,,,,23.69
1984-01-01,,,,,23.63
1984-01-02,,,,,22.88
1984-01-03,,,,,22.46
1984-01-04,,,,,22.44
1984-01-05,,,,,22.71
1984-01-06,,,,,21.23
1984-01-07,,,,,20.83
1984-01-08,,,,,20.59
1984-01-09,,,,,20.52
1984-01-10,,,,,20.65
1984-01-11,,,,,20.68
1984-01-12,,,,,21.36
1984-01-13,,,,,21.36
1984-01-14,,,,,21.9
1984-01-15,,,,,22.82
1984-01-16,,,,,22.54
1984-01-17,,,,,22.17
1984-01-18,,,,,21.72
1984-01-19,,,,,21.36
1984-01-20,,,,,22.14
1984-01-21,,,,,22.4
1984-01-22,,,,,22.54
1984-01-23,,,,,22.25
1984-01-24,,,,,21.64
1984-01-25,,,,,21.72
1984-01-26,,,,,21.68
1984-01-27,,,,,22.22
1984-01-28,,,,,22.5
1984-01-29,,,,,22.6
1984-01-30,,,,,22.62
1984-01-31,,,,,22.93
1984-02-01,,,,,22.36
1984-02-02,,,,,22.47
1984-02-03,,,,,22.83
1984-02-04,,,,,22.93
1984-02-05,,,,,23.2
1984-02-06,,,,,23.92
1984-02-07,,,,,24.18
1984-02-08,,,,,24.48
1984-02-09,,,,,24.89
1984-02-10,,,,,25.18
1984-02-11,,,,,25.06
1984-02-12,,,,,23.92
1984-02-13,,,,,24.83
1984-02-14,,,,,23.8
1984-02-15,,,,,23.46
1984-02-16,,,,,24.62
1984-02-17,,,,,25.18
1984-02-18,,,,,25.96
1984-02-19,,,,,26.0
1984-02-20,,,,,26.06
1984-02-21,,,,,26.41
1984-02-22,,,,,26.41
1984-02-23,,,,,26.48
1984-02-24,,,,,26.97
1984-02-25,,,,,27.17
1984-02-26,,,,,27.05
1984-02-27,,,,,26.89
1984-02-28,,,,,26.51
1984-02-29,,,,,26.63
1984-03-01,,,,,26.49
1984-03-02,,,,,26.83
1984-03-03,,,,,27.11
1984-03-04,,,,,28.1
1984-03-05,,,,,27.85
1984-03-06,,,,,26.24
1984-03-07,,,,,25.37
1984-03-08,,,,,25.32
1984-03-09,,,,,25.36
1984-03-10,,,,,25.7
1984-03-11,,,,,26.31
1984-03-12,,,,,25.78
1984-03-13,,,,,25.83
1984-03-14,,,,,26.05
1984-03-15,,,,,26.29
1984-03-16,,,,,25.84
1984-03-17,,,,,25.66
1984-03-18,,,,,23.81
1984-03-19,,,,,25.63
1984-03-20,,,,,25.71
1984-03-21,,,,,25.95
1984-03-22,,,,,25.61
1984-03-23,,,,,25.66
1984-03-24,,,,,25.17
1984-03-25,,,,,25.0
1984-03-26,,,,,26.12
1984-03-27,,,,,26.3
1984-03-28,,,,,26.48
1984-03-29,,,,,26.29
1984-03-30,,,,,25.55
1984-03-31,,,,,25.2
1984-04-01,,,,,26.59
1984-04-02,,,,,26.82
1984-04-03,,,,,27.27
1984-04-04,,,,,27.46
1984-04-05,,,,,27.5
1984-04-06,,,,,27.77
1984-04-07,,,,,27.99
1984-04-08,,,,,27.34
1984-04-09,,,,,26.74
1984-04-10,,,,,27.05
1984-04-11,,,,,27.48
1984-04-12,,,,,26.94
1984-04-13,,,,,26.67
1984-04-14,,,,,26.88
1984-04-15,,,,,26.09
1984-04-16,,,,,25.18
1984-04-17,,,,,25.0
1984-04-18,,,,,25.09
1984-04-19,,,,,26.04
1984-04-20,,,,,25.84
1984-04-21,,,,,24.89
1984-04-22,,,,,25.14
1984-04-23,,,,,25.66
1984-04-24,,,,,25.13
1984-04-25,,,,,24.85
1984-04-26,,,,,24.83
1984-04-27,,,,,24.93
1984-04-28,,,,26.6,24.83
1984-04-29,,,,26.72,24.71
1984-04-30,,,,26.27,24.66
1984-05-01,,,,26.09,24.57
1984-05-02,,,,26.21,24.37
1984-05-03,,,,26.11,24.1
1984-05-04,,,,26.33,24.11
1984-05-05,,,,26.4,24.4
1984-05-06,,,,26.62,24.6
1984-05-07,,,,26.61,24.04
1984-05-08,,,,26.68,23.25
1984-05-09,,,,26.82,23.29
1984-05-10,,,,26.89,23.4
1984-05-11,,,,27.09,23.84
1984-05-12,,,,27.01,23.76
1984-05-13,,,,26.74,23.38
1984-05-14,,,,26.16,23.65
1984-05-15,,,,25.75,23.07
1984-05-16,,,,25.59,23.3
1984-05-17,,,,25.53,23.92
1984-05-18,,,,25.59,24.32
1984-05-19,,,,25.49,23.99
1984-05-20,,,,25.41,23.19
1984-05-21,,,,25.33,23.08
1984-05-22,,,,25.33,23.17
1984-05-23,,,,25.29,23.58
1984-05-24,,,,25.19,23.5
1984-05-25,,,,24.94,23.68
1984-05-26,,,,24.95,23.47
1984-05-27,,,,25.49,23.22
1984-05-28,,,,25.52,23.2
1984-05-29,,,,25.56,23.23
1984-05-30,,,,25.82,23.71
1984-05-31,,,,26.14,23.93
1984-06-01,,,,25.39,23.71
1984-06-02,,,,25.4,22.95
1984-06-03,,,,25.47,22.46
1984-06-04,,,,25.4,22.56
1984-06-05,,,,25.18,22.65
1984-06-06,,,,25.06,22.3
1984-06-07,,,,25.14,22.17
1984-06-08,,,,25.23,22.6
1984-06-09,,,,,22.39
1984-06-10,,,,,21.79
1984-06-11,,,,,22.62
1984-06-12,,,,,22.96
1984-06-13,,,,,23.09
1984-06-14,,,,,22.96
1984-06-15,,,,,22.67
1984-06-16,,,,,22.41
1984-06-17,,,,,23.47
1984-06-18,,,,,23.54
1984-06-19,,,,,23.59
1984-06-20,,,,,22.92
1984-06-21,,,,,22.03
1984-06-22,,,,,21.84
1984-06-23,,,,,22.07
1984-06-24,,,,,21.99
1984-06-25,,,,,21.91
1984-06-26,,,,,21.8
1984-06-27,,,,,21.66
1984-06-28,,,,,21.61
1984-06-29,,,,,21.39
1984-06-30,,,,,21.02
1984-07-01,,,,,21.46
1984-07-02,,,,,21.57
1984-07-03,,,,,21.5
1984-07-04,,,,,21.53
1984-07-05,,,,,21.43
1984-07-06,,,,,21.87
1984-07-07,,,,,22.31
1984-07-08,,,,,22.91
1984-07-09,,,,,23.06
1984-07-10,,,,,22.66
1984-07-11,,,,,22.34
1984-07-12,,,,,22.47
1984-07-13,,,,,22.64
1984-07-14,,,,,22.29
1984-07-15,,,,,22.02
1984-07-16,,,,,21.96
1984-07-17,,,,,21.9
1984-07-18,,,,,21.87
1984-07-19,,,,,21.82
1984-07-20,,,,,21.48
1984-07-21,,,,,21.48
1984-07-22,,,,,21.41
1984-07-23,,,,,21.22
1984-07-24,,,,,21.04
1984-07-25,,,,,21.27
1984-07-26,,,,,21.61
1984-07-27,,,,,21.7
1984-07-28,,,,,21.72
1984-07-29,,,,,21.95
1984-07-30,,,,,22.19
1984-07-31,,,,,22.06
1984-08-01,,,,,21.88
1984-08-02,,,,,23.13
1984-08-03,,,,,23.12
1984-08-04,,,,,23.1
1984-08-05,,,,,22.9
1984-08-06,,,,,22.5
1984-08-07,,,,,22.29
1984-08-08,,,,,22.28
1984-08-09,,,,,21.97
1984-08-10,,,,,21.53
1984-08-11,,,,,21.56
1984-08-12,,,,,21.96
1984-08-13,,,,,21.95
1984-08-14,,,,,22.01
1984-08-15,,,,,21.59
1984-08-16,,,,,21.64
1984-08-17,,,,,21.33
1984-08-18,,,,,21.74
1984-08-19,,,,,21.94
1984-08-20,,,,,22.05
1984-08-21,,,,,22.19
1984-08-22,,,,,22.24
1984-08-23,,,,,21.84
1984-08-24,,,,,21.8
1984-08-25,,,,,22.37
1984-08-26,,,,,22.34
1984-08-27,,,,,21.85
1984-08-28,,,,,21.69
1984-08-29,,,,,21.67
1984-08-30,,,,,21.02
1984-08-31,,,,,20.89
1984-09-01,,,,,20.99
1984-09-02,,,,,20.73
1984-09-03,,,,,20.8
1984-09-04,,,,,20.64
1984-09-05,,,,,20.9
1984-09-06,,,,,21.13
1984-09-07,,,,,21.24
1984-09-08,,,,,21.13
1984-09-09,,,,,20.75
1984-09-10,,,,,20.97
1984-09-11,,,,,21.3
1984-09-12,,,,,21.49
1984-09-13,,,,,21.22
1984-09-14,,,,,20.26
1984-09-15,,,,,20.1
1984-09-16,,,,,21.13
1984-09-17,,,,,22.92
1984-09-18,,,,,22.4
1984-09-19,,,,,22.97
1984-09-20,,,,,22.37
1984-09-21,,,,,20.88
1984-09-22,,,,,20.49
1984-09-23,,,,,20.24
1984-09-24,,,,,20.35
1984-09-25,,,,,20.68
1984-09-26,,,,,20.85
1984-09-27,,,,,20.86
1984-09-28,,,,,20.81
1984-09-29,,,,,20.76
1984-09-30,,,,,20.66
1984-10-01,,,,,20.65
1984-10-02,,,,,20.73
1984-10-03,,,,,20.74
1984-10-04,,,,,20.69
1984-10-05,,,,,20.99
1984-10-06,,,,,20.9
1984-10-07,,,,,20.81
1984-10-08,,,,,21.41
1984-10-09,,,,,22.4
1984-10-10,,,,,22.17
1984-10-11,,,,,21.3
1984-10-12,,,,,20.9
1984-10-13,,,,,20.7
1984-10-14,,,,,20.9
1984-10-15,,,,,20.77
1984-10-16,,,,,20.78
1984-10-17,,,,,21.18
1984-10-18,,,,,21.41
1984-10-19,,,,,21.77
1984-10-20,,,,,22.09
1984-10-21,,,,,22.05
1984-10-22,,,,,21.51
1984-10-23,,,,,21.88
1984-10-24,,,,,22.37
1984-10-25,,,,,22.74
1984-10-26,,,,,23.79
1984-10-27,,,,24.49,24.53
1984-10-28,,,,23.66,24.68
1984-10-29,,,,23.47,24.35
1984-10-30,,,,23.97,23.83
1984-10-31,,,,24.49,22.76
1984-11-01,,,,24.39,21.8
1984-11-02,,,,23.93,21.82
1984-11-03,,,,23.15,21.87
1984-11-04,,,,23.04,21.77
1984-11-05,,,,22.93,21.9
1984-11-06,,,,22.74,22.15
1984-11-07,,,,22.58,23.68
1984-11-08,,,,22.86,24.49
1984-11-09,,,,23.07,24.39
1984-11-10,,,,23.23,24.44
1984-11-11,,,,23.66,24.2
1984-11-12,,,,23.69,24.21
1984-11-13,,,,23.49,23.47
1984-11-14,,,,23.36,22.42
1984-11-15,,,,23.69,21.49
1984-11-16,,,,23.93,21.28
1984-11-17,,,,23.87,21.3
1984-11-18,,,,23.78,21.1
1984-11-19,,,,23.91,20.89
1984-11-20,,,,23.88,20.72
1984-11-21,,,,23.66,20.68
1984-11-22,,,,23.63,20.06
1984-11-23,,,,23.83,20.47
1984-11-24,,,,23.98,20.36
1984-11-25,,,,24.16,20.44
1984-11-26,,,,24.38,20.84
1984-11-27,,,,24.69,21.25
1984-11-28,,,,24.8,20.78
1984-11-29,,,,24.8,
1984-11-30,,,,24.73,
1984-12-01,,,,24.6,
1984-12-02,,,,24.37,
1984-12-03,,,,23.98,
1984-12-04,,,,23.82,
1984-12-05,,,,23.95,
1984-12-06,,,,24.07,
1984-12-07,,,,24.02,
1984-12-08,,,,23.68,
1984-12-09,,,,23.73,
1984-12-10,,,,23.56,
1984-12-11,,,,23.36,
1984-12-12,,,,23.14,
1984-12-13,,,,23.33,
1984-12-14,,,,23.68,
1984-12-15,,,,23.88,
1984-12-16,,,,24.02,
1984-12-17,,,,24.06,
1984-12-18,,,,23.98,
1984-12-19,,,,23.79,
1984-12-20,,,,23.88,
1984-12-21,,,,23.78,
1984-12-22,,,,23.57,
1984-12-23,,,,23.44,
1984-12-24,,,,23.35,
1984-12-25,,,,23.46,
1984-12-26,,,,23.6,
1984-12-27,,,,23.66,
1984-12-28,,,,23.64,
1984-12-29,,,,23.51,
1984-12-30,,,,23.34,
1984-12-31,,,,23.2,
1985-01-01,,,,23.29,
1985-01-02,,,,23.51,
1985-01-03,,,,23.4,
1985-01-04,,,,23.57,
1985-01-05,,,,23.76,
1985-01-06,,,,23.92,
1985-01-07,,,,23.74,
1985-01-08,,,,23.39,
1985-01-09,,,,23.02,
1985-01-10,,,,23.11,
1985-01-11,,,,23.16,
1985-01-12,,,,23.34,
1985-01-13,,,,23.43,
1985-01-14,,,,23.44,
1985-01-15,,,,23.38,
1985-01-16,,,,22.89,
1985-01-17,,,,22.57,
1985-01-18,,,,22.59,
1985-01-19,,,,22.87,
1985-01-20,,,,23.11,
1985-01-21,,,,23.3,
1985-01-22,,,,23.25,
1985-01-23,,,,23.47,
1985-01-24,,,,23.44,
1985-01-25,,,,23.29,
1985-01-26,,,,23.55,
1985-01-27,,,,24.08,
1985-01-28,,,,24.28,
1985-01-29,,,,24.43,
1985-01-30,,,,24.4,
1985-01-31,,,,24.08,
1985-02-01,,,,23.58,
1985-02-02,,,,23.37,
1985-02-03,,,,23.5,
1985-02-04,,,,23.6,
1985-02-05,,,,23.71,
1985-02-06,,,,23.91,
1985-02-07,,,,24.05,
1985-02-08,,,,23.75,
1985-02-09,,,,23.63,
1985-02-10,,,,23.8,
1985-02-11,,,,23.71,
1985-02-12,,,,23.7,
1985-02-13,,,,23.72,
1985-02-14,,,,23.71,
1985-02-15,,,,23.77,
1985-02-16,,,,23.93,
1985-02-17,,,,24.19,
1985-02-18,,,,24.3,
1985-02-19,,,,24.54,
1985-02-20,,,,24.56,
1985-02-21,,,,24.56,
1985-02-22,,,,24.8,
1985-02-23,,,,24.85,
1985-02-24,,,,24.94,
1985-02-25,,,,24.78,
1985-02-26,,,,24.81,
1985-02-27,,,,24.83,
1985-02-28,,,,24.95,
1985-03-01,,,,24.51,
1985-03-02,,,,24.43,
1985-03-03,,,,24.7,
1985-03-04,,,,24.88,
1985-03-05,,,,24.69,
1985-03-06,,,,24.47,
1985-03-07,,,,24.4,
1985-03-08,,,,24.34,
1985-03-09,,,,24.82,
1985-03-10,,,,24.98,
1985-03-11,,,,24.64,
1985-03-12,,,,24.55,
1985-03-13,,,,24.76,
1985-03-14,,,,24.82,
1985-03-15,,,,24.89,
1985-03-16,,,,24.76,
1985-03-17,,,,24.75,
1985-03-18,,,,24.79,
1985-03-19,,,,24.65,
1985-03-20,,,,24.77,
1985-03-21,,,,25.0,
1985-03-22,,,,25.01,
1985-03-23,,,,24.99,
1985-03-24,,,,24.96,
1985-03-25,,,,24.87,
1985-03-26,,,,24.78,
1985-03-27,,,,24.75,
1985-03-28,,,,24.65,
1985-03-29,,,,24.42,
1985-03-30,,,,24.53,
1985-03-31,,,,24.61,
1985-04-01,,,,24.81,
1985-04-02,,,,24.91,
1985-04-03,,,,24.88,
1985-04-04,,,,24.84,
1985-04-05,,,,24.89,
1985-04-06,,,,24.9,
1985-04-07,,,,24.78,
1985-04-08,,,,24.77,
1985-04-09,,,,24.79,
1985-04-10,,,,24.84,
1985-04-11,,,,25.04,
1985-04-12,,,,25.3,
1985-04-13,,,,24.98,
1985-04-14,,,,24.93,
1985-04-15,,,,25.32,
1985-04-16,,,,25.33,
1985-04-17,,,,25.52,
1985-04-18,,,,25.38,
1985-04-19,,,,25.31,
1985-04-20,,,,25.38,
1985-04-21,,,,25.57,
1985-04-22,,,,25.69,
1985-04-23,,,,25.87,
1985-04-24,,,,26.17,
1985-04-25,,,,26.25,
1985-04-26,,,,26.09,
1985-04-27,,,,26.09,
1985-04-28,,,,26.08,
1985-04-29,,,,25.73,
1985-04-30,,,,25.71,
1985-05-01,,,,25.77,
1985-05-02,,,,25.81,
1985-05-03,,,,25.77,
1985-05-04,,,,25.75,
1985-05-05,,,,25.8,
1985-05-06,,,,25.85,
1985-05-07,,,,25.82,
1985-05-08,,,,25.75,
1985-05-09,,,,25.86,
1985-05-10,,,,25.68,24.39
1985-05-11,,,,25.65,24.35
1985-05-12,,,,25.72,23.89
1985-05-13,,,,25.64,24.27
1985-05-14,,,,25.58,24.41
1985-05-15,,,,25.69,24.8
1985-05-16,,,,25.79,24.99
1985-05-17,,,,25.91,24.82
1985-05-18,,,,25.76,24.41
1985-05-19,,,,25.73,24.02
1985-05-20,,,,25.75,23.72
1985-05-21,,,,25.77,23.69
1985-05-22,,,,25.73,23.56
1985-05-23,,,,25.8,23.77
1985-05-24,,,,25.8,23.73
1985-05-25,,,,25.73,23.75
1985-05-26,,,,25.65,23.58
1985-05-27,,,,25.57,23.3
1985-05-28,,,,25.52,23.36
1985-05-29,,,,25.49,23.34
1985-05-30,,,,25.54,23.68
1985-05-31,,,,25.62,24.43
1985-06-01,,,,25.81,24.07
1985-06-02,,,,25.95,24.0
1985-06-03,,,,26.01,23.95
1985-06-04,,,,26.0,24.07
1985-06-05,,,,26.18,24.26
1985-06-06,,,,26.34,24.32
1985-06-07,,,,26.4,24.26
1985-06-08,,,,26.15,24.2
1985-06-09,,,,26.07,24.45
1985-06-10,,,,26.07,24.44
1985-06-11,,,,26.06,24.37
1985-06-12,,,,26.13,24.3
1985-06-13,,,,26.3,23.91
1985-06-14,,,,26.17,24.04
1985-06-15,,,,26.04,23.38
1985-06-16,,,,26.14,23.04
1985-06-17,,,,26.07,22.81
1985-06-18,,,,25.92,22.83
1985-06-19,,,,25.96,22.98
1985-06-20,,,,26.04,23.2
1985-06-21,,,,26.0,23.35
1985-06-22,,,,25.87,23.37
1985-06-23,,,,25.75,23.01
1985-06-24,,,,25.66,22.47
1985-06-25,,,,25.53,21.88
1985-06-26,,,,25.54,21.88
1985-06-27,,,,25.8,22.74
1985-06-28,,,,25.93,22.6
1985-06-29,,,,26.06,22.43
1985-06-30,,,,26.19,22.46
1985-07-01,,,,26.07,22.57
1985-07-02,,,,26.02,23.09
1985-07-03,,,,26.05,22.65
1985-07-04,,,,26.04,22.62
1985-07-05,,,,26.03,23.06
1985-07-06,,,,26.01,23.0
1985-07-07,,,,26.02,22.91
1985-07-08,,,,25.96,23.05
1985-07-09,,,,25.61,24.61
1985-07-10,,,,25.45,24.46
1985-07-11,,,,25.56,23.85
1985-07-12,,,,25.73,22.89
1985-07-13,,,,26.13,22.55
1985-07-14,,,,26.29,21.88
1985-07-15,,,,26.28,21.92
1985-07-16,,,,26.31,21.48
1985-07-17,,,,26.14,21.49
1985-07-18,,,,25.79,21.43
1985-07-19,,,,25.59,21.22
1985-07-20,,,,25.47,21.63
1985-07-21,,,,25.42,21.6
1985-07-22,,,,25.31,21.61
1985-07-23,,,,25.24,21.5
1985-07-24,,,,25.26,21.33
1985-07-25,,,,25.28,21.2
1985-07-26,,,,25.25,21.1
1985-07-27,,,,25.28,21.12
1985-07-28,,,,25.36,20.74
1985-07-29,,,,25.42,20.68
1985-07-30,,,,25.58,20.67
1985-07-31,,,,25.67,21.0
1985-08-01,,,,25.77,21.47
1985-08-02,,,,25.74,22.42
1985-08-03,,,,25.71,23.23
1985-08-04,,,,25.68,23.62
1985-08-05,,,,25.74,23.35
1985-08-06,,,,25.76,23.15
1985-08-07,,,,25.86,22.88
1985-08-08,,,,25.95,22.43
1985-08-09,,,,25.89,21.71
1985-08-10,,,,25.79,21.44
1985-08-11,,,,25.78,21.15
1985-08-12,,,,25.81,21.06
1985-08-13,,,,25.79,21.35
1985-08-14,,,,,21.35
1985-08-15,,,,,21.27
1985-08-16,,,,,21.28
1985-08-17,,,,,21.67
1985-08-18,,,,,21.87
1985-08-19,,,,,22.06
1985-08-20,,,,,22.34
1985-08-21,,,,,22.37
1985-08-22,,,,,22.28
1985-08-23,,,,,22.1
1985-08-24,,,,,22.09
1985-08-25,,,,,22.1
1985-08-26,,,,,21.98
1985-08-27,,,,,21.92
1985-08-28,,,,,21.89
1985-08-29,,,,,22.32
1985-08-30,,,,,22.69
1985-08-31,,,,,23.24
1985-09-01,,,,,23.02
1985-09-02,,,,,22.93
1985-09-03,,,,,22.88
1985-09-04,,,,,22.76
1985-09-05,,,,,21.73
1985-09-06,,,,,21.09
1985-09-07,,,,,21.11
1985-09-08,,,,,21.39
1985-09-09,,,,,21.69
1985-09-10,,,,,21.52
1985-09-11,,,,,21.42
1985-09-12,,,,,21.28
1985-09-13,,,,,21.28
1985-09-14,,,,,21.29
1985-09-15,,,,,21.27
1985-09-16,,,,,21.23
1985-09-17,,,,,21.29
1985-09-18,,,,,21.35
1985-09-19,,,,,21.23
1985-09-20,,,,,21.9
1985-09-21,,,,,22.56
1985-09-22,,,,,22.02
1985-09-23,,,,,21.12
1985-09-24,,,,,20.35
1985-09-25,,,,,20.16
1985-09-26,,,,,20.32
1985-09-27,,,,,20.64
1985-09-28,,,,,20.75
1985-09-29,,,,,21.03
1985-09-30,,,,,20.66
1985-10-01,,,,,21.58
1985-10-02,,,,,22.44
1985-10-03,,,,,23.68
1985-10-04,,,,,24.01
1985-10-05,,,,,23.92
1985-10-06,,,,,23.11
1985-10-07,,,,,21.65
1985-10-08,,,,,21.18
1985-10-09,,,,,21.26
1985-10-10,,,,,21.24
1985-10-11,,,,,21.2
1985-10-12,,,,25.05,21.05
1985-10-13,,,,25.06,20.96
1985-10-14,,,,25.12,20.82
1985-10-15,,,,24.87,20.7
1985-10-16,,,,24.78,20.79
1985-10-17,,,,24.78,20.62
1985-10-18,,,,24.79,20.74
1985-10-19,,,,24.76,20.76
1985-10-20,,,,24.79,20.92
1985-10-21,,,,24.89,20.99
1985-10-22,,,,24.93,20.79
1985-10-23,,,,24.9,20.83
1985-10-24,,,,24.82,21.06
1985-10-25,,,,24.83,21.55
1985-10-26,,,,24.86,21.74
1985-10-27,,,,25.03,23.59
1985-10-28,,,,25.14,24.21
1985-10-29,,,,25.19,23.69
1985-10-30,,,,25.12,22.94
1985-10-31,,,,24.99,22.31
1985-11-01,,,,24.84,22.09
1985-11-02,,,,24.86,21.97
1985-11-03,,,,24.91,21.67
1985-11-04,,,,25.15,21.31
1985-11-05,,,,25.28,21.13
1985-11-06,,,,25.46,21.14
1985-11-07,,,,25.57,21.16
1985-11-08,,,,25.22,21.15
1985-11-09,,,,25.07,21.31
1985-11-10,,,,24.98,21.2
1985-11-11,,,,25.01,21.02
1985-11-12,,,,25.08,21.01
1985-11-13,,,,24.95,21.25
1985-11-14,,,,24.82,21.39
1985-11-15,,,,24.68,21.26
1985-11-16,,,,24.6,21.11
1985-11-17,,,,24.72,21.05
1985-11-18,,,,24.84,21.31
1985-11-19,,,,25.0,21.66
1985-11-20,,,,25.08,21.73
1985-11-21,,,,25.23,21.72
1985-11-22,,,,25.18,21.62
1985-11-23,,,,25.12,21.48
1985-11-24,,,,25.02,21.47
1985-11-25,,,,24.81,21.55
1985-11-26,,,,24.54,21.6
1985-11-27,,,,24.14,21.73
1985-11-28,,,,23.71,21.85
1985-11-29,,,,23.61,21.92
1985-11-30,,,,23.72,21.94
1985-12-01,,,,23.76,21.94
1985-12-02,,,,24.02,21.91
1985-12-03,,,,24.07,21.65
1985-12-04,,,,24.04,21.69
1985-12-05,,,,24.16,21.78
1985-12-06,,,,24.07,22.01
1985-12-07,,,,24.1,22.11
1985-12-08,,,,24.22,21.54
1985-12-09,,,,24.64,22.03
1985-12-10,,,,24.98,22.07
1985-12-11,,,,25.0,21.76
1985-12-12,,,,24.85,21.63
1985-12-13,,,,24.72,21.58
1985-12-14,,,,24.75,21.63
1985-12-15,,,,24.82,21.59
1985-12-16,,,,24.91,21.53
1985-12-17,,,,24.91,21.75
1985-12-18,,,,24.83,22.13
1985-12-19,,,,24.81,22.29
1985-12-20,,,,24.94,22.0
1985-12-21,,,,25.0,21.76
1985-12-22,,,,24.97,21.55
1985-12-23,,,,25.0,21.76
1985-12-24,,,,24.99,21.84
1985-12-25,,,,24.95,22.23
1985-12-26,,,,25.01,22.38
1985-12-27,,,,25.0,22.5
1985-12-28,,,,24.88,22.61
1985-12-29,,,,24.76,22.48
1985-12-30,,,,24.8,22.55
1985-12-31,,,,24.93,22.51
1986-01-01,,,,25.1,22.36
1986-01-02,,,,25.15,22.35
1986-01-03,,,,25.17,22.52
1986-01-04,,,,25.12,22.58
1986-01-05,,,,24.84,22.6
1986-01-06,,,,24.56,22.65
1986-01-07,,,,24.23,22.59
1986-01-08,,,,24.22,22.55
1986-01-09,,,,24.19,22.48
1986-01-10,,,,24.05,22.45
1986-01-11,,,,23.99,22.54
1986-01-12,,,,24.02,22.62
1986-01-13,,,,24.0,22.85
1986-01-14,,,,24.08,23.1
1986-01-15,,,,24.32,23.22
1986-01-16,,,,24.44,23.3
1986-01-17,,,,24.49,23.34
1986-01-18,,,,24.64,23.46
1986-01-19,,,,24.8,23.73
1986-01-20,,,,24.82,23.95
1986-01-21,,,,24.64,23.84
1986-01-22,,,,24.33,23.67
1986-01-23,,,,24.32,23.75
1986-01-24,,,,24.25,23.57
1986-01-25,,,,24.22,23.34
1986-01-26,,,,24.29,23.3
1986-01-27,,,,24.28,23.19
1986-01-28,,,,24.07,23.03
1986-01-29,,,,23.84,23.12
1986-01-30,,,,23.79,23.51
1986-01-31,,,,23.89,23.57
1986-02-01,,,,24.11,23.91
1986-02-02,,,,24.28,24.34
1986-02-03,,,,24.25,24.7
1986-02-04,,,,24.38,24.7
1986-02-05,,,,24.48,24.62
1986-02-06,,,,24.47,25.06
1986-02-07,,,,24.38,25.34
1986-02-08,,,,24.43,25.67
1986-02-09,,,,24.65,25.71
1986-02-10,,,,25.14,25.49
1986-02-11,,,,24.85,25.95
1986-02-12,,,,24.49,26.04
1986-02-13,,,,24.16,25.86
1986-02-14,,,,24.11,24.91
1986-02-15,,,,24.19,24.52
1986-02-16,,,,24.34,24.5
1986-02-17,,,,24.38,24.74
1986-02-18,,,,24.49,25.27
1986-02-19,,,,24.7,25.87
1986-02-20,,,,24.75,25.97
1986-02-21,,,,24.75,26.26
1986-02-22,,,,24.7,26.07
1986-02-23,,,,24.68,26.48
1986-02-24,,,,24.63,26.55
1986-02-25,,,,24.6,26.37
1986-02-26,,,,24.59,26.15
1986-02-27,,,,24.55,27.4
1986-02-28,,,,24.6,27.31
1986-03-01,,,,24.61,26.94
1986-03-02,,,,24.58,27.37
1986-03-03,,,,24.47,27.41
1986-03-04,,,,24.54,27.35
1986-03-05,,,,24.57,26.76
1986-03-06,,,,24.54,26.36
1986-03-07,,,,24.59,25.69
1986-03-08,,,,24.71,25.92
1986-03-09,,,,24.79,26.0
1986-03-10,,,,24.84,25.4
1986-03-11,,,,24.93,25.77
1986-03-12,,,,25.1,25.98
1986-03-13,,,,25.14,26.13
1986-03-14,,,,25.33,26.46
1986-03-15,,,,25.46,26.98
1986-03-16,,,,25.63,27.08
1986-03-17,,,,25.81,26.4
1986-03-18,,,,25.65,25.81
1986-03-19,,,,25.62,26.29
1986-03-20,,,,25.62,25.61
1986-03-21,,,,25.52,25.16
1986-03-22,,,,25.28,25.03
1986-03-23,,,,25.39,24.38
1986-03-24,,,,25.48,24.65
1986-03-25,,,,25.49,24.86
1986-03-26,,,,25.52,24.82
1986-03-27,,,,25.79,24.53
1986-03-28,,,,25.91,24.28
1986-03-29,,,,25.95,24.59
1986-03-30,,,,25.99,24.77
1986-03-31,,,,25.86,24.64
1986-04-01,,,,25.76,24.72
1986-04-02,,,,25.81,24.75
1986-04-03,,,,25.76,24.96
1986-04-04,,,,25.75,25.31
1986-04-05,,,,25.86,25.64
1986-04-06,,,,26.0,25.3
1986-04-07,,,,26.19,25.38
1986-04-08,,,,25.94,25.55
1986-04-09,,,,25.83,25.33
1986-04-10,,,,25.95,25.41
1986-04-11,,,,26.09,25.59
1986-04-12,,,,26.18,25.56
1986-04-13,,,,26.25,25.8
1986-04-14,,,,26.28,26.16
1986-04-15,,,,26.41,26.43
1986-04-16,,,,26.25,26.7
1986-04-17,,,,26.18,27.28
1986-04-18,,,,26.24,27.45
1986-04-19,,,,26.21,27.33
1986-04-20,,,,26.34,26.92
1986-04-21,,,,26.38,26.97
1986-04-22,,,,26.26,26.94
1986-04-23,,,,26.28,26.89
1986-04-24,,,,26.32,26.94
1986-04-25,,,,26.2,27.21
1986-04-26,,,,26.24,26.71
1986-04-27,,,,26.33,26.52
1986-04-28,,,,26.32,26.45
1986-04-29,,,,26.28,26.24
1986-04-30,,,,26.29,25.96
1986-05-01,,,,26.33,25.72
1986-05-02,,,,26.32,25.65
1986-05-03,,,,26.23,25.68
1986-05-04,,,,26.19,25.74
1986-05-05,,,,26.25,25.52
1986-05-06,,,,26.29,25.25
1986-05-07,,,,26.13,25.03
1986-05-08,,,,25.98,25.2
1986-05-09,,,,25.93,25.37
1986-05-10,,,,26.12,25.23
1986-05-11,,,,26.36,25.25
1986-05-12,,,,26.23,25.22
1986-05-13,,,,26.29,24.64
1986-05-14,,,,26.41,24.37
1986-05-15,,,,26.51,24.58
1986-05-16,,,,26.37,24.56
1986-05-17,,,,26.31,24.44
1986-05-18,,,,26.37,24.75
1986-05-19,,,,26.51,25.04
1986-05-20,,,,26.65,25.04
1986-05-21,,,,26.76,25.19
1986-05-22,,,,26.69,25.44
1986-05-23,,,,26.63,25.29
1986-05-24,,,,26.6,24.87
1986-05-25,,,,26.6,24.98
1986-05-26,,,,26.79,25.21
1986-05-27,,,,27.02,25.09
1986-05-28,,,,27.06,24.67
1986-05-29,,,,27.25,24.39
1986-05-30,,,,27.55,24.3
1986-05-31,,,,27.23,24.61
1986-06-01,,,,26.97,24.6
1986-06-02,,,,27.02,24.62
1986-06-03,,,,26.96,24.64
1986-06-04,,,,26.86,24.61
1986-06-05,,,,26.82,24.59
1986-06-06,,,,26.82,24.58
1986-06-07,,,,26.89,24.55
1986-06-08,,,,26.9,24.57
1986-06-09,,,,26.94,24.44
1986-06-10,,,,26.9,24.47
1986-06-11,,,,26.88,24.3
1986-06-12,,,,26.83,24.37
1986-06-13,,,,26.8,24.7
1986-06-14,,,,26.81,24.95
1986-06-15,,,,26.85,25.01
1986-06-16,,,,26.84,24.9
1986-06-17,,,,26.76,24.82
1986-06-18,,,,26.71,24.84
1986-06-19,,,,26.67,24.71
1986-06-20,,,,26.63,24.74
1986-06-21,,,,26.51,25.36
1986-06-22,,,,26.41,25.56
1986-06-23,,,,26.4,25.4
1986-06-24,,,,26.36,25.18
1986-06-25,,,,26.5,25.1
1986-06-26,,,,26.5,25.06
1986-06-27,,,,26.53,24.94
1986-06-28,,,,26.57,24.9
1986-06-29,,,,26.6,24.61
1986-06-30,,,,26.55,24.4
1986-07-01,,,,26.45,24.53
1986-07-02,,,,26.46,24.34
1986-07-03,,,,26.57,24.26
1986-07-04,,,,26.53,24.46
1986-07-05,,,,26.49,24.67
1986-07-06,,,,26.54,24.71
1986-07-07,,,,26.59,24.55
1986-07-08,,,,26.52,24.0
1986-07-09,,,,26.47,23.59
1986-07-10,,,,26.41,23.35
1986-07-11,,,,26.36,23.31
1986-07-12,,,,26.26,23.2
1986-07-13,,,,26.26,23.2
1986-07-14,,,,26.22,23.1
1986-07-15,,,,26.23,23.0
1986-07-16,,,,26.27,22.83
1986-07-17,,,,26.27,22.78
1986-07-18,,,,26.31,22.74
1986-07-19,,,,26.32,22.88
1986-07-20,,,,26.25,22.94
1986-07-21,,,,26.03,23.33
1986-07-22,,,,25.96,23.73
1986-07-23,,,,25.89,24.21
1986-07-24,,,,25.88,24.92
1986-07-25,,,,25.85,24.9
1986-07-26,,,,25.96,24.72
1986-07-27,,,,26.02,24.45
1986-07-28,,,,25.93,24.1
1986-07-29,,,,25.86,23.2
1986-07-30,,,,25.89,22.18
1986-07-31,,,,26.02,21.83
1986-08-01,,,,26.06,21.83
1986-08-02,,,,26.11,21.88
1986-08-03,,,,26.17,21.98
1986-08-04,,,,26.21,21.87
1986-08-05,,,,26.21,21.78
1986-08-06,,,,26.13,21.82
1986-08-07,,,,26.08,21.75
1986-08-08,,,,26.09,21.47
1986-08-09,,,,26.16,21.68
1986-08-10,,,,26.12,22.03
1986-08-11,,,,26.11,21.96
1986-08-12,,,,26.07,21.54
1986-08-13,,,,25.99,20.95
1986-08-14,,,,26.07,21.07
1986-08-15,,,,26.11,20.87
1986-08-16,,,,26.34,21.2
1986-08-17,,,,26.71,21.37
1986-08-18,,,,26.93,21.67
1986-08-19,,,,27.08,23.59
1986-08-20,,,,27.01,24.0
1986-08-21,,,,27.15,23.65
1986-08-22,,,,27.26,22.64
1986-08-23,,,,27.14,22.18
1986-08-24,,,,27.15,22.1
1986-08-25,,,,27.04,21.91
1986-08-26,,,,26.83,21.93
1986-08-27,,,,26.61,21.92
1986-08-28,,,,26.56,21.99
1986-08-29,,,,26.57,22.23
1986-08-30,,,,26.6,22.3
1986-08-31,,,,26.62,22.29
1986-09-01,,,,26.64,22.37
1986-09-02,,,,26.62,22.52
1986-09-03,,,,26.55,22.48
1986-09-04,,,,26.51,22.6
1986-09-05,,,,26.58,22.54
1986-09-06,,,,26.59,22.58
1986-09-07,,,,26.61,22.73
1986-09-08,,,,26.69,22.91
1986-09-09,,,,26.71,22.92
1986-09-10,,,,26.71,22.62
1986-09-11,,,,26.65,22.94
1986-09-12,,,,26.69,23.15
1986-09-13,,,,26.73,23.07
1986-09-14,,,,26.78,22.99
1986-09-15,,,,26.75,22.95
1986-09-16,,,,26.68,23.21
1986-09-17,,,,26.73,23.57
1986-09-18,,,,26.72,23.52
1986-09-19,,,,26.72,23.53
1986-09-20,,,,26.7,23.57
1986-09-21,,,,26.69,23.66
1986-09-22,,,,26.68,23.63
1986-09-23,,,,26.63,23.64
1986-09-24,,,,26.59,23.7
1986-09-25,,,,26.63,23.65
1986-09-26,,,,26.67,23.62
1986-09-27,,,,26.63,23.61
1986-09-28,,,,,23.98
1986-09-29,,,,,23.8
1986-09-30,,,,,23.51
1986-10-01,,,,,23.16
1986-10-02,,,,,23.21
1986-10-03,,,,,23.45
1986-10-04,,,,,23.49
1986-10-05,,,,,24.1
1986-10-06,,,,,25.22
1986-10-07,,,,,25.09
1986-10-08,,,,,24.78
1986-10-09,,,,,24.81
1986-10-10,,,,,24.77
1986-10-11,,,,,24.74
1986-10-12,,,,,24.75
1986-10-13,,,,,24.78
1986-10-14,,,,,24.59
1986-10-15,,,,,24.42
1986-10-16,,,,,24.34
1986-10-17,,,,,24.28
1986-10-18,,,,,24.27
1986-10-19,,,,,24.16
1986-10-20,,,,,24.06
1986-10-21,,,,,24.08
1986-10-22,,,,,24.19
1986-10-23,,,,,24.27
1986-10-24,,,,,24.3
1986-10-25,,,,,24.42
1986-10-26,,,,,24.48
1986-10-27,,,,,24.52
1986-10-28,,,,,24.43
1986-10-29,,,,,24.38
1986-10-30,,,,26.99,24.36
1986-10-31,,,,27.02,24.31
1986-11-01,,,,27.01,24.29
1986-11-02,,,,26.98,24.35
1986-11-03,,,,26.99,24.65
1986-11-04,,,,26.98,24.76
1986-11-05,,,,26.98,24.5
1986-11-06,,,,26.99,24.46
1986-11-07,,,,26.98,24.37
1986-11-08,,,,26.97,24.32
1986-11-09,,,,26.93,24.31
1986-11-10,,,,26.97,24.27
1986-11-11,,,,26.97,24.26
1986-11-12,,,,26.87,24.24
1986-11-13,,,,26.82,24.2
1986-11-14,,,,26.86,24.19
1986-11-15,,,,26.75,24.25
1986-11-16,,,,26.67,24.32
1986-11-17,,,,26.81,24.25
1986-11-18,,,,26.86,24.27
1986-11-19,,,,26.76,24.27
1986-11-20,,,,26.71,24.25
1986-11-21,,,,26.65,24.15
1986-11-22,,,,26.78,23.92
1986-11-23,,,,26.66,23.92
1986-11-24,,,,26.7,23.84
1986-11-25,,,,26.85,23.74
1986-11-26,,,,27.01,23.62
1986-11-27,,,,27.1,23.54
1986-11-28,,,,27.1,23.36
1986-11-29,,,,27.05,23.1
1986-11-30,,,,27.06,23.14
1986-12-01,,,,27.07,23.2
1986-12-02,,,,26.99,23.21
1986-12-03,,,,26.86,23.17
1986-12-04,,,,26.78,23.12
1986-12-05,,,,26.68,23.09
1986-12-06,,,,26.6,23.17
1986-12-07,,,,26.56,23.78
1986-12-08,,,,26.53,24.07
1986-12-09,,,,26.5,24.19
1986-12-10,,,,26.4,24.16
1986-12-11,,,,26.42,23.82
1986-12-12,,,,26.48,23.59
1986-12-13,28.89,,,26.63,23.41
1986-12-14,28.88,,,26.71,23.31
1986-12-15,28.86,,,26.73,23.26
1986-12-16,28.88,,,26.76,23.22
1986-12-17,28.92,,,26.78,23.31
1986-12-18,28.9,,,26.83,23.41
1986-12-19,28.87,,,26.87,23.43
1986-12-20,28.76,,,26.85,23.46
1986-12-21,28.78,,,26.82,23.47
1986-12-22,28.82,,,26.83,23.6
1986-12-23,28.88,,,26.81,23.57
1986-12-24,28.92,,,26.85,23.57
1986-12-25,28.87,,,26.88,23.72
1986-12-26,28.94,,,26.87,23.68
1986-12-27,29.23,,,26.87,23.67
1986-12-28,29.36,,,26.84,23.94
1986-12-29,29.25,,,26.9,24.57
1986-12-30,29.06,,,26.99,24.88
1986-12-31,29.18,,,27.02,25.08
1987-01-01,29.33,,,26.98,24.83
1987-01-02,29.17,,,26.96,24.84
1987-01-03,29.08,,,26.95,25.08
1987-01-04,29.07,,,26.95,25.13
1987-01-05,29.16,,,26.99,25.28
1987-01-06,29.27,,,27.03,25.36
1987-01-07,29.35,,,27.17,25.25
1987-01-08,29.33,,,27.28,25.2
1987-01-09,29.27,,,27.36,25.35
1987-01-10,29.58,,,27.36,25.52
1987-01-11,29.26,,,27.37,25.57
1987-01-12,29.3,,,27.39,25.61
1987-01-13,29.15,,,27.39,25.78
1987-01-14,29.2,,,27.38,26.14
1987-01-15,29.24,,,27.39,26.32
1987-01-16,29.31,,,27.52,26.33
1987-01-17,29.33,,,27.2,26.21
1987-01-18,29.18,,,27.01,26.06
1987-01-19,29.17,,,26.93,25.89
1987-01-20,29.23,,,26.91,25.78
1987-01-21,29.29,,,26.94,25.8
1987-01-22,29.2,,,26.99,25.78
1987-01-23,29.15,,,27.2,25.71
1987-01-24,29.28,,,27.46,25.86
1987-01-25,29.09,,,27.5,26.2
1987-01-26,29.27,,,27.24,26.21
1987-01-27,29.47,,,27.13,26.23
1987-01-28,29.1,,,27.09,26.29
1987-01-29,29.05,,,27.17,26.33
1987-01-30,29.07,,,27.13,26.34
1987-01-31,29.09,,,27.05,26.44
1987-02-01,29.21,,,27.0,26.46
1987-02-02,29.17,,,27.22,26.51
1987-02-03,29.33,,,27.42,26.64
1987-02-04,29.44,,,27.49,26.6
1987-02-05,29.63,,,27.4,26.78
1987-02-06,29.39,,,27.42,27.09
1987-02-07,29.37,,,27.29,27.19
1987-02-08,29.26,,,27.23,27.07
1987-02-09,29.29,,,27.23,26.7
1987-02-10,29.1,,,27.4,26.64
1987-02-11,29.1,,,27.47,26.32
1987-02-12,29.1,,,27.31,26.06
1987-02-13,28.99,,,27.09,26.04
1987-02-14,29.1,,,26.9,26.01
1987-02-15,29.02,,,26.98,26.2
1987-02-16,28.98,,,26.98,26.1
1987-02-17,29.07,,,27.04,26.39
1987-02-18,29.03,,,27.17,26.8
1987-02-19,29.02,,,27.2,27.1
1987-02-20,29.14,,,27.24,27.21
1987-02-21,29.06,,,27.24,27.29
1987-02-22,29.05,,,27.28,27.01
1987-02-23,28.93,,,27.25,26.98
1987-02-24,28.87,,,,27.33
1987-02-25,28.92,,,,27.71
1987-02-26,28.97,,,,27.89
1987-02-27,29.0,,,,
1987-02-28,29.02,,,,
1987-03-01,28.96,,,,
1987-03-02,28.96,,,,
1987-03-03,28.94,,,,
1987-03-04,29.01,,,,
1987-03-05,29.24,,,,
1987-03-06,29.11,,,,
1987-03-07,29.15,,,,
1987-03-08,29.61,,,,
1987-03-09,29.73,,,,
1987-03-10,29.91,,,,
1987-03-11,29.67,,,,27.84
1987-03-12,29.71,,,,27.51
1987-03-13,29.55,,,,27.45
1987-03-14,29.65,,,,27.25
1987-03-15,29.69,,,,27.29
1987-03-16,29.4,,,,27.63
1987-03-17,29.16,,,,27.77
1987-03-18,29.18,,,,27.9
1987-03-19,29.3,,,,28.44
1987-03-20,29.13,,,,28.93
1987-03-21,29.28,,,,28.96
1987-03-22,29.27,,,,28.51
1987-03-23,29.53,,,,28.31
1987-03-24,29.42,,,,28.17
1987-03-25,29.24,,,,27.95
1987-03-26,29.12,,,,27.99
1987-03-27,29.04,,,,27.65
1987-03-28,29.02,,,,27.26
1987-03-29,29.15,,,,27.37
1987-03-30,29.26,,,,27.42
1987-03-31,29.31,,,,27.22
1987-04-01,29.37,,,,26.85
1987-04-02,29.3,,,,27.91
1987-04-03,29.43,,,,28.27
1987-04-04,29.33,,,,28.49
1987-04-05,29.18,,,,28.34
1987-04-06,29.32,,,,28.41
1987-04-07,29.34,,,,
1987-04-08,29.31,,,,
1987-04-09,29.22,,,,
1987-04-10,29.08,,,,
1987-04-11,29.04,,,,
1987-04-12,29.01,,,,
1987-04-13,29.0,,,,
1987-04-14,29.06,,,,
1987-04-15,29.07,,,,
1987-04-16,29.27,,,,
1987-04-17,29.21,,,,
1987-04-18,29.0,,,,
1987-04-19,29.3,,,,
1987-04-20,29.32,,,,
1987-04-21,29.08,,,,
1987-04-22,29.02,,,,
1987-04-23,28.92,,,,
1987-04-24,29.4,,,,
1987-04-25,29.34,,,,
1987-04-26,29.74,,,,
1987-04-27,29.42,,,,
1987-04-28,29.5,,,,
1987-04-29,29.33,,,,
1987-04-30,29.66,,,,
1987-05-01,29.78,,,,
1987-05-02,29.29,,,,27.98
1987-05-03,29.2,,,,27.94
1987-05-04,29.27,,,,28.01
1987-05-05,29.35,,,,28.15
1987-05-06,29.62,,,,28.09
1987-05-07,29.2,,,,28.0
1987-05-08,29.05,,,,27.93
1987-05-09,29.16,,,,27.75
1987-05-10,29.37,,,,27.51
1987-05-11,29.19,,,,27.07
1987-05-12,29.16,,,28.67,26.93
1987-05-13,29.07,,,28.83,26.85
1987-05-14,29.02,,,28.72,26.94
1987-05-15,29.23,,,29.1,26.98
1987-05-16,29.32,,,28.96,26.95
1987-05-17,29.34,,,28.73,26.8
1987-05-18,29.25,,,28.76,26.54
1987-05-19,29.16,,,28.95,26.59
1987-05-20,29.06,,,29.07,26.88
1987-05-21,29.12,,,29.1,26.85
1987-05-22,29.16,,,29.04,26.92
1987-05-23,29.35,,,29.1,26.87
1987-05-24,29.34,,,29.06,26.78
1987-05-25,29.55,,,28.97,26.65
1987-05-26,29.61,,,28.97,26.42
1987-05-27,29.65,,,29.1,26.24
1987-05-28,29.62,,,29.06,26.15
1987-05-29,29.54,,,29.15,26.18
1987-05-30,29.13,,,29.07,26.02
1987-05-31,29.18,,,29.26,25.98
1987-06-01,29.39,,,29.4,26.14
1987-06-02,29.58,,,29.36,26.16
1987-06-03,29.65,,,29.35,26.09
1987-06-04,29.65,,,29.29,26.11
1987-06-05,29.63,,,29.25,26.1
1987-06-06,29.67,,,29.31,26.11
1987-06-07,29.71,,,29.33,26.26
1987-06-08,29.42,,,29.25,26.33
1987-06-09,29.65,,,29.26,26.51
1987-06-10,29.56,,,29.21,26.61
1987-06-11,29.55,,,29.18,26.45
1987-06-12,29.64,,,29.16,26.25
1987-06-13,29.53,,,29.21,26.33
1987-06-14,29.46,,,29.18,26.29
1987-06-15,29.34,,,29.1,26.13
1987-06-16,29.37,,,28.97,26.06
1987-06-17,29.25,,,28.96,25.94
1987-06-18,29.25,,,28.99,25.84
1987-06-19,29.4,,,28.9,25.76
1987-06-20,29.49,,,28.83,25.77
1987-06-21,29.4,,,28.87,25.76
1987-06-22,29.71,,,28.91,25.85
1987-06-23,29.26,,,28.94,25.91
1987-06-24,29.17,,,28.97,25.99
1987-06-25,29.08,,,29.0,25.89
1987-06-26,29.0,,,29.02,25.84
1987-06-27,29.04,,,28.95,25.91
1987-06-28,29.01,,,28.74,25.99
1987-06-29,29.11,,,28.62,26.01
1987-06-30,28.76,,,28.5,25.98
1987-07-01,29.08,,,28.39,26.04
1987-07-02,29.06,,,28.45,26.01
1987-07-03,29.35,,,28.54,25.89
1987-07-04,29.23,,,28.6,25.79
1987-07-05,28.9,,,28.56,26.72
1987-07-06,28.8,,,28.5,27.11
1987-07-07,28.87,,,28.46,27.49
1987-07-08,28.98,,,28.5,27.47
1987-07-09,28.88,,,28.5,27.21
1987-07-10,28.88,,,28.47,27.07
1987-07-11,28.86,,,28.28,26.61
1987-07-12,28.87,,,27.99,25.96
1987-07-13,28.94,,,27.73,25.61
1987-07-14,28.97,,,27.67,25.71
1987-07-15,28.71,,,27.61,25.89
1987-07-16,28.64,,,27.55,25.87
1987-07-17,28.63,,,27.46,25.62
1987-07-18,28.61,,,27.45,25.4
1987-07-19,28.6,,,27.54,25.23
1987-07-20,28.59,,,27.51,24.95
1987-07-21,28.58,,,27.4,24.73
1987-07-22,28.56,,,27.29,24.49
1987-07-23,28.56,,,27.31,24.23
1987-07-24,28.74,,,27.56,24.13
1987-07-25,28.65,,,27.7,23.76
1987-07-26,28.75,,,27.56,23.81
1987-07-27,28.8,,,27.41,23.9
1987-07-28,28.9,,,27.3,23.98
1987-07-29,29.1,,,27.09,23.89
1987-07-30,29.2,,,27.11,23.83
1987-07-31,29.12,,,27.22,24.0
1987-08-01,29.14,,,27.3,24.12
1987-08-02,29.17,,,27.35,24.2
1987-08-03,29.09,,,27.47,24.21
1987-08-04,29.13,,,27.4,23.92
1987-08-05,29.24,,,27.25,23.81
1987-08-06,28.98,,,27.32,23.78
1987-08-07,29.1,,,27.41,23.79
1987-08-08,28.97,,,27.67,23.83
1987-08-09,29.07,,,27.67,23.89
1987-08-10,28.88,,,27.69,23.69
1987-08-11,28.8,,,27.75,23.52
1987-08-12,28.79,,,27.83,23.59
1987-08-13,28.78,,,27.93,23.63
1987-08-14,28.77,,,27.99,23.71
1987-08-15,28.76,,,28.11,23.69
1987-08-16,28.76,,,28.21,23.57
1987-08-17,28.78,,,28.22,23.5
1987-08-18,28.85,,,28.1,23.62
1987-08-19,28.7,,,28.08,23.72
1987-08-20,28.89,,,28.15,23.66
1987-08-21,28.73,,,28.25,23.83
1987-08-22,29.14,,,28.19,24.08
1987-08-23,28.95,,,28.16,24.31
1987-08-24,28.77,,,28.26,24.52
1987-08-25,28.78,,,28.26,24.46
1987-08-26,29.15,,,28.26,24.26
1987-08-27,29.06,,,28.25,24.36
1987-08-28,28.98,,,28.22,24.67
1987-08-29,28.75,,,28.17,25.16
1987-08-30,28.63,,,27.99,25.52
1987-08-31,28.58,,,27.75,25.84
1987-09-01,28.57,,,27.69,25.86
1987-09-02,28.54,,,27.68,25.99
1987-09-03,28.55,,,27.63,25.94
1987-09-04,28.81,,,27.59,26.17
1987-09-05,28.88,,,27.45,26.27
1987-09-06,28.93,,,27.29,26.38
1987-09-07,28.8,,,27.07,26.55
1987-09-08,28.7,,,27.05,26.43
1987-09-09,28.78,,,26.94,25.75
1987-09-10,28.7,,,26.89,25.03
1987-09-11,28.88,,,27.05,24.64
1987-09-12,29.06,,,27.16,24.41
1987-09-13,29.4,,,26.64,24.83
1987-09-14,29.39,,,26.31,24.89
1987-09-15,29.28,,,26.33,24.75
1987-09-16,29.14,,,26.73,24.64
1987-09-17,29.45,,,27.01,24.51
1987-09-18,29.26,,,27.01,24.57
1987-09-19,29.3,,,27.45,24.68
1987-09-20,29.28,,,27.39,24.89
1987-09-21,29.85,,,27.62,25.29
1987-09-22,29.89,,,27.75,25.71
1987-09-23,29.24,,,27.39,26.34
1987-09-24,29.17,,,27.03,26.35
1987-09-25,29.75,,,26.85,26.31
1987-09-26,29.62,,,26.81,25.44
1987-09-27,29.79,,,26.7,24.19
1987-09-28,29.82,,,26.73,23.83
1987-09-29,29.58,,,26.69,24.27
1987-09-30,29.57,,,26.65,24.49
1987-10-01,29.91,,,26.59,24.74
1987-10-02,29.71,,,26.63,24.69
1987-10-03,29.72,,,26.51,24.64
1987-10-04,29.78,,,26.38,24.36
1987-10-05,29.63,,,26.41,24.68
1987-10-06,29.72,,,26.85,25.34
1987-10-07,29.62,,,27.12,25.87
1987-10-08,30.07,,,27.15,25.96
1987-10-09,29.71,,,27.08,25.88
1987-10-10,29.4,,,27.18,25.29
1987-10-11,29.51,,,27.26,24.91
1987-10-12,29.58,,,27.18,24.54
1987-10-13,29.52,,,27.09,24.16
1987-10-14,29.54,,,27.01,23.79
1987-10-15,29.74,,,26.93,23.64
1987-10-16,29.97,,,27.35,23.68
1987-10-17,29.77,,,27.42,23.71
1987-10-18,29.35,,,27.47,23.74
1987-10-19,30.11,,,27.48,23.82
1987-10-20,29.91,,,27.04,23.76
1987-10-21,29.96,,,26.76,23.69
1987-10-22,30.26,,,26.62,23.67
1987-10-23,30.41,,,26.78,23.76
1987-10-24,30.22,,,26.79,23.72
1987-10-25,30.17,,,26.76,23.83
1987-10-26,30.23,,,26.94,23.68
1987-10-27,29.95,,,27.07,23.57
1987-10-28,30.24,,,26.94,23.49
1987-10-29,30.28,,,26.81,23.45
1987-10-30,30.48,,,26.68,23.91
1987-10-31,30.67,,,26.61,24.06
1987-11-01,30.72,,,26.63,25.12
1987-11-02,30.85,,,26.63,24.61
1987-11-03,30.76,,,26.8,23.87
1987-11-04,30.72,,,26.91,23.11
1987-11-05,30.8,,,27.01,23.05
1987-11-06,30.82,,,26.77,23.14
1987-11-07,30.61,,,26.33,23.19
1987-11-08,30.91,,,26.55,23.36
1987-11-09,30.64,,,26.44,23.51
1987-11-10,30.64,,,26.75,23.5
1987-11-11,30.6,,,27.03,23.39
1987-11-12,30.55,,,27.09,23.52
1987-11-13,30.61,,,26.8,23.6
1987-11-14,30.36,,,26.55,23.77
1987-11-15,30.33,,,26.35,23.58
1987-11-16,30.26,,,26.26,23.55
1987-11-17,30.05,,,26.4,23.57
1987-11-18,30.12,,,26.67,23.54
1987-11-19,29.84,,,26.68,23.79
1987-11-20,30.3,,,26.5,24.36
1987-11-21,30.11,,,26.46,24.49
1987-11-22,29.92,,,27.12,24.37
1987-11-23,29.89,,,27.33,24.6
1987-11-24,29.89,,,27.41,24.5
1987-11-25,30.45,,,27.36,24.25
1987-11-26,30.5,,,27.36,23.73
1987-11-27,30.28,,,27.38,23.29
1987-11-28,30.09,,,27.25,23.17
1987-11-29,30.18,,,27.13,23.25
1987-11-30,30.32,,,27.04,23.37
1987-12-01,30.13,,,26.96,23.48
1987-12-02,30.13,,,26.94,23.45
1987-12-03,29.92,,,27.07,23.36
1987-12-04,30.04,,,27.05,23.22
1987-12-05,30.18,,,26.92,23.16
1987-12-06,30.31,,,26.69,23.29
1987-12-07,30.43,,,26.38,23.45
1987-12-08,30.11,,,26.2,23.44
1987-12-09,30.27,,,26.01,23.54
1987-12-10,30.03,,,26.02,23.46
1987-12-11,30.13,,,26.01,23.44
1987-12-12,30.2,,,25.9,23.43
1987-12-13,30.34,,,26.02,23.55
1987-12-14,30.25,,,25.71,23.6
1987-12-15,30.05,,,25.48,23.66
1987-12-16,29.68,,,25.44,23.61
1987-12-17,30.04,,,25.7,23.52
1987-12-18,29.98,,,25.67,23.63
1987-12-19,29.97,,,25.56,23.64
1987-12-20,29.95,,,25.68,23.68
1987-12-21,29.73,,,25.64,23.83
1987-12-22,29.82,,,25.57,24.09
1987-12-23,29.86,,,25.47,24.26
1987-12-24,29.98,,,25.46,25.21
1987-12-25,29.97,,,25.53,25.27
1987-12-26,29.9,,,25.68,25.0
1987-12-27,29.83,,,25.87,25.36
1987-12-28,29.82,,,26.0,25.58
1987-12-29,29.8,,,26.12,24.78
1987-12-30,29.55,,,26.05,24.62
1987-12-31,29.52,,,26.32,24.59
1988-01-01,29.47,,,26.52,24.46
1988-01-02,29.64,,,26.46,24.23
1988-01-03,29.79,,,26.1,24.27
1988-01-04,29.87,,,25.68,24.34
1988-01-05,29.65,,,25.51,24.4
1988-01-06,29.6,,,25.42,24.32
1988-01-07,29.64,,,25.28,24.03
1988-01-08,29.63,,,25.35,23.54
1988-01-09,29.64,,,25.3,23.32
1988-01-10,29.81,,,25.03,23.43
1988-01-11,29.7,,,24.93,23.57
1988-01-12,29.66,,,25.05,23.65
1988-01-13,29.69,,,25.74,23.66
1988-01-14,29.59,,,25.75,23.84
1988-01-15,29.85,,,25.74,23.73
1988-01-16,29.85,,,25.53,23.94
1988-01-17,29.9,,,25.45,24.34
1988-01-18,30.13,,,25.27,24.26
1988-01-19,29.75,,,25.24,24.56
1988-01-20,29.79,,,25.38,23.63
1988-01-21,29.76,,,25.43,23.16
1988-01-22,29.86,,,25.41,23.02
1988-01-23,29.68,,,25.44,23.7
1988-01-24,29.64,,,25.44,24.28
1988-01-25,29.66,,,25.63,23.96
1988-01-26,29.71,,,25.67,23.79
1988-01-27,29.69,,,25.83,23.5
1988-01-28,29.7,,,26.1,23.21
1988-01-29,29.71,,,26.2,23.27
1988-01-30,29.86,,,26.22,23.13
1988-01-31,29.83,,,26.16,23.25
1988-02-01,30.07,,,26.2,23.52
1988-02-02,29.9,,,26.37,23.71
1988-02-03,29.71,,,26.39,23.67
1988-02-04,29.52,,,26.25,23.72
1988-02-05,29.46,,,26.2,23.95
1988-02-06,29.52,,,26.29,24.15
1988-02-07,29.68,,,26.41,24.2
1988-02-08,29.75,,,26.36,24.28
1988-02-09,29.94,,,26.29,24.85
1988-02-10,29.95,,,25.97,24.46
1988-02-11,29.49,,,25.9,24.78
1988-02-12,29.39,,,25.82,24.98
1988-02-13,29.47,,,25.89,24.68
1988-02-14,29.37,,,25.63,24.68
1988-02-15,29.69,,,25.5,24.9
1988-02-16,29.58,,,25.5,24.94
1988-02-17,29.57,,,25.37,24.95
1988-02-18,29.48,,,25.39,24.81
1988-02-19,29.45,,,25.53,24.96
1988-02-20,29.27,,,25.64,25.57
1988-02-21,29.42,,,25.69,25.85
1988-02-22,29.36,,,25.7,25.28
1988-02-23,29.35,,,25.72,25.58
1988-02-24,29.45,,,25.86,25.86
1988-02-25,29.54,,,26.07,25.93
1988-02-26,29.63,,,26.51,25.94
1988-02-27,29.61,,,26.39,26.1
1988-02-28,29.59,,,26.19,26.43
1988-02-29,29.63,,,26.28,26.51
1988-03-01,29.62,,,26.36,27.17
1988-03-02,29.6,,,26.2,27.21
1988-03-03,29.55,,,26.27,27.18
1988-03-04,29.52,,,26.52,27.8
1988-03-05,29.48,,,26.37,27.79
1988-03-06,29.42,,,26.22,27.3
1988-03-07,29.37,,,26.44,26.71
1988-03-08,29.39,,,26.48,26.56
1988-03-09,29.33,,,26.1,26.33
1988-03-10,29.29,,,25.89,26.26
1988-03-11,29.0,,,25.8,25.93
1988-03-12,28.98,,,26.04,25.47
1988-03-13,28.94,,,25.87,25.85
1988-03-14,28.79,,,25.39,26.64
1988-03-15,28.81,,,25.04,27.41
1988-03-16,28.69,,,24.78,27.33
1988-03-17,28.72,,,24.47,26.47
1988-03-18,28.61,,,24.03,26.29
1988-03-19,28.62,,,24.13,25.95
1988-03-20,28.56,,,24.45,25.68
1988-03-21,28.59,,,24.66,25.65
1988-03-22,28.41,,,24.75,25.42
1988-03-23,28.22,,,24.54,24.68
1988-03-24,28.04,,,24.32,23.89
1988-03-25,28.08,,,24.36,23.16
1988-03-26,28.24,,,24.56,22.81
1988-03-27,28.13,,,24.55,22.4
1988-03-28,27.88,,,24.84,22.5
1988-03-29,27.83,,,25.09,23.49
1988-03-30,27.81,,,25.31,24.07
1988-03-31,27.79,,,25.49,23.66
1988-04-01,27.79,,,25.58,23.28
1988-04-02,28.06,,,25.52,23.3
1988-04-03,28.04,,,25.48,23.85
1988-04-04,27.87,,,25.57,23.47
1988-04-05,27.74,,,25.52,22.98
1988-04-06,27.89,,,25.71,22.79
1988-04-07,28.05,,,26.29,23.01
1988-04-08,28.06,,,26.44,23.44
1988-04-09,28.29,,,26.25,24.54
1988-04-10,28.47,,,26.24,24.98
1988-04-11,28.13,,,26.21,25.19
1988-04-12,28.34,,,26.15,25.58
1988-04-13,28.21,,,25.77,24.39
1988-04-14,28.57,,,25.5,24.3
1988-04-15,28.37,,,25.75,23.4
1988-04-16,28.23,,,25.99,23.28
1988-04-17,28.3,,,25.92,23.88
1988-04-18,28.3,,,25.77,23.56
1988-04-19,,,,25.73,22.7
1988-04-20,,,,25.31,22.15
1988-04-21,,,,25.3,22.3
1988-04-22,,,,25.37,23.0
1988-04-23,,,,25.24,22.98
1988-04-24,,,,24.89,23.34
1988-04-25,,,,24.86,23.3
1988-04-26,,,,25.28,23.49
1988-04-27,,,,25.05,23.04
1988-04-28,,,,24.36,22.75
1988-04-29,,,,23.96,22.48
1988-04-30,,,,23.16,22.34
1988-05-01,,,,23.29,22.35
1988-05-02,,,,23.73,22.28
1988-05-03,,,,23.08,22.29
1988-05-04,,,,22.72,22.48
1988-05-05,,,,22.53,22.46
1988-05-06,,,,22.04,22.42
1988-05-07,,,,21.75,22.52
1988-05-08,,,,22.16,23.44
1988-05-09,,,,22.52,22.83
1988-05-10,,,,22.57,22.66
1988-05-11,,,,22.59,23.11
1988-05-12,,,,22.98,23.0
1988-05-13,,,,23.18,22.24
1988-05-14,,,,23.2,22.04
1988-05-15,,,,23.31,21.76
1988-05-16,,27.46,,23.64,21.14
1988-05-17,,27.36,,23.48,21.09
1988-05-18,,27.34,,23.5,21.82
1988-05-19,,27.33,,23.58,20.64
1988-05-20,28.3,27.27,,23.62,18.98
1988-05-21,28.25,27.22,,23.76,18.81
1988-05-22,28.38,27.4,,23.98,19.06
1988-05-23,28.59,27.51,,24.22,19.34
1988-05-24,28.57,27.41,,24.49,19.52
1988-05-25,28.34,27.39,,24.8,19.5
1988-05-26,28.96,27.32,,24.89,19.73
1988-05-27,28.9,27.43,,24.8,20.27
1988-05-28,28.7,27.37,,24.76,20.61
1988-05-29,28.53,27.41,,24.69,20.57
1988-05-30,28.3,27.35,,24.61,20.57
1988-05-31,28.28,27.29,,24.57,21.19
1988-06-01,29.06,27.28,,24.52,21.19
1988-06-02,29.1,27.27,,24.25,20.86
1988-06-03,29.15,27.19,,23.69,19.92
1988-06-04,29.03,27.08,,23.68,19.59
1988-06-05,28.89,27.09,,23.81,19.78
1988-06-06,28.67,27.12,,23.84,19.67
1988-06-07,28.52,27.53,,23.77,20.02
1988-06-08,28.47,27.22,,23.68,20.08
1988-06-09,28.43,27.1,,23.77,20.04
1988-06-10,28.51,27.05,,23.77,20.48
1988-06-11,28.38,27.01,,23.81,20.58
1988-06-12,28.71,27.02,,23.89,20.5
1988-06-13,28.97,27.03,,23.98,20.48
1988-06-14,29.11,27.06,,24.11,20.8
1988-06-15,28.54,27.06,,24.09,21.2
1988-06-16,28.36,27.05,,23.86,21.29
1988-06-17,28.26,26.9,,23.76,21.21
1988-06-18,28.25,26.85,,23.85,21.13
1988-06-19,28.32,26.91,,23.91,21.25
1988-06-20,28.53,26.87,,23.81,20.89
1988-06-21,28.33,,,23.61,20.7
1988-06-22,28.93,26.9,,23.57,20.7
1988-06-23,29.01,26.82,,23.67,20.72
1988-06-24,28.8,26.76,,23.8,20.85
1988-06-25,28.49,26.84,,23.72,21.55
1988-06-26,28.32,26.87,,23.59,22.66
1988-06-27,28.43,26.86,,23.68,23.1
1988-06-28,28.52,26.88,,23.78,23.27
1988-06-29,28.52,26.84,,23.87,23.49
1988-06-30,28.76,26.78,,23.97,23.5
1988-07-01,28.75,26.86,,24.05,23.13
1988-07-02,28.72,27.04,,24.08,22.94
1988-07-03,28.72,27.16,,23.84,22.99
1988-07-04,28.79,27.32,,23.55,22.64
1988-07-05,28.59,27.54,,23.48,22.23
1988-07-06,28.53,27.48,,23.43,21.58
1988-07-07,28.52,27.39,,23.41,21.23
1988-07-08,28.91,27.35,,23.6,21.04
1988-07-09,28.6,27.32,,23.65,21.19
1988-07-10,28.47,27.24,,23.7,21.31
1988-07-11,28.48,27.47,,23.85,21.55
1988-07-12,28.49,27.45,,23.89,21.74
1988-07-13,28.49,27.25,,23.76,21.76
1988-07-14,28.4,27.0,,23.62,21.79
1988-07-15,28.59,26.79,,23.67,21.51
1988-07-16,28.66,,,23.65,21.35
1988-07-17,28.45,26.68,,23.61,21.14
1988-07-18,28.36,26.54,,23.62,20.84
1988-07-19,28.38,26.47,,23.6,20.76
1988-07-20,28.39,26.48,,23.5,20.89
1988-07-21,28.38,26.57,,23.47,20.82
1988-07-22,28.37,26.56,,23.49,20.82
1988-07-23,28.36,26.59,,23.42,21.16
1988-07-24,28.55,26.7,,23.31,21.52
1988-07-25,28.52,26.93,,23.2,21.77
1988-07-26,28.31,27.22,,23.11,21.78
1988-07-27,28.38,27.13,,23.5,21.49
1988-07-28,28.73,27.16,,23.51,21.36
1988-07-29,28.84,27.15,,23.1,21.3
1988-07-30,28.76,27.2,,22.98,21.14
1988-07-31,28.74,26.94,,23.01,20.61
1988-08-01,28.81,26.72,,23.08,20.23
1988-08-02,28.63,26.59,,23.27,20.11
1988-08-03,28.66,26.59,,23.37,20.19
1988-08-04,28.47,26.58,,23.3,20.26
1988-08-05,28.34,26.91,,23.54,20.19
1988-08-06,28.24,27.29,,23.88,20.16
1988-08-07,28.11,27.15,,23.81,20.16
1988-08-08,28.03,26.97,,23.45,20.39
1988-08-09,27.94,26.84,,23.36,20.38
1988-08-10,27.92,26.83,,23.18,19.99
1988-08-11,27.83,27.0,,23.18,19.82
1988-08-12,27.82,26.87,,22.92,19.97
1988-08-13,27.99,26.82,,22.81,20.15
1988-08-14,27.95,26.83,,22.48,20.08
1988-08-15,27.96,26.75,,22.4,20.06
1988-08-16,27.88,26.82,,22.53,20.29
1988-08-17,27.87,26.77,,23.06,19.67
1988-08-18,27.86,26.53,,23.22,20.13
1988-08-19,27.77,26.38,,23.24,20.4
1988-08-20,27.61,26.3,,23.18,22.18
1988-08-21,27.86,26.3,,23.12,23.0
1988-08-22,27.77,26.55,,23.15,22.9
1988-08-23,27.9,26.62,,23.05,22.11
1988-08-24,27.95,26.4,,23.16,21.62
1988-08-25,27.99,,,23.26,20.88
1988-08-26,27.74,26.51,,23.23,20.97
1988-08-27,27.67,26.72,,23.29,20.94
1988-08-28,27.65,26.71,,23.01,21.1
1988-08-29,27.66,26.66,,22.87,21.17
1988-08-30,27.89,26.65,,22.84,21.13
1988-08-31,28.17,26.79,,22.88,20.86
1988-09-01,28.11,26.88,,22.74,20.97
1988-09-02,28.23,26.75,,23.43,20.99
1988-09-03,28.0,26.55,,24.17,20.61
1988-09-04,28.1,26.49,,24.56,20.52
1988-09-05,28.07,26.81,,24.45,20.54
1988-09-06,28.28,27.1,,24.43,20.74
1988-09-07,28.36,27.19,,24.21,20.67
1988-09-08,28.03,27.09,,23.94,20.77
1988-09-09,27.99,26.91,,23.84,21.77
1988-09-10,27.8,28.56,,23.63,21.81
1988-09-11,27.59,27.79,,23.28,21.58
1988-09-12,27.41,26.86,,23.36,21.13
1988-09-13,27.34,26.79,,23.57,20.75
1988-09-14,27.58,26.87,,23.57,21.18
1988-09-15,27.6,27.57,,23.93,21.41
1988-09-16,27.47,27.11,,24.18,21.24
1988-09-17,27.47,26.13,,24.19,21.11
1988-09-18,27.56,26.01,,24.1,21.07
1988-09-19,28.29,26.05,,23.98,21.11
1988-09-20,27.49,25.83,,23.71,21.14
1988-09-21,27.45,25.42,,23.51,21.12
1988-09-22,27.59,25.37,,23.36,21.02
1988-09-23,27.6,25.55,,23.37,20.66
1988-09-24,27.61,25.6,,23.55,20.25
1988-09-25,27.74,25.64,,23.75,20.02
1988-09-26,27.83,25.61,,23.33,19.95
1988-09-27,27.77,25.42,,22.86,19.97
1988-09-28,27.56,25.42,,22.15,19.91
1988-09-29,27.5,25.43,,21.69,19.98
1988-09-30,27.4,25.52,,21.75,19.98
1988-10-01,27.35,25.52,,21.96,20.01
1988-10-02,27.32,25.56,,21.79,20.69
1988-10-03,27.41,25.67,,21.67,20.66
1988-10-04,27.57,25.61,,22.37,20.49
1988-10-05,27.73,25.18,,22.9,20.31
1988-10-06,27.61,24.87,,22.75,20.47
1988-10-07,27.5,24.84,,22.79,20.55
1988-10-08,27.46,25.08,,22.71,20.76
1988-10-09,27.94,25.14,,22.66,21.05
1988-10-10,28.23,24.77,,22.8,21.14
1988-10-11,27.48,24.71,,22.72,22.34
1988-10-12,27.29,24.46,,22.51,22.54
1988-10-13,27.56,24.24,,22.31,21.55
1988-10-14,27.41,24.29,,21.97,20.58
1988-10-15,27.47,24.42,,21.64,20.53
1988-10-16,28.07,24.59,,21.62,20.31
1988-10-17,27.43,24.45,,21.74,20.06
1988-10-18,27.54,24.36,,21.91,20.06
1988-10-19,27.62,24.33,,21.62,19.98
1988-10-20,27.9,24.34,,21.49,20.2
1988-10-21,28.42,24.44,,21.58,20.01
1988-10-22,27.94,25.04,,21.4,19.81
1988-10-23,27.82,25.29,,21.04,20.51
1988-10-24,27.82,25.36,,20.54,21.18
1988-10-25,27.79,25.37,,20.46,21.13
1988-10-26,27.71,25.31,,20.63,20.52
1988-10-27,27.69,25.06,,20.53,20.73
1988-10-28,27.6,24.95,,20.15,20.7
1988-10-29,27.96,25.03,,20.27,20.46
1988-10-30,27.56,24.99,,20.14,20.31
1988-10-31,27.54,24.62,,19.65,20.1
1988-11-01,27.57,24.41,,19.42,20.18
1988-11-02,27.41,24.35,,19.48,20.63
1988-11-03,27.42,24.32,,19.37,20.64
1988-11-04,27.39,24.41,,19.67,20.19
1988-11-05,27.41,24.52,,20.19,20.06
1988-11-06,27.49,24.51,,20.76,19.74
1988-11-07,27.44,24.45,,21.19,19.92
1988-11-08,27.49,24.4,,21.23,20.16
1988-11-09,27.33,24.47,,21.32,19.97
1988-11-10,27.19,24.61,,21.57,19.89
1988-11-11,27.33,24.69,,21.75,20.33
1988-11-12,27.42,24.69,,21.53,20.55
1988-11-13,27.52,24.86,,21.37,20.0
1988-11-14,27.61,24.97,,21.18,20.21
1988-11-15,27.7,25.12,,21.2,20.47
1988-11-16,27.67,25.36,,21.25,20.58
1988-11-17,27.84,25.22,,21.51,20.62
1988-11-18,27.81,24.36,,21.71,20.32
1988-11-19,27.69,,,22.29,20.22
1988-11-20,27.72,24.54,,22.39,19.78
1988-11-21,27.72,24.72,,22.5,19.06
1988-11-22,27.72,25.02,,22.86,18.27
1988-11-23,27.68,25.16,,22.83,18.33
1988-11-24,27.63,25.1,,23.16,18.58
1988-11-25,27.64,25.34,,23.05,18.31
1988-11-26,27.59,25.66,,22.66,18.54
1988-11-27,27.68,25.54,,21.91,18.94
1988-11-28,27.69,25.28,,21.23,18.77
1988-11-29,27.72,25.04,,21.17,18.18
1988-11-30,28.07,24.96,,21.31,17.68
1988-12-01,28.13,25.04,,21.73,18.64
1988-12-02,27.98,25.33,,22.0,18.84
1988-12-03,27.83,25.46,,22.05,18.45
1988-12-04,27.81,25.53,,22.07,18.93
1988-12-05,27.92,25.54,,22.4,18.55
1988-12-06,27.77,25.67,,22.38,18.58
1988-12-07,27.81,25.53,,22.18,18.93
1988-12-08,27.9,25.42,,22.43,19.38
1988-12-09,27.87,25.33,,23.02,19.4
1988-12-10,27.7,25.31,,23.39,18.88
1988-12-11,27.83,25.35,,23.71,18.54
1988-12-12,28.16,25.42,,22.84,17.35
1988-12-13,28.1,25.38,,23.44,17.99
1988-12-14,28.44,25.28,,23.14,18.28
1988-12-15,27.7,25.25,,22.68,18.78
1988-12-16,27.48,25.22,,22.61,19.06
1988-12-17,27.61,25.26,,22.64,18.92
1988-12-18,27.7,25.27,,22.61,19.26
1988-12-19,27.8,25.22,,22.43,19.33
1988-12-20,27.89,25.15,,22.57,19.34
1988-12-21,27.95,25.03,,23.01,19.23
1988-12-22,27.89,25.01,,23.41,18.21
1988-12-23,27.57,24.96,,23.66,19.02
1988-12-24,27.38,24.95,,23.92,19.63
1988-12-25,27.37,25.01,,24.12,19.98
1988-12-26,27.36,25.15,,24.04,19.82
1988-12-27,27.49,25.35,,23.53,20.07
1988-12-28,27.53,25.43,,23.16,19.79
1988-12-29,27.55,25.5,,22.94,20.39
1988-12-30,27.6,25.55,,22.66,20.43
1988-12-31,27.81,25.54,,22.51,20.62
1989-01-01,28.02,25.42,,22.5,20.83
1989-01-02,28.09,25.15,,22.55,21.0
1989-01-03,27.72,25.08,,22.69,20.48
1989-01-04,27.73,25.14,,22.79,20.5
1989-01-05,27.7,24.94,,22.56,19.77
1989-01-06,27.67,24.85,,22.19,20.21
1989-01-07,27.76,24.62,,22.31,20.56
1989-01-08,27.78,24.8,,22.76,19.98
1989-01-09,27.78,,,23.0,20.33
1989-01-10,27.91,,,22.94,20.71
1989-01-11,27.77,,,23.02,21.0
1989-01-12,27.83,,,23.36,20.97
1989-01-13,27.85,,,23.86,21.43
1989-01-14,28.22,,,23.78,21.05
1989-01-15,28.67,,,23.4,20.24
1989-01-16,28.24,,,23.27,20.39
1989-01-17,28.23,,,23.23,20.3
1989-01-18,28.42,,,23.13,20.27
1989-01-19,28.47,,,23.01,20.91
1989-01-20,28.52,,,22.96,21.3
1989-01-21,28.42,,,22.96,21.2
1989-01-22,28.29,,,22.83,21.71
1989-01-23,28.21,,,22.75,22.26
1989-01-24,28.05,,,22.79,23.15
1989-01-25,27.73,,,22.9,24.73
1989-01-26,27.6,,,22.98,25.25
1989-01-27,27.55,,,23.16,25.32
1989-01-28,27.4,,,23.24,24.47
1989-01-29,27.24,,,23.45,23.91
1989-01-30,27.23,,,23.63,23.92
1989-01-31,27.32,,,24.07,23.69
1989-02-01,27.37,,,24.33,23.65
1989-02-02,27.3,,,24.33,24.34
1989-02-03,27.24,,,24.03,23.87
1989-02-04,27.46,,,24.14,23.43
1989-02-05,28.11,,,24.22,23.35
1989-02-06,28.98,,,24.14,23.05
1989-02-07,28.27,,,24.15,23.15
1989-02-08,28.3,,,24.21,23.4
1989-02-09,28.27,,,24.22,23.56
1989-02-10,28.22,,,23.96,23.36
1989-02-11,27.98,,,23.8,23.75
1989-02-12,28.01,,,23.77,23.71
1989-02-13,28.01,,,23.71,24.03
1989-02-14,28.1,,,23.95,24.95
1989-02-15,28.14,,,24.09,25.38
1989-02-16,28.21,,,24.14,26.0
1989-02-17,28.25,,,24.35,26.37
1989-02-18,28.29,,,24.83,26.69
1989-02-19,28.33,,,25.46,26.67
1989-02-20,28.31,,,25.49,26.63
1989-02-21,28.21,,,25.03,26.73
1989-02-22,28.23,,,24.63,26.99
1989-02-23,28.16,,,24.57,26.99
1989-02-24,28.06,,,24.48,26.54
1989-02-25,27.95,,,24.66,25.64
1989-02-26,28.02,,,24.78,25.11
1989-02-27,28.07,,,24.54,24.78
1989-02-28,28.09,,,24.36,24.38
1989-03-01,27.99,,,24.22,24.36
1989-03-02,27.95,,,24.18,24.32
1989-03-03,28.39,,,24.11,24.63
1989-03-04,28.16,,,24.04,24.83
1989-03-05,27.89,,,23.94,24.72
1989-03-06,27.85,,,24.07,24.7
1989-03-07,27.94,,,24.38,24.84
1989-03-08,27.89,,,24.44,25.06
1989-03-09,27.95,,,24.16,25.13
1989-03-10,27.88,,,24.15,25.17
1989-03-11,27.91,,,24.32,24.92
1989-03-12,27.94,,,24.24,24.75
1989-03-13,27.96,,,24.32,24.74
1989-03-14,27.91,,,24.4,24.58
1989-03-15,27.83,,,24.51,24.67
1989-03-16,27.8,,,24.53,24.5
1989-03-17,27.78,,,24.64,24.04
1989-03-18,27.89,,,24.6,24.28
1989-03-19,28.24,,,24.57,24.5
1989-03-20,27.93,,,24.85,24.65
1989-03-21,27.91,,,24.75,25.34
1989-03-22,27.96,,,24.77,25.3
1989-03-23,27.88,,,24.7,25.14
1989-03-24,27.79,,,24.63,25.42
1989-03-25,27.8,,,24.54,25.34
1989-03-26,27.8,,,24.52,25.09
1989-03-27,27.94,,,24.67,25.15
1989-03-28,28.27,,,24.8,24.91
1989-03-29,28.23,,,24.74,24.83
1989-03-30,28.16,,,24.92,24.99
1989-03-31,28.0,,,24.95,25.39
1989-04-01,27.78,,,25.11,24.28
1989-04-02,27.67,,,25.26,24.23
1989-04-03,27.66,,,25.23,24.37
1989-04-04,27.72,,,25.5,24.27
1989-04-05,27.77,,,25.56,24.78
1989-04-06,28.07,,,25.19,24.27
1989-04-07,27.79,,,25.16,24.35
1989-04-08,27.88,,,25.16,24.83
1989-04-09,27.8,,,25.14,24.96
1989-04-10,27.81,,,25.14,24.98
1989-04-11,27.78,,,25.13,25.59
1989-04-12,27.72,,,25.07,25.82
1989-04-13,27.68,,,25.24,25.63
1989-04-14,27.64,,,25.41,25.84
1989-04-15,27.57,,,25.26,25.86
1989-04-16,27.68,,,25.3,25.54
1989-04-17,27.62,,,25.27,25.5
1989-04-18,27.78,,,25.37,25.43
1989-04-19,27.82,,,25.36,25.36
1989-04-20,28.1,,,25.45,25.3
1989-04-21,28.02,,,25.68,25.35
1989-04-22,27.93,,,25.73,25.32
1989-04-23,27.87,,,25.52,25.29
1989-04-24,27.93,,,25.49,25.29
1989-04-25,27.97,,,25.78,25.17
1989-04-26,28.61,,,25.82,25.24
1989-04-27,28.49,,,25.6,25.36
1989-04-28,28.27,,,25.74,25.47
1989-04-29,28.39,,,25.91,25.35
1989-04-30,28.58,,,25.89,25.33
1989-05-01,28.62,,,25.74,25.36
1989-05-02,28.79,,,25.62,25.34
1989-05-03,28.82,,,25.52,25.41
1989-05-04,29.29,,,25.62,24.98
1989-05-05,29.12,,,25.77,24.76
1989-05-06,29.03,,,25.92,24.72
1989-05-07,29.37,,,25.85,24.67
1989-05-08,29.17,,,25.74,24.67
1989-05-09,29.09,,,25.89,24.52
1989-05-10,29.05,,,26.2,24.37
1989-05-11,28.84,,,26.02,24.29
1989-05-12,28.78,,,26.22,24.34
1989-05-13,28.66,,,26.26,24.7
1989-05-14,28.67,,,26.33,25.24
1989-05-15,28.59,,,26.16,25.39
1989-05-16,28.5,,,26.05,24.94
1989-05-17,28.54,,,26.06,24.79
1989-05-18,28.43,,,26.1,24.9
1989-05-19,28.43,,,25.93,24.83
1989-05-20,28.32,,,25.91,24.53
1989-05-21,28.35,,,26.01,24.5
1989-05-22,28.41,,,26.04,24.97
1989-05-23,28.23,,,26.07,25.3
1989-05-24,28.28,,,26.0,25.45
1989-05-25,28.23,,,25.87,25.68
1989-05-26,28.26,,,25.87,25.76
1989-05-27,28.35,,,25.99,25.76
1989-05-28,28.45,,,26.0,25.49
1989-05-29,28.46,,,25.93,25.32
1989-05-30,28.18,,,25.9,24.96
1989-05-31,28.32,,,25.78,24.54
1989-06-01,28.47,,,25.86,24.64
1989-06-02,28.44,,,26.04,24.45
1989-06-03,28.34,,,26.08,24.28
1989-06-04,28.26,,,25.96,24.28
1989-06-05,28.26,,,25.86,24.36
1989-06-06,28.22,,,25.68,24.4
1989-06-07,28.4,,,25.62,24.67
1989-06-08,28.54,,,25.73,24.98
1989-06-09,28.43,,,25.82,25.12
1989-06-10,28.48,,,26.0,25.37
1989-06-11,28.63,,,26.1,25.6
1989-06-12,28.54,,,26.11,25.85
1989-06-13,28.54,,,26.26,25.96
1989-06-14,28.68,,,26.4,25.87
1989-06-15,28.71,,,26.44,25.61
1989-06-16,28.52,,,26.42,25.67
1989-06-17,28.4,,,26.4,25.97
1989-06-18,28.44,,,26.4,26.08
1989-06-19,28.49,,,26.5,26.07
1989-06-20,28.52,,,26.33,25.94
1989-06-21,28.82,27.33,,26.03,25.33
1989-06-22,29.0,27.55,,25.96,24.4
1989-06-23,28.82,27.6,,26.03,23.68
1989-06-24,28.94,27.44,,26.03,23.46
1989-06-25,28.82,27.39,,26.09,23.36
1989-06-26,29.24,27.39,,26.0,23.29
1989-06-27,29.27,27.48,,26.03,23.24
1989-06-28,29.32,27.32,,26.1,23.01
1989-06-29,29.38,27.23,,26.07,23.21
1989-06-30,29.23,27.25,,26.01,23.01
1989-07-01,29.11,27.25,,25.96,22.92
1989-07-02,29.07,27.35,,26.16,22.68
1989-07-03,29.06,27.49,,26.12,22.43
1989-07-04,29.05,27.53,,26.09,22.51
1989-07-05,28.99,27.46,,26.23,22.59
1989-07-06,28.94,27.6,,26.43,22.83
1989-07-07,29.0,27.55,,26.57,22.92
1989-07-08,28.94,27.53,,26.68,22.92
1989-07-09,28.91,27.5,,26.54,23.0
1989-07-10,28.78,27.35,,26.12,23.19
1989-07-11,28.68,27.36,,25.84,23.24
1989-07-12,28.64,27.42,,25.61,23.25
1989-07-13,28.62,27.41,,25.52,23.06
1989-07-14,28.82,27.33,,25.47,22.87
1989-07-15,28.92,27.42,,25.51,22.73
1989-07-16,28.72,27.55,,25.5,22.94
1989-07-17,28.68,27.58,,25.82,23.01
1989-07-18,28.76,27.41,,26.05,22.85
1989-07-19,28.96,27.32,,25.95,22.65
1989-07-20,28.93,27.25,,25.78,22.56
1989-07-21,28.89,27.14,,25.68,22.36
1989-07-22,29.13,27.21,,25.64,22.34
1989-07-23,28.97,27.35,,25.52,22.02
1989-07-24,28.92,27.41,,25.58,21.99
1989-07-25,28.93,27.43,,25.61,22.02
1989-07-26,29.14,27.4,,25.53,22.38
1989-07-27,29.23,27.36,,25.49,22.49
1989-07-28,29.06,27.39,,25.47,22.54
1989-07-29,29.04,27.53,,25.44,22.57
1989-07-30,29.06,27.53,,25.43,22.45
1989-07-31,28.77,27.61,,25.47,22.19
1989-08-01,28.86,27.52,,25.54,21.96
1989-08-02,28.8,27.44,,25.59,22.08
1989-08-03,28.89,27.41,,25.44,21.85
1989-08-04,28.95,27.41,,25.4,21.57
1989-08-05,29.13,27.34,,25.29,21.26
1989-08-06,29.12,27.39,,25.23,21.05
1989-08-07,28.98,27.29,,25.31,21.17
1989-08-08,28.96,27.3,,25.27,21.4
1989-08-09,28.95,27.26,,25.25,21.42
1989-08-10,28.98,27.17,,25.28,21.49
1989-08-11,28.96,27.07,,25.2,21.66
1989-08-12,29.02,27.08,,25.13,21.73
1989-08-13,28.96,26.98,,25.09,21.77
1989-08-14,28.86,26.98,,25.08,21.75
1989-08-15,28.89,27.0,,25.2,21.79
1989-08-16,28.81,26.94,,25.32,22.94
1989-08-17,28.75,26.92,,25.22,22.88
1989-08-18,28.76,27.0,,25.01,22.6
1989-08-19,28.72,27.05,,24.85,22.49
1989-08-20,28.89,27.22,,24.94,21.89
1989-08-21,28.77,27.34,,25.37,22.14
1989-08-22,28.68,27.36,,26.02,21.85
1989-08-23,28.67,27.32,,26.18,21.84
1989-08-24,28.61,27.39,,26.3,21.93
1989-08-25,28.56,27.58,,26.28,21.78
1989-08-26,28.55,27.73,,26.35,21.96
1989-08-27,28.57,27.73,,26.23,23.01
1989-08-28,28.65,27.63,,25.69,22.72
1989-08-29,28.63,27.4,,25.42,21.65
1989-08-30,28.65,27.41,,24.9,21.43
1989-08-31,28.53,27.5,,24.77,21.19
1989-09-01,28.47,27.5,,24.99,21.28
1989-09-02,28.56,27.57,,25.17,21.38
1989-09-03,28.76,27.65,,25.17,21.5
1989-09-04,28.64,27.59,,25.17,21.5
1989-09-05,29.03,27.49,,25.05,21.71
1989-09-06,28.91,27.48,,25.06,21.74
1989-09-07,28.8,27.42,,24.88,21.71
1989-09-08,28.79,27.5,,24.79,21.86
1989-09-09,28.87,27.42,,24.88,21.58
1989-09-10,28.85,27.38,,24.81,21.17
1989-09-11,28.92,27.41,,25.08,21.18
1989-09-12,28.84,27.44,,25.25,21.02
1989-09-13,28.92,27.45,,25.23,20.76
1989-09-14,28.95,27.46,,25.04,20.74
1989-09-15,29.02,27.49,,25.0,21.28
1989-09-16,29.04,27.44,,24.98,23.11
1989-09-17,29.21,27.46,,24.93,23.58
1989-09-18,28.69,27.38,,25.22,23.53
1989-09-19,28.76,27.41,,25.39,22.5
1989-09-20,28.89,27.44,,25.42,21.28
1989-09-21,29.11,27.36,,25.29,21.17
1989-09-22,29.17,27.4,,25.3,21.08
1989-09-23,29.2,27.49,,25.07,21.32
1989-09-24,29.03,27.43,,25.2,21.49
1989-09-25,29.02,27.31,,25.25,21.67
1989-09-26,29.02,27.37,,25.25,21.87
1989-09-27,28.96,27.39,,25.26,21.97
1989-09-28,29.17,27.41,,25.3,22.07
1989-09-29,29.27,27.49,,25.25,22.25
1989-09-30,29.65,27.62,,25.19,22.59
1989-10-01,29.42,27.57,,25.18,22.64
1989-10-02,29.43,27.53,,25.13,22.41
1989-10-03,29.53,27.52,,25.15,22.04
1989-10-04,29.67,27.45,,25.14,22.2
1989-10-05,29.53,27.34,,25.13,22.24
1989-10-06,29.53,27.39,,25.12,22.05
1989-10-07,29.39,27.43,,25.15,21.92
1989-10-08,29.22,27.53,,25.12,21.96
1989-10-09,29.04,27.55,,25.03,21.86
1989-10-10,29.04,27.4,,24.88,21.76
1989-10-11,29.16,27.36,,24.82,21.83
1989-10-12,28.88,27.38,,24.75,21.82
1989-10-13,28.72,27.37,,24.68,21.63
1989-10-14,28.76,27.35,,24.59,21.61
1989-10-15,28.78,27.33,,24.48,21.59
1989-10-16,29.23,27.41,,24.46,21.61
1989-10-17,29.04,27.4,,24.68,21.8
1989-10-18,29.23,27.39,,24.82,22.26
1989-10-19,29.38,27.39,,24.7,22.18
1989-10-20,28.79,27.35,,24.69,22.13
1989-10-21,28.66,27.29,,24.63,22.16
1989-10-22,28.6,27.34,,24.77,22.12
1989-10-23,28.61,27.33,,25.04,22.13
1989-10-24,28.82,27.28,,25.11,22.25
1989-10-25,29.37,27.17,,25.12,22.06
1989-10-26,29.49,27.07,,25.11,21.88
1989-10-27,29.73,27.07,,24.95,21.71
1989-10-28,29.51,27.05,,24.99,21.67
1989-10-29,29.58,26.96,,25.0,21.83
1989-10-30,29.09,26.92,,24.93,21.78
1989-10-31,28.9,26.95,,24.94,21.8
1989-11-01,28.92,27.33,,24.85,21.83
1989-11-02,28.94,27.13,,25.14,21.72
1989-11-03,29.5,27.34,,25.15,21.79
1989-11-04,29.18,27.25,,25.06,21.96
1989-11-05,29.19,26.93,,24.94,22.01
1989-11-06,29.73,26.75,,24.77,21.93
1989-11-07,29.71,26.66,,24.54,21.89
1989-11-08,29.57,27.19,,24.23,21.87
1989-11-09,29.43,27.47,,24.08,21.93
1989-11-10,29.6,27.34,,24.06,22.13
1989-11-11,29.79,27.19,,23.97,22.05
1989-11-12,29.97,27.11,,24.25,21.78
1989-11-13,29.64,27.16,,24.28,22.17
1989-11-14,29.32,27.12,,24.27,22.82
1989-11-15,29.6,27.13,,24.29,23.32
1989-11-16,29.24,27.28,,24.32,24.12
1989-11-17,29.23,27.26,,24.27,24.29
1989-11-18,29.23,27.28,,24.21,24.39
1989-11-19,29.37,27.33,,24.12,24.21
1989-11-20,29.05,27.42,,24.19,23.5
1989-11-21,29.33,27.34,,24.29,22.08
1989-11-22,29.44,27.29,,24.29,21.32
1989-11-23,29.34,27.2,,24.52,21.39
1989-11-24,29.32,27.17,,24.7,21.62
1989-11-25,29.1,27.15,,24.74,21.86
1989-11-26,29.06,27.14,,24.77,22.09
1989-11-27,29.19,27.15,,24.87,22.31
1989-11-28,29.03,27.26,,25.02,22.28
1989-11-29,29.36,27.42,,25.19,22.11
1989-11-30,29.06,27.42,,25.33,21.99
1989-12-01,29.08,27.44,,25.43,21.52
1989-12-02,28.9,27.41,,25.58,21.31
1989-12-03,29.2,27.46,,25.63,21.67
1989-12-04,29.17,27.53,,25.6,21.63
1989-12-05,29.09,27.58,,25.56,21.81
1989-12-06,29.32,27.63,,25.47,22.31
1989-12-07,29.36,27.59,,25.47,21.78
1989-12-08,29.31,27.68,,25.53,21.54
1989-12-09,29.62,27.83,,25.58,21.12
1989-12-10,29.83,27.81,,25.5,20.8
1989-12-11,29.59,27.88,,25.38,20.78
1989-12-12,29.56,27.97,,25.25,20.98
1989-12-13,29.8,28.0,,25.13,21.21
1989-12-14,29.28,28.21,,25.09,21.42
1989-12-15,29.29,28.15,,25.13,21.47
1989-12-16,29.41,28.1,,25.15,21.5
1989-12-17,29.36,27.93,,25.22,21.34
1989-12-18,29.31,27.81,,25.12,21.46
1989-12-19,29.2,27.78,,25.11,21.66
1989-12-20,29.09,27.82,,25.16,21.84
1989-12-21,29.23,27.8,,25.12,21.96
1989-12-22,29.42,27.78,,25.0,22.82
1989-12-23,29.26,27.79,,24.97,22.84
1989-12-24,29.36,27.82,,24.95,22.49
1989-12-25,29.38,27.81,,24.98,22.32
1989-12-26,29.41,27.83,,25.03,22.91
1989-12-27,29.4,27.83,,24.95,23.27
1989-12-28,29.39,27.84,,24.95,23.66
1989-12-29,29.35,27.91,,24.97,24.08
1989-12-30,29.63,27.93,,25.07,24.07
1989-12-31,29.74,27.92,,25.23,24.19
1990-01-01,29.97,27.88,,25.32,24.37
1990-01-02,29.89,27.91,,25.16,24.06
1990-01-03,29.96,27.96,,25.27,23.85
1990-01-04,29.76,27.95,,25.31,23.78
1990-01-05,29.54,27.94,,25.26,23.6
1990-01-06,29.29,27.96,,25.32,23.37
1990-01-07,29.45,27.92,,25.55,23.1
1990-01-08,29.73,27.92,,25.55,22.99
1990-01-09,29.62,27.98,,25.51,23.18
1990-01-10,29.5,27.92,,25.62,23.4
1990-01-11,29.73,27.88,,25.66,23.57
1990-01-12,29.48,27.94,,25.68,23.71
1990-01-13,29.27,27.92,,25.66,23.74
1990-01-14,29.45,27.92,,25.66,23.81
1990-01-15,29.45,28.01,,25.73,23.94
1990-01-16,29.45,27.95,,25.77,24.56
1990-01-17,29.38,27.79,,25.75,24.45
1990-01-18,29.47,27.84,,25.69,24.34
1990-01-19,29.37,27.92,,25.64,24.37
1990-01-20,29.26,27.88,,25.51,24.42
1990-01-21,29.54,27.97,,25.51,24.33
1990-01-22,29.49,27.93,,25.55,24.26
1990-01-23,29.36,27.94,,25.53,24.25
1990-01-24,29.22,27.97,,25.49,24.33
1990-01-25,29.21,28.03,,25.52,24.33
1990-01-26,29.18,27.93,,25.41,24.22
1990-01-27,29.21,28.15,,25.54,24.35
1990-01-28,29.25,27.93,,25.56,24.4
1990-01-29,29.26,27.97,,25.54,24.45
1990-01-30,29.29,28.02,,25.45,24.6
1990-01-31,29.4,28.23,,25.52,24.66
1990-02-01,29.36,28.14,,25.58,24.57
1990-02-02,29.39,28.13,,25.64,24.73
1990-02-03,29.43,28.19,,25.58,25.0
1990-02-04,29.38,28.1,,25.49,25.19
1990-02-05,29.36,28.04,,25.41,25.27
1990-02-06,29.34,27.95,,25.42,25.22
1990-02-07,29.26,27.87,,25.46,25.12
1990-02-08,29.23,27.91,,25.58,25.08
1990-02-09,29.2,27.87,,25.57,24.94
1990-02-10,29.32,27.93,,25.47,24.93
1990-02-11,29.41,28.15,,25.47,25.01
1990-02-12,29.34,27.89,,25.63,25.13
1990-02-13,29.1,27.82,,25.81,25.2
1990-02-14,29.17,27.8,,25.7,25.31
1990-02-15,29.22,27.78,,25.66,25.25
1990-02-16,29.26,27.94,,25.88,25.09
1990-02-17,29.46,28.09,,26.03,25.24
1990-02-18,29.81,28.55,,25.9,26.05
1990-02-19,29.89,28.72,,25.91,26.1
1990-02-20,29.71,28.76,,25.89,26.23
1990-02-21,29.73,29.14,,25.85,26.36
1990-02-22,29.81,29.07,,25.74,26.29
1990-02-23,29.4,29.11,,25.72,26.01
1990-02-24,29.29,28.84,,25.75,25.71
1990-02-25,29.12,28.71,,25.73,25.55
1990-02-26,29.55,29.24,,25.72,25.13
1990-02-27,29.46,29.49,,25.83,25.3
1990-02-28,29.73,29.25,,25.98,25.65
1990-03-01,29.71,29.18,,26.06,25.53
1990-03-02,29.58,29.11,,26.08,25.65
1990-03-03,29.38,28.99,,26.13,25.51
1990-03-04,29.48,28.77,,26.18,25.32
1990-03-05,29.45,28.49,,26.27,25.1
1990-03-06,29.15,28.35,,26.38,25.09
1990-03-07,29.4,28.27,,26.39,25.32
1990-03-08,29.73,28.17,,26.32,25.23
1990-03-09,29.44,28.1,,26.26,25.17
1990-03-10,29.45,28.1,,26.22,25.22
1990-03-11,29.34,27.78,,26.19,25.31
1990-03-12,29.17,27.78,,26.2,25.48
1990-03-13,29.04,27.89,,26.36,25.65
1990-03-14,29.08,28.04,,26.44,25.98
1990-03-15,29.03,27.98,,26.5,26.02
1990-03-16,29.32,28.13,,26.47,25.6
1990-03-17,29.32,28.26,,26.67,25.82
1990-03-18,29.55,27.95,,26.77,25.78
1990-03-19,29.48,27.74,,26.99,25.79
1990-03-20,29.68,27.83,,27.03,25.9
1990-03-21,29.45,27.72,,27.07,26.18
1990-03-22,29.54,27.74,,27.0,26.65
1990-03-23,29.42,27.78,,27.1,26.75
1990-03-24,29.41,27.77,,27.28,26.77
1990-03-25,29.68,27.8,,27.58,26.79
1990-03-26,29.99,27.82,,27.33,26.68
1990-03-27,29.57,27.93,,27.13,26.42
1990-03-28,29.51,27.98,,27.25,26.63
1990-03-29,29.47,28.0,,27.05,27.01
1990-03-30,29.69,27.88,,27.06,26.97
1990-03-31,29.74,27.87,,27.15,27.19
1990-04-01,29.67,27.9,,27.23,27.14
1990-04-02,29.51,27.92,,27.38,26.74
1990-04-03,29.55,27.94,,27.16,26.83
1990-04-04,29.51,28.0,,27.26,26.82
1990-04-05,29.67,28.08,,27.29,26.74
1990-04-06,29.57,27.92,,27.39,26.76
1990-04-07,29.64,27.88,,27.39,26.97
1990-04-08,29.43,27.94,,27.3,27.04
1990-04-09,29.61,28.0,,27.24,26.88
1990-04-10,29.71,,,27.19,26.85
1990-04-11,29.59,,,27.19,26.97
1990-04-12,29.67,,,27.22,27.19
1990-04-13,29.66,,,27.34,27.03
1990-04-14,29.54,,,27.3,27.05
1990-04-15,29.6,,,27.26,27.1
1990-04-16,29.47,,,27.28,26.94
1990-04-17,29.55,,,27.26,26.81
1990-04-18,29.59,,,27.29,26.65
1990-04-19,29.59,,,27.24,26.56
1990-04-20,29.63,,,27.33,26.53
1990-04-21,29.81,,,27.44,26.63
1990-04-22,29.72,,,27.46,26.44
1990-04-23,29.58,,,27.43,26.57
1990-04-24,29.46,,,27.35,26.69
1990-04-25,29.76,,,27.29,26.81
1990-04-26,29.45,,,27.37,26.77
1990-04-27,29.39,,,27.56,26.72
1990-04-28,29.49,,,27.6,26.49
1990-04-29,29.58,,,27.63,26.38
1990-04-30,29.5,,,27.49,26.51
1990-05-01,29.79,,,27.43,26.53
1990-05-02,29.64,,,27.23,26.57
1990-05-03,29.5,,,27.22,26.46
1990-05-04,29.59,,,27.24,26.07
1990-05-05,29.28,,,27.36,26.27
1990-05-06,29.42,,,27.6,26.26
1990-05-07,29.36,,,27.62,26.08
1990-05-08,29.32,,,27.51,25.93
1990-05-09,29.56,,,27.4,26.06
1990-05-10,29.91,,,27.4,26.12
1990-05-11,29.71,,,27.34,26.42
1990-05-12,29.61,,,27.31,26.44
1990-05-13,29.59,,,27.31,26.35
1990-05-14,29.67,,,27.26,26.15
1990-05-15,29.6,,,27.24,26.03
1990-05-16,29.61,,,27.32,26.02
1990-05-17,29.55,,,27.33,25.93
1990-05-18,29.49,,,27.31,25.69
1990-05-19,29.61,,,27.32,25.56
1990-05-20,29.62,,,27.49,25.6
1990-05-21,29.73,,,27.28,25.72
1990-05-22,29.55,,,27.21,25.74
1990-05-23,29.89,,,27.26,25.85
1990-05-24,30.15,,,27.56,25.92
1990-05-25,30.31,,,27.31,25.94
1990-05-26,30.23,,,27.17,26.25
1990-05-27,30.18,,,27.07,26.38
1990-05-28,29.99,,,26.98,26.32
1990-05-29,30.05,,,26.86,26.22
1990-05-30,30.13,,,26.75,26.24
1990-05-31,29.97,,,26.58,26.28
1990-06-01,29.95,,,26.69,26.06
1990-06-02,29.88,,,26.72,25.6
1990-06-03,29.83,,,26.89,25.2
1990-06-04,30.19,,,27.04,25.32
1990-06-05,30.26,,,27.16,25.54
1990-06-06,30.14,,,26.92,25.75
1990-06-07,30.12,,,26.65,25.4
1990-06-08,30.08,,,26.44,24.88
1990-06-09,30.12,,,26.45,24.81
1990-06-10,30.45,,,26.67,24.64
1990-06-11,30.19,,,27.05,24.79
1990-06-12,30.12,,,27.19,24.88
1990-06-13,29.92,,,27.22,24.53
1990-06-14,29.89,,,27.1,24.4
1990-06-15,29.92,,,26.78,25.68
1990-06-16,29.94,,,26.49,26.24
1990-06-17,29.88,,,26.32,26.87
1990-06-18,30.13,,,26.23,26.95
1990-06-19,29.92,,,26.22,26.86
1990-06-20,30.01,,,26.13,26.68
1990-06-21,30.21,,,26.03,26.1
1990-06-22,29.99,,,25.99,25.13
1990-06-23,29.95,,,25.9,24.35
1990-06-24,29.9,,,25.82,23.72
1990-06-25,29.85,,,25.78,23.16
1990-06-26,29.56,,,25.62,23.18
1990-06-27,30.1,,,25.44,23.23
1990-06-28,29.97,,,25.57,23.54
1990-06-29,29.88,,,25.62,23.56
1990-06-30,29.91,,,26.67,23.55
1990-07-01,30.0,,,27.02,23.33
1990-07-02,29.95,,,27.32,23.22
1990-07-03,29.99,,,27.46,23.27
1990-07-04,29.69,,,27.43,23.22
1990-07-05,29.36,,,27.5,22.93
1990-07-06,29.69,,,27.32,22.72
1990-07-07,29.59,,,27.17,22.52
1990-07-08,29.57,,,27.17,22.44
1990-07-09,29.56,,,27.11,22.38
1990-07-10,29.66,,,27.02,22.22
1990-07-11,29.9,,,26.9,22.3
1990-07-12,29.99,,,26.82,22.47
1990-07-13,29.8,,,26.81,23.34
1990-07-14,29.9,,,26.57,24.26
1990-07-15,29.78,,,26.48,25.51
1990-07-16,29.85,,,26.53,25.32
1990-07-17,29.98,,,26.55,24.42
1990-07-18,29.78,,,26.56,23.39
1990-07-19,29.62,,,26.64,22.58
1990-07-20,29.91,,,26.74,21.85
1990-07-21,29.79,,,26.83,21.87
1990-07-22,29.93,,,26.8,21.86
1990-07-23,29.83,,,26.74,21.98
1990-07-24,29.73,,,26.78,22.1
1990-07-25,29.87,,,26.75,22.16
1990-07-26,30.03,,,26.66,22.26
1990-07-27,29.87,,,26.59,22.18
1990-07-28,30.0,,,26.56,22.21
1990-07-29,29.27,,,26.52,22.25
1990-07-30,30.01,,,26.48,22.36
1990-07-31,29.75,,,26.36,22.5
1990-08-01,29.81,,,26.36,22.73
1990-08-02,29.95,,,26.35,23.03
1990-08-03,29.76,,,26.44,22.86
1990-08-04,29.81,,,26.5,22.91
1990-08-05,29.82,,,26.57,22.9
1990-08-06,29.86,,,26.63,22.73
1990-08-07,29.87,,,26.49,22.54
1990-08-08,30.0,,,26.37,22.75
1990-08-09,29.88,,,26.16,23.36
1990-08-10,29.83,,,25.94,23.97
1990-08-11,30.01,,,25.94,24.45
1990-08-12,30.02,,,26.02,24.61
1990-08-13,30.04,,,26.02,24.66
1990-08-14,30.01,,,25.98,24.35
1990-08-15,30.13,,,25.91,24.08
1990-08-16,30.04,,,25.83,24.17
1990-08-17,30.25,,,25.85,23.1
1990-08-18,30.33,,,26.05,22.31
1990-08-19,30.2,,,26.25,21.99
1990-08-20,30.38,,,26.27,22.38
1990-08-21,30.39,,,26.32,22.65
1990-08-22,30.45,,,26.33,22.9
1990-08-23,30.19,,,26.26,22.95
1990-08-24,30.03,,,26.22,22.98
1990-08-25,29.93,,,25.98,23.05
1990-08-26,29.83,,,25.71,23.05
1990-08-27,29.64,,,25.76,23.87
1990-08-28,29.51,,,25.57,23.83
1990-08-29,29.51,,,25.48,23.67
1990-08-30,29.42,,,25.5,23.37
1990-08-31,29.28,,,25.53,23.03
1990-09-01,29.57,,,25.6,22.83
1990-09-02,29.33,,,25.6,22.66
1990-09-03,29.32,,,25.26,22.81
1990-09-04,29.26,,,24.84,22.79
1990-09-05,29.37,,,24.7,22.61
1990-09-06,29.4,,,24.96,22.52
1990-09-07,29.48,,,24.99,22.59
1990-09-08,29.29,,,24.93,22.61
1990-09-09,29.32,,,24.8,22.34
1990-09-10,29.74,,,24.77,22.46
1990-09-11,29.8,,,24.8,22.62
1990-09-12,29.75,,,24.87,22.81
1990-09-13,29.53,,,24.88,22.78
1990-09-14,29.57,,,24.91,22.72
1990-09-15,29.88,,,25.0,22.58
1990-09-16,29.82,,,25.02,22.54
1990-09-17,29.85,,,25.27,22.57
1990-09-18,29.91,,,25.21,22.81
1990-09-19,29.86,,,25.14,23.41
1990-09-20,29.94,,,24.91,23.77
1990-09-21,29.98,,,24.77,23.81
1990-09-22,29.99,,,24.73,24.49
1990-09-23,29.89,,,24.67,24.39
1990-09-24,29.92,,,24.82,23.57
1990-09-25,29.9,,,25.22,23.01
1990-09-26,29.81,,,25.45,22.64
1990-09-27,29.77,,,25.51,22.25
1990-09-28,29.98,,,26.16,22.05
1990-09-29,30.07,,,26.31,22.17
1990-09-30,29.81,,,26.05,22.43
1990-10-01,29.82,,,25.93,22.32
1990-10-02,29.96,,,25.81,22.33
1990-10-03,30.01,,,25.71,22.42
1990-10-04,30.1,,,25.67,22.29
1990-10-05,30.21,,,25.69,22.19
1990-10-06,30.27,,,25.78,22.18
1990-10-07,30.07,,,25.67,22.24
1990-10-08,30.19,,,25.64,22.18
1990-10-09,30.12,,,25.7,22.11
1990-10-10,30.01,,,25.6,22.07
1990-10-11,29.88,,,25.64,21.83
1990-10-12,29.78,,,25.6,21.97
1990-10-13,29.64,,,25.52,22.51
1990-10-14,29.82,,,25.42,23.45
1990-10-15,29.77,,,25.39,24.38
1990-10-16,30.22,,,25.39,24.81
1990-10-17,30.22,,,25.44,24.7
1990-10-18,30.16,,,25.61,24.0
1990-10-19,30.11,,,25.58,23.25
1990-10-20,30.05,,,25.73,22.29
1990-10-21,30.02,,,26.01,22.2
1990-10-22,30.17,,,26.07,22.55
1990-10-23,30.23,,,26.0,22.49
1990-10-24,30.34,,,25.99,22.32
1990-10-25,30.54,,,25.82,22.39
1990-10-26,30.48,,,25.9,22.33
1990-10-27,30.59,,,26.1,22.57
1990-10-28,30.49,,,26.3,22.73
1990-10-29,30.42,,,26.28,22.88
1990-10-30,30.48,,,26.03,22.97
1990-10-31,30.46,,,26.2,23.03
1990-11-01,30.48,,,26.34,23.14
1990-11-02,30.56,,,26.45,23.14
1990-11-03,30.56,,,26.54,23.09
1990-11-04,30.51,,,26.59,22.96
1990-11-05,30.54,,,26.47,22.97
1990-11-06,30.61,,,26.46,22.73
1990-11-07,30.24,,,26.34,22.33
1990-11-08,30.49,,,26.11,22.54
1990-11-09,30.53,,,25.94,22.66
1990-11-10,30.42,,,25.9,22.59
1990-11-11,30.41,,,26.04,22.4
1990-11-12,30.32,,,26.02,22.31
1990-11-13,30.28,,,25.85,22.27
1990-11-14,30.28,,,25.66,22.26
1990-11-15,30.25,,,25.47,22.18
1990-11-16,30.23,,,25.4,22.19
1990-11-17,30.06,,,25.23,22.29
1990-11-18,29.98,,,25.02,22.38
1990-11-19,29.92,,,24.94,22.61
1990-11-20,29.9,,,25.29,22.55
1990-11-21,29.85,,,25.32,22.49
1990-11-22,29.78,,,25.04,22.53
1990-11-23,29.76,,,24.58,22.68
1990-11-24,29.77,,,24.73,22.74
1990-11-25,29.67,,,25.06,22.59
1990-11-26,29.67,,,25.13,22.5
1990-11-27,29.66,,,25.18,22.65
1990-11-28,29.62,,,25.29,22.7
1990-11-29,29.79,,,25.18,22.56
1990-11-30,29.8,,,25.15,22.36
1990-12-01,29.92,,,25.37,22.19
1990-12-02,29.87,,,25.47,22.4
1990-12-03,29.83,,,25.67,22.36
1990-12-04,29.76,,,25.78,22.24
1990-12-05,29.81,,,25.64,22.15
1990-12-06,29.93,,,25.6,22.03
1990-12-07,30.0,,,25.77,22.01
1990-12-08,30.05,,,25.82,21.88
1990-12-09,30.01,,,25.89,21.98
1990-12-10,30.05,,,25.91,21.98
1990-12-11,30.04,,,26.04,21.73
1990-12-12,29.87,,,26.15,21.65
1990-12-13,29.79,,,25.95,21.72
1990-12-14,29.64,,,25.86,21.63
1990-12-15,29.61,,,25.9,21.62
1990-12-16,29.61,,,25.87,21.94
1990-12-17,29.58,,,25.93,22.39
1990-12-18,29.56,,,25.95,22.34
1990-12-19,29.53,,,26.01,22.5
1990-12-20,29.55,,,26.01,22.81
1990-12-21,29.5,,,26.0,23.05
1990-12-22,29.48,,,26.0,23.59
1990-12-23,29.55,,,26.03,24.13
1990-12-24,29.81,,,26.1,24.35
1990-12-25,29.75,,,26.12,24.34
1990-12-26,29.75,,,26.15,24.23
1990-12-27,29.67,,,26.18,23.99
1990-12-28,29.59,,,26.13,23.03
1990-12-29,29.52,,,26.08,22.82
1990-12-30,29.6,,,26.02,22.74
1990-12-31,29.44,,,25.98,22.9
1991-01-01,29.42,,,26.04,23.04
1991-01-02,29.67,,,26.05,23.2
1991-01-03,29.65,,,26.1,23.43
1991-01-04,29.62,,,26.15,23.66
1991-01-05,29.53,,,26.14,23.68
1991-01-06,29.76,,,26.05,23.68
1991-01-07,29.68,,,26.04,23.71
1991-01-08,29.6,,,26.03,23.8
1991-01-09,29.7,,,25.94,23.95
1991-01-10,29.68,,,25.98,24.02
1991-01-11,29.48,,,26.06,23.98
1991-01-12,29.38,,,26.01,23.96
1991-01-13,29.35,,,25.99,24.02
1991-01-14,29.5,,,25.99,24.02
1991-01-15,29.49,,,26.06,24.09
1991-01-16,29.59,,,26.05,24.2
1991-01-17,29.58,,,26.14,24.31
1991-01-18,29.25,,,26.17,24.67
1991-01-19,29.51,,,26.18,24.85
1991-01-20,29.38,,,26.19,24.93
1991-01-21,29.38,,,26.18,25.05
1991-01-22,29.58,,,26.11,25.27
1991-01-23,29.46,,,25.96,25.29
1991-01-24,29.43,,,26.04,25.15
1991-01-25,29.59,,,26.13,25.05
1991-01-26,29.45,,,26.18,24.98
1991-01-27,29.77,,,26.24,24.81
1991-01-28,29.47,,,26.36,24.76
1991-01-29,29.45,,,26.37,24.69
1991-01-30,29.63,,,26.38,24.67
1991-01-31,29.67,,,26.36,24.74
1991-02-01,29.66,,,26.27,25.05
1991-02-02,29.66,,,26.18,25.53
1991-02-03,29.72,,,26.14,25.2
1991-02-04,29.68,,,26.07,25.11
1991-02-05,29.74,,,26.05,25.11
1991-02-06,29.98,,,25.87,25.14
1991-02-07,30.07,,,25.67,25.17
1991-02-08,30.08,,,25.91,25.16
1991-02-09,30.16,,,25.82,25.3
1991-02-10,30.17,,,25.85,25.61
1991-02-11,29.92,,,26.06,25.97
1991-02-12,29.87,,,26.23,25.68
1991-02-13,29.87,,,26.19,25.26
1991-02-14,29.78,,,26.28,25.07
1991-02-15,29.98,,,,25.11
1991-02-16,30.11,,,,24.87
1991-02-17,30.29,,,,24.86
1991-02-18,30.25,,,,24.93
1991-02-19,30.33,,,,24.96
1991-02-20,30.19,,,,25.08
1991-02-21,30.02,27.72,,,25.2
1991-02-22,29.85,27.7,,,25.37
1991-02-23,29.83,27.79,,,25.44
1991-02-24,29.99,27.95,,,25.89
1991-02-25,29.97,27.97,,,25.96
1991-02-26,30.0,27.85,,,26.02
1991-02-27,29.95,27.81,,,26.17
1991-02-28,29.82,27.78,,,26.07
1991-03-01,29.75,27.61,,,26.07
1991-03-02,29.77,27.52,,,25.83
1991-03-03,29.97,27.62,,,25.7
1991-03-04,30.06,27.25,,,26.05
1991-03-05,29.89,27.35,,,25.84
1991-03-06,29.92,27.39,,,25.81
1991-03-07,29.71,27.37,,,26.01
1991-03-08,30.08,27.31,,,25.96
1991-03-09,30.14,27.42,,,26.08
1991-03-10,30.28,27.46,,,26.37
1991-03-11,30.25,27.56,,,26.98
1991-03-12,30.05,27.7,,,27.33
1991-03-13,30.1,27.63,,,27.5
1991-03-14,29.91,27.58,,,27.95
1991-03-15,29.99,27.57,,,27.77
1991-03-16,29.82,27.6,,,27.36
1991-03-17,29.83,27.49,,,26.24
1991-03-18,29.74,27.4,,,25.01
1991-03-19,29.68,27.47,,,24.9
1991-03-20,29.67,27.54,,,25.43
1991-03-21,29.75,27.68,,,25.61
1991-03-22,29.74,27.78,,,25.65
1991-03-23,29.66,28.17,,,25.86
1991-03-24,29.67,28.48,,,26.19
1991-03-25,29.88,28.69,,,26.48
1991-03-26,29.96,28.86,,,26.14
1991-03-27,29.85,28.68,,,25.96
1991-03-28,29.87,28.52,,,25.68
1991-03-29,29.89,28.47,,,25.68
1991-03-30,29.83,28.3,,,25.26
1991-03-31,29.99,28.26,,,24.51
1991-04-01,29.91,28.21,,,24.28
1991-04-02,30.06,28.23,,,24.58
1991-04-03,29.85,28.47,,,24.66
1991-04-04,29.86,28.44,,,24.91
1991-04-05,30.21,28.4,,,24.98
1991-04-06,29.94,28.15,,,24.72
1991-04-07,30.06,28.17,,,24.56
1991-04-08,30.1,28.21,,,24.38
1991-04-09,30.18,28.25,,,24.13
1991-04-10,30.25,27.97,,,24.12
1991-04-11,29.93,27.93,,,24.46
1991-04-12,30.2,28.02,,,25.1
1991-04-13,29.93,27.99,,,25.92
1991-04-14,30.07,28.18,,,26.42
1991-04-15,30.05,28.15,,,25.92
1991-04-16,30.14,28.18,,,26.39
1991-04-17,30.28,28.12,,,26.42
1991-04-18,30.44,28.1,,,27.02
1991-04-19,30.3,28.11,,,26.94
1991-04-20,30.39,28.33,,,26.6
1991-04-21,30.38,28.42,,,26.28
1991-04-22,29.98,28.39,,,27.21
1991-04-23,29.86,28.44,,,27.05
1991-04-24,30.12,28.27,,,27.04
1991-04-25,30.01,28.21,,,26.55
1991-04-26,29.87,28.15,,,26.58
1991-04-27,29.86,28.11,,,26.82
1991-04-28,30.0,28.14,,,26.67
1991-04-29,29.92,28.08,,,26.93
1991-04-30,29.88,28.07,,,26.89
1991-05-01,30.02,28.33,,,27.58
1991-05-02,29.98,28.47,,,27.32
1991-05-03,30.07,28.35,,,27.14
1991-05-04,30.06,28.27,,,27.25
1991-05-05,30.08,28.37,,,27.52
1991-05-06,30.24,28.38,,,27.44
1991-05-07,30.33,28.45,,,27.1
1991-05-08,30.13,28.55,,,26.94
1991-05-09,30.22,28.61,,27.36,27.12
1991-05-10,30.13,28.8,,27.52,27.31
1991-05-11,30.02,29.11,,27.62,27.2
1991-05-12,29.82,29.24,,27.61,27.13
1991-05-13,29.9,29.13,,27.53,27.51
1991-05-14,29.94,29.18,,27.56,27.77
1991-05-15,30.07,29.09,,27.58,27.69
1991-05-16,29.92,28.93,,27.65,27.63
1991-05-17,29.78,28.92,,27.69,27.43
1991-05-18,29.77,28.73,,27.63,27.47
1991-05-19,29.86,28.74,,27.62,27.71
1991-05-20,29.92,28.67,,27.66,28.17
1991-05-21,29.96,28.7,,27.74,28.2
1991-05-22,29.82,28.74,,27.77,28.02
1991-05-23,29.86,28.68,,27.7,27.97
1991-05-24,29.84,28.67,,27.62,27.97
1991-05-25,29.98,28.65,,27.64,27.85
1991-05-26,29.84,28.65,,27.68,27.42
1991-05-27,30.03,28.76,,27.79,27.02
1991-05-28,30.1,28.81,,27.83,26.65
1991-05-29,29.94,28.77,,27.85,26.5
1991-05-30,29.91,28.77,,27.7,26.57
1991-05-31,30.0,28.83,,27.65,26.47
1991-06-01,29.95,28.84,,27.53,26.31
1991-06-02,30.11,28.82,,27.34,26.23
1991-06-03,30.01,28.89,,27.34,26.41
1991-06-04,30.0,28.9,,27.29,26.49
1991-06-05,30.04,28.83,,27.37,26.59
1991-06-06,29.98,28.79,,27.63,26.29
1991-06-07,30.33,28.77,,27.75,25.92
1991-06-08,30.22,28.7,,27.64,25.97
1991-06-09,30.35,28.78,,27.53,25.93
1991-06-10,30.21,28.85,,27.45,25.94
1991-06-11,29.96,28.82,,27.44,26.09
1991-06-12,29.83,28.72,,27.57,26.15
1991-06-13,30.01,28.71,,27.69,26.36
1991-06-14,30.41,28.76,,27.77,26.3
1991-06-15,30.19,28.73,,27.75,26.08
1991-06-16,29.88,28.68,,27.8,26.03
1991-06-17,29.79,28.72,,27.92,26.1
1991-06-18,29.85,28.84,,27.95,26.01
1991-06-19,29.64,28.79,,27.94,26.08
1991-06-20,29.67,28.85,,27.89,26.24
1991-06-21,29.63,28.94,,27.98,26.22
1991-06-22,29.78,28.81,,28.28,26.27
1991-06-23,29.69,28.83,,28.22,26.17
1991-06-24,29.78,28.97,,28.17,26.28
1991-06-25,29.87,29.09,,28.25,26.38
1991-06-26,29.65,29.04,,28.1,26.37
1991-06-27,29.68,29.05,,28.07,26.41
1991-06-28,29.59,29.05,,27.88,26.32
1991-06-29,29.5,29.04,,27.68,26.27
1991-06-30,29.9,29.03,,27.57,26.16
1991-07-01,29.72,28.95,,27.56,26.12
1991-07-02,30.18,28.97,,27.69,26.81
1991-07-03,29.84,29.07,,27.58,26.86
1991-07-04,29.73,29.15,,27.56,26.79
1991-07-05,29.76,29.32,,27.55,26.9
1991-07-06,29.71,29.2,,27.53,26.99
1991-07-07,29.8,29.09,,27.44,26.97
1991-07-08,29.9,29.02,,27.49,26.94
1991-07-09,29.91,29.01,,27.47,26.89
1991-07-10,29.82,29.08,,27.43,26.47
1991-07-11,29.86,29.06,,27.43,25.67
1991-07-12,29.74,29.05,,27.41,25.39
1991-07-13,29.9,28.98,,27.37,25.18
1991-07-14,29.78,28.99,,27.21,24.95
1991-07-15,29.67,28.96,,27.09,24.85
1991-07-16,29.7,28.97,,27.09,24.88
1991-07-17,29.89,28.89,,27.01,25.09
1991-07-18,29.71,28.86,,27.01,25.05
1991-07-19,29.98,28.85,,26.99,24.9
1991-07-20,29.59,28.88,,26.79,24.56
1991-07-21,29.95,28.87,28.03,26.72,24.54
1991-07-22,30.12,28.86,27.9,26.74,25.07
1991-07-23,29.97,28.9,27.99,26.55,25.58
1991-07-24,29.98,28.91,28.12,26.47,25.42
1991-07-25,30.19,29.06,28.17,26.57,25.75
1991-07-26,30.14,29.05,28.24,26.61,25.02
1991-07-27,30.36,29.15,28.23,26.61,23.64
1991-07-28,30.09,29.3,28.22,26.7,23.17
1991-07-29,30.02,29.26,28.16,26.61,23.52
1991-07-30,29.85,29.31,28.13,26.57,23.39
1991-07-31,30.41,29.08,28.11,26.47,23.06
1991-08-01,30.21,28.98,28.03,26.48,22.94
1991-08-02,29.91,28.93,27.98,26.4,22.97
1991-08-03,29.96,28.91,27.94,26.35,22.95
1991-08-04,30.1,28.95,27.9,26.37,22.89
1991-08-05,29.79,28.97,27.76,26.4,24.13
1991-08-06,29.96,28.9,27.7,26.44,24.58
1991-08-07,29.96,28.86,27.68,26.52,24.88
1991-08-08,30.25,28.85,27.48,26.83,24.72
1991-08-09,30.21,28.83,27.38,27.02,24.24
1991-08-10,30.18,28.83,27.6,27.05,23.63
1991-08-11,30.18,28.82,28.1,27.03,23.24
1991-08-12,30.17,28.85,28.38,26.93,23.02
1991-08-13,30.14,28.99,28.21,26.72,22.94
1991-08-14,29.81,28.98,28.11,26.55,22.86
1991-08-15,30.0,29.05,28.11,26.55,22.8
1991-08-16,30.21,28.91,28.11,26.6,22.6
1991-08-17,30.05,28.87,28.04,26.61,22.6
1991-08-18,29.9,28.89,27.83,26.59,22.75
1991-08-19,29.92,28.87,27.62,26.49,22.73
1991-08-20,29.98,28.91,27.56,26.3,22.7
1991-08-21,30.0,28.87,27.54,26.05,22.83
1991-08-22,30.11,28.87,27.65,26.05,22.91
1991-08-23,30.08,28.82,27.62,25.93,22.92
1991-08-24,29.79,28.75,27.6,26.1,22.91
1991-08-25,29.76,28.76,27.55,26.15,22.86
1991-08-26,29.86,28.76,27.36,26.13,23.09
1991-08-27,29.72,28.79,27.44,25.96,23.03
1991-08-28,29.92,28.78,27.78,25.82,23.02
1991-08-29,30.04,28.88,27.56,25.67,22.3
1991-08-30,30.25,28.73,27.31,25.63,22.02
1991-08-31,30.17,28.7,27.2,25.65,22.05
1991-09-01,29.77,28.73,27.08,25.7,22.17
1991-09-02,29.68,28.73,27.01,25.81,21.56
1991-09-03,29.72,28.71,26.97,25.83,21.45
1991-09-04,29.61,28.71,26.92,25.76,21.83
1991-09-05,29.64,28.73,26.76,25.4,22.13
1991-09-06,29.58,28.74,26.61,25.53,22.16
1991-09-07,29.49,28.72,26.61,25.54,21.94
1991-09-08,29.57,28.58,26.52,25.47,22.35
1991-09-09,29.39,28.58,26.71,25.45,22.96
1991-09-10,29.4,28.64,26.92,25.41,23.12
1991-09-11,29.73,28.7,27.13,25.3,22.89
1991-09-12,29.53,28.84,27.49,25.29,22.54
1991-09-13,29.53,29.14,27.77,25.85,22.57
1991-09-14,29.6,29.19,27.9,25.27,22.31
1991-09-15,30.04,29.13,27.72,25.05,22.12
1991-09-16,29.84,29.19,27.76,25.15,21.52
1991-09-17,29.58,29.17,27.93,25.47,21.43
1991-09-18,29.48,29.22,28.17,25.49,21.66
1991-09-19,29.5,29.23,28.1,25.52,21.97
1991-09-20,29.44,29.26,27.72,25.57,22.24
1991-09-21,29.28,29.07,27.67,26.4,22.49
1991-09-22,29.28,29.16,27.68,26.88,23.55
1991-09-23,29.24,29.09,27.71,26.9,24.75
1991-09-24,29.21,29.03,27.8,26.94,24.44
1991-09-25,29.2,29.03,27.56,26.65,24.07
1991-09-26,29.15,28.85,27.49,26.47,23.62
1991-09-27,29.2,28.94,27.52,26.4,23.18
1991-09-28,29.37,28.75,27.6,26.41,23.75
1991-09-29,29.04,28.65,27.66,26.41,24.45
1991-09-30,29.37,28.74,27.9,26.48,24.89
1991-10-01,29.35,28.7,27.84,26.59,24.72
1991-10-02,29.34,28.67,27.9,26.85,24.69
1991-10-03,29.52,28.73,27.86,27.14,24.54
1991-10-04,29.75,29.14,27.99,27.66,24.04
1991-10-05,30.13,29.17,27.99,28.09,23.44
1991-10-06,30.26,29.17,28.27,28.07,22.87
1991-10-07,29.73,29.27,28.39,28.04,22.66
1991-10-08,29.67,29.7,28.66,27.9,22.76
1991-10-09,30.08,29.83,28.91,27.8,22.93
1991-10-10,30.11,29.77,28.7,27.69,23.0
1991-10-11,30.24,29.64,28.37,27.59,23.11
1991-10-12,30.06,29.64,28.2,27.42,23.2
1991-10-13,29.97,29.67,28.29,27.16,23.1
1991-10-14,30.09,29.41,28.22,27.0,23.25
1991-10-15,30.07,29.45,28.26,26.89,23.52
1991-10-16,30.08,29.38,28.21,26.91,23.64
1991-10-17,29.86,29.25,28.23,26.97,23.67
1991-10-18,29.93,29.29,28.19,27.06,23.8
1991-10-19,29.69,29.42,28.24,27.1,23.88
1991-10-20,29.79,29.35,28.14,27.08,24.07
1991-10-21,29.76,29.28,28.17,27.2,24.13
1991-10-22,30.1,29.38,28.17,27.24,23.99
1991-10-23,29.96,29.49,28.31,27.24,24.06
1991-10-24,29.81,29.3,28.33,27.24,24.13
1991-10-25,29.6,29.3,28.21,27.26,24.15
1991-10-26,29.79,29.26,28.18,27.27,24.18
1991-10-27,29.76,29.21,28.15,27.26,24.23
1991-10-28,30.3,29.2,28.01,27.24,24.36
1991-10-29,30.3,29.22,28.13,27.19,24.28
1991-10-30,30.14,29.22,28.06,27.19,24.3
1991-10-31,30.09,29.19,27.84,27.3,24.28
1991-11-01,30.02,29.25,28.16,27.5,24.27
1991-11-02,30.14,29.21,28.21,27.34,24.26
1991-11-03,29.94,29.24,28.17,27.25,24.23
1991-11-04,29.88,29.46,28.17,27.25,24.21
1991-11-05,29.81,29.58,28.3,27.35,24.18
1991-11-06,29.77,29.66,28.33,27.51,24.16
1991-11-07,29.78,29.71,28.46,27.34,24.21
1991-11-08,29.77,29.83,28.39,27.29,24.28
1991-11-09,29.91,29.75,28.33,27.23,24.3
1991-11-10,29.8,29.74,28.41,27.22,24.41
1991-11-11,29.82,29.89,28.32,27.28,24.44
1991-11-12,29.65,29.64,28.3,27.5,24.48
1991-11-13,29.66,29.76,28.4,27.31,24.61
1991-11-14,29.59,29.73,28.44,27.23,24.64
1991-11-15,29.6,29.74,28.51,27.19,24.74
1991-11-16,29.5,29.88,28.51,27.08,24.71
1991-11-17,29.44,30.0,28.59,27.14,24.71
1991-11-18,29.37,29.86,28.67,27.2,24.67
1991-11-19,29.3,29.84,28.58,27.15,24.47
1991-11-20,29.23,29.7,28.59,27.06,24.2
1991-11-21,29.17,29.58,28.66,27.07,24.05
1991-11-22,29.06,29.55,28.58,27.09,24.15
1991-11-23,28.96,29.61,28.6,27.19,24.22
1991-11-24,28.93,29.78,28.64,27.27,24.17
1991-11-25,29.06,29.79,28.56,27.16,24.26
1991-11-26,29.09,29.6,28.64,27.03,24.32
1991-11-27,29.14,29.45,28.65,27.05,24.38
1991-11-28,29.28,29.91,28.69,27.09,24.39
1991-11-29,29.23,29.7,28.89,27.16,24.79
1991-11-30,29.09,29.63,28.85,27.19,24.83
1991-12-01,29.45,29.6,28.91,27.15,24.84
1991-12-02,29.29,29.64,29.01,27.16,24.94
1991-12-03,29.24,29.66,29.0,27.15,25.16
1991-12-04,29.34,29.51,28.97,27.16,25.46
1991-12-05,29.39,29.52,29.08,27.18,25.74
1991-12-06,29.4,29.51,28.96,27.3,25.73
1991-12-07,29.37,29.47,29.37,27.39,25.53
1991-12-08,29.31,29.51,29.59,27.47,25.25
1991-12-09,29.41,29.59,29.66,27.56,24.97
1991-12-10,29.2,29.68,29.68,27.61,24.59
1991-12-11,29.47,29.69,29.65,27.63,24.62
1991-12-12,29.43,29.61,29.62,27.69,24.54
1991-12-13,29.37,29.81,29.64,27.81,24.56
1991-12-14,29.4,29.94,29.67,27.93,24.53
1991-12-15,29.42,29.7,29.73,27.99,24.44
1991-12-16,29.29,29.59,29.96,28.05,24.54
1991-12-17,29.28,29.62,29.96,28.06,24.64
1991-12-18,29.55,29.78,29.94,28.04,24.78
1991-12-19,29.28,29.69,29.91,27.97,24.84
1991-12-20,29.38,29.8,29.71,27.93,24.96
1991-12-21,29.52,29.9,29.56,27.89,25.16
1991-12-22,29.74,30.04,29.59,27.94,25.23
1991-12-23,29.92,29.85,29.57,28.02,24.94
1991-12-24,29.48,29.74,29.62,27.96,24.73
1991-12-25,29.4,29.79,29.65,27.97,24.87
1991-12-26,29.48,29.66,29.68,27.97,24.88
1991-12-27,29.52,29.74,29.7,28.03,24.96
1991-12-28,29.64,29.82,29.62,28.06,25.16
1991-12-29,29.54,29.78,29.6,28.03,25.22
1991-12-30,29.3,29.64,29.61,28.06,25.3
1991-12-31,29.24,29.85,29.61,28.08,25.39
1992-01-01,29.15,29.73,29.57,28.13,25.45
1992-01-02,29.09,29.59,29.55,28.11,25.48
1992-01-03,29.09,29.54,29.57,28.09,25.51
1992-01-04,29.01,29.63,29.59,28.09,25.54
1992-01-05,,29.58,29.42,28.05,25.61
1992-01-06,,29.66,29.37,28.03,25.64
1992-01-07,,29.59,29.32,27.94,25.67
1992-01-08,,29.68,29.23,27.88,25.73
1992-01-09,,29.71,29.05,27.87,25.96
1992-01-10,,29.66,29.04,27.78,26.03
1992-01-11,,29.72,28.95,27.73,26.11
1992-01-12,,29.71,29.16,27.87,26.18
1992-01-13,,29.52,29.14,27.97,26.2
1992-01-14,,29.44,29.04,27.68,26.17
1992-01-15,,29.47,28.94,27.61,26.21
1992-01-16,,29.43,28.95,27.44,26.16
1992-01-17,,29.4,28.86,27.43,26.18
1992-01-18,,29.38,28.88,27.49,26.23
1992-01-19,,29.38,28.86,27.98,26.24
1992-01-20,,29.35,28.95,27.92,26.26
1992-01-21,,29.39,28.93,27.82,26.27
1992-01-22,,29.51,28.92,27.76,26.23
1992-01-23,,29.27,28.96,27.7,26.34
1992-01-24,,29.26,29.06,27.76,26.42
1992-01-25,,29.1,29.01,28.05,26.28
1992-01-26,,29.2,28.94,28.04,26.18
1992-01-27,,29.21,28.92,28.14,26.2
1992-01-28,,29.01,29.11,28.0,26.48
1992-01-29,,29.11,29.12,28.07,26.62
1992-01-30,,29.14,29.24,28.26,26.55
1992-01-31,,29.1,29.3,28.3,26.73
1992-02-01,,29.06,29.2,28.21,26.79
1992-02-02,,29.08,29.15,28.27,26.66
1992-02-03,,29.11,29.17,28.29,26.41
1992-02-04,,29.09,29.1,28.31,26.33
1992-02-05,,28.98,29.3,28.43,26.36
1992-02-06,,28.95,29.22,28.39,26.35
1992-02-07,,28.62,29.25,28.33,26.41
1992-02-08,,29.03,29.23,28.34,26.47
1992-02-09,29.27,29.29,29.27,28.48,26.54
1992-02-10,29.15,29.24,29.25,28.47,26.6
1992-02-11,29.01,29.37,29.31,28.46,26.57
1992-02-12,28.99,29.31,29.3,28.44,26.57
1992-02-13,29.05,29.27,29.21,28.42,26.54
1992-02-14,28.97,29.36,29.26,28.45,26.53
1992-02-15,28.95,29.4,29.29,28.5,26.49
1992-02-16,28.9,29.17,29.39,28.51,26.63
1992-02-17,28.84,29.27,29.36,28.67,26.74
1992-02-18,28.93,29.32,29.3,28.69,26.75
1992-02-19,28.94,29.27,29.32,28.58,26.76
1992-02-20,28.83,29.22,29.4,28.61,26.78
1992-02-21,28.84,29.41,29.23,28.57,26.81
1992-02-22,28.8,29.51,29.2,28.46,26.83
1992-02-23,28.66,29.42,29.33,28.28,26.82
1992-02-24,28.65,29.4,29.38,28.4,26.8
1992-02-25,28.76,29.2,29.11,28.69,26.84
1992-02-26,28.83,,29.32,28.44,26.84
1992-02-27,28.79,,29.34,28.37,26.92
1992-02-28,28.82,28.97,29.2,28.37,27.0
1992-02-29,28.81,29.03,29.18,28.33,27.07
1992-03-01,28.78,,28.96,28.29,27.25
1992-03-02,28.83,,28.85,28.16,27.24
1992-03-03,29.02,,28.88,28.13,27.26
1992-03-04,29.1,,29.14,27.96,27.4
1992-03-05,29.14,,29.01,27.93,27.55
1992-03-06,29.08,,29.1,28.27,27.64
1992-03-07,29.16,,29.07,28.5,27.6
1992-03-08,29.22,29.19,29.24,28.67,27.55
1992-03-09,29.02,29.15,29.02,28.13,27.69
1992-03-10,29.02,29.02,29.12,28.04,27.57
1992-03-11,28.93,29.14,29.19,27.86,27.85
1992-03-12,28.93,29.04,28.82,27.83,27.55
1992-03-13,29.22,29.04,28.91,27.76,27.43
1992-03-14,29.02,28.89,29.03,27.46,27.53
1992-03-15,28.91,28.93,28.91,28.31,27.45
1992-03-16,28.95,28.98,28.97,28.31,27.54
1992-03-17,28.74,28.97,29.0,27.99,27.61
1992-03-18,28.89,28.98,28.98,28.12,27.77
1992-03-19,28.87,29.12,28.9,28.45,27.93
1992-03-20,28.8,29.36,28.87,28.57,27.9
1992-03-21,28.82,29.04,28.93,28.69,27.73
1992-03-22,28.86,28.98,28.79,28.64,27.89
1992-03-23,28.97,28.87,28.78,28.43,28.31
1992-03-24,29.15,28.98,29.18,28.61,28.3
1992-03-25,29.09,28.9,29.61,28.52,28.03
1992-03-26,28.93,28.76,29.89,28.67,28.15
1992-03-27,28.94,28.75,29.75,29.0,28.62
1992-03-28,28.95,28.79,29.71,29.18,28.36
1992-03-29,29.37,28.93,29.55,28.66,28.41
1992-03-30,29.62,28.97,29.48,29.29,29.01
1992-03-31,29.53,28.9,29.52,29.32,29.0
1992-04-01,29.62,28.95,29.68,28.72,28.69
1992-04-02,29.44,28.96,29.58,28.77,28.05
1992-04-03,29.36,28.92,29.48,28.88,27.98
1992-04-04,29.32,29.42,29.32,28.98,28.19
1992-04-05,30.0,29.5,29.36,28.83,28.26
1992-04-06,30.29,29.44,29.52,28.82,28.14
1992-04-07,30.24,29.44,29.39,28.5,27.99
1992-04-08,29.99,29.34,29.36,28.39,27.88
1992-04-09,29.73,29.33,29.58,28.49,27.69
1992-04-10,29.62,29.32,29.64,28.65,27.84
1992-04-11,29.49,29.39,29.61,28.87,27.83
1992-04-12,29.47,29.61,29.61,28.39,27.95
1992-04-13,29.42,29.58,29.43,28.69,28.37
1992-04-14,29.84,29.56,29.49,28.64,28.57
1992-04-15,29.53,29.34,29.48,28.76,28.78
1992-04-16,29.63,29.43,29.82,28.69,28.52
1992-04-17,29.41,29.48,29.68,28.73,28.73
1992-04-18,29.44,29.59,29.58,28.74,28.84
1992-04-19,29.46,29.52,29.46,28.73,28.51
1992-04-20,29.47,29.66,29.32,28.67,28.02
1992-04-21,29.43,29.55,29.26,28.61,27.87
1992-04-22,29.4,29.59,29.14,28.46,27.53
1992-04-23,29.29,29.39,28.79,28.43,27.42
1992-04-24,29.28,29.35,29.07,28.5,27.53
1992-04-25,29.47,29.38,28.99,28.64,27.66
1992-04-26,29.76,29.35,29.01,28.78,27.88
1992-04-27,29.45,29.5,29.21,28.52,28.27
1992-04-28,29.4,29.72,29.4,28.45,28.25
1992-04-29,29.36,29.66,29.29,28.61,27.92
1992-04-30,29.19,29.51,29.18,28.62,27.7
1992-05-01,29.4,29.48,29.22,28.5,27.82
1992-05-02,29.33,29.43,29.35,28.25,27.8
1992-05-03,29.29,29.39,29.29,28.31,27.87
1992-05-04,29.22,29.4,29.24,28.33,28.28
1992-05-05,29.07,29.5,29.21,28.47,28.31
1992-05-06,29.09,29.54,29.16,28.63,28.35
1992-05-07,29.01,29.45,29.3,28.63,28.58
1992-05-08,29.56,29.39,29.22,28.48,28.66
1992-05-09,29.62,29.22,29.13,28.36,29.04
1992-05-10,29.53,29.15,29.09,28.3,29.17
1992-05-11,29.07,29.45,29.21,28.11,28.94
1992-05-12,29.0,29.42,29.23,28.04,28.43
1992-05-13,28.9,29.33,29.32,27.98,28.03
1992-05-14,29.05,29.56,29.33,27.87,27.36
1992-05-15,29.16,29.4,29.17,27.78,26.9
1992-05-16,29.15,29.62,29.23,27.86,26.75
1992-05-17,29.08,29.43,29.15,27.72,26.86
1992-05-18,29.03,29.68,29.24,27.83,26.9
1992-05-19,28.91,29.87,29.36,27.98,27.11
1992-05-20,29.0,30.18,29.42,28.09,27.26
1992-05-21,28.96,29.66,29.54,27.92,27.26
1992-05-22,29.01,29.63,29.31,27.85,27.33
1992-05-23,29.35,29.65,29.38,27.79,27.1
1992-05-24,29.47,29.37,29.56,27.77,26.93
1992-05-25,29.46,29.58,29.43,27.78,26.96
1992-05-26,29.34,29.74,29.49,27.72,27.09
1992-05-27,29.22,29.65,29.16,27.67,27.09
1992-05-28,29.24,29.8,29.45,27.69,27.41
1992-05-29,29.33,29.95,29.42,27.57,27.49
1992-05-30,29.32,29.97,29.32,27.49,27.41
1992-05-31,29.31,29.86,29.29,27.31,27.07
1992-06-01,29.12,29.9,29.07,27.17,27.39
1992-06-02,29.16,29.94,28.64,27.17,26.52
1992-06-03,29.34,30.0,28.49,27.21,25.45
1992-06-04,29.3,29.76,28.47,27.1,25.1
1992-06-05,29.4,29.86,28.53,26.81,24.72
1992-06-06,29.43,29.93,28.76,26.89,24.16
1992-06-07,29.46,29.82,28.71,27.0,23.72
1992-06-08,29.43,29.58,28.61,26.71,23.36
1992-06-09,29.47,29.42,28.5,26.68,23.4
1992-06-10,29.48,29.28,28.37,26.52,23.59
1992-06-11,29.56,29.19,28.1,26.43,23.77
1992-06-12,29.62,29.44,27.88,26.26,24.19
1992-06-13,29.68,29.33,27.67,25.88,24.39
1992-06-14,29.97,29.12,27.77,25.77,23.73
1992-06-15,29.72,28.99,27.74,25.84,23.32
1992-06-16,29.58,28.88,27.68,25.84,23.14
1992-06-17,29.5,28.85,27.47,25.74,23.54
1992-06-18,29.39,28.66,27.37,25.73,23.25
1992-06-19,29.57,28.55,27.27,25.64,23.2
1992-06-20,29.68,28.46,27.1,25.57,23.25
1992-06-21,29.48,28.54,27.01,25.44,23.66
1992-06-22,29.49,28.9,27.3,25.43,23.52
1992-06-23,29.68,28.95,27.39,25.34,23.72
1992-06-24,29.71,28.67,27.19,25.78,23.79
1992-06-25,29.6,28.36,26.79,25.73,23.4
1992-06-26,29.48,28.3,26.45,25.61,23.46
1992-06-27,29.55,28.37,26.54,25.5,22.76
1992-06-28,29.57,28.41,27.0,25.57,22.73
1992-06-29,29.57,28.51,27.01,25.54,23.07
1992-06-30,29.56,28.48,26.97,25.53,23.2
1992-07-01,29.8,28.61,26.97,25.59,23.06
1992-07-02,29.6,28.72,26.78,25.55,22.89
1992-07-03,29.83,28.94,26.84,25.82,22.91
1992-07-04,29.72,28.99,27.13,25.88,22.77
1992-07-05,29.86,29.03,27.56,26.13,22.78
1992-07-06,29.83,28.93,27.42,26.1,22.86
1992-07-07,29.93,29.01,27.42,26.11,24.24
1992-07-08,29.93,29.08,27.57,26.14,24.24
1992-07-09,29.78,29.26,27.92,26.17,24.38
1992-07-10,29.56,29.13,27.94,26.14,24.48
1992-07-11,29.89,29.37,28.08,26.17,23.95
1992-07-12,29.93,29.66,27.63,26.03,23.76
1992-07-13,29.94,29.31,27.46,25.84,23.08
1992-07-14,29.85,29.0,27.41,25.75,22.9
1992-07-15,29.75,28.99,27.38,25.64,22.9
1992-07-16,29.73,29.07,27.41,25.54,22.81
1992-07-17,29.75,28.88,27.2,25.53,22.43
1992-07-18,29.88,29.24,27.12,25.37,22.25
1992-07-19,29.64,28.9,27.18,25.34,22.28
1992-07-20,29.6,28.84,27.35,25.29,22.3
1992-07-21,29.39,28.74,27.2,25.03,22.24
1992-07-22,29.68,28.76,27.32,24.96,21.97
1992-07-23,29.72,28.89,27.34,24.78,22.22
1992-07-24,29.6,28.78,27.19,24.79,22.33
1992-07-25,29.63,28.59,27.09,25.06,22.61
1992-07-26,29.51,28.44,27.09,25.12,22.48
1992-07-27,29.81,28.35,27.13,25.34,21.96
1992-07-28,29.69,28.37,27.11,25.16,22.3
1992-07-29,29.73,28.46,27.0,24.94,22.59
1992-07-30,29.93,28.55,26.73,24.6,22.16
1992-07-31,29.93,28.72,26.56,24.23,21.71
1992-08-01,30.04,28.38,26.54,23.82,21.3
1992-08-02,,28.42,26.16,23.97,21.25
1992-08-03,,28.47,26.03,24.14,21.32
1992-08-04,,28.41,26.0,24.43,21.73
1992-08-05,,28.46,26.08,25.22,22.0
1992-08-06,,28.49,25.86,25.69,22.0
1992-08-07,,28.61,25.61,25.47,21.96
1992-08-08,,28.61,25.63,24.82,22.19
1992-08-09,,28.38,25.77,24.77,22.45
1992-08-10,,28.36,25.66,24.79,22.52
1992-08-11,,28.36,25.6,24.72,22.35
1992-08-12,,28.28,25.76,25.07,22.3
1992-08-13,,28.23,,24.97,22.95
1992-08-14,,28.15,,25.13,22.89
1992-08-15,,28.07,26.0,24.6,22.8
1992-08-16,,28.12,25.63,24.49,23.33
1992-08-17,,28.26,25.56,24.37,23.74
1992-08-18,,28.03,25.67,24.42,22.68
1992-08-19,,27.93,25.73,24.48,22.03
1992-08-20,,28.05,25.8,24.19,21.77
1992-08-21,,28.23,25.95,23.81,21.62
1992-08-22,,28.31,25.93,23.96,21.63
1992-08-23,,28.46,25.92,23.94,21.39
1992-08-24,,28.45,26.08,24.15,21.67
1992-08-25,29.87,28.41,26.02,24.48,22.02
1992-08-26,30.07,28.32,25.86,24.71,22.56
1992-08-27,30.44,28.18,25.73,25.17,21.52
1992-08-28,29.79,27.97,25.81,25.26,21.1
1992-08-29,30.21,27.76,25.82,25.05,20.86
1992-08-30,29.99,27.51,25.9,25.09,20.54
1992-08-31,29.89,27.4,26.06,25.14,20.47
1992-09-01,30.47,27.45,26.13,25.3,20.36
1992-09-02,30.23,27.43,25.96,24.81,20.36
1992-09-03,30.0,27.79,,24.99,20.42
1992-09-04,30.17,27.69,25.84,25.14,20.46
1992-09-05,30.46,27.61,26.07,25.06,20.5
1992-09-06,30.49,27.71,26.45,25.74,20.69
1992-09-07,30.43,28.14,26.23,26.17,21.0
1992-09-08,30.26,28.14,26.26,26.5,21.15
1992-09-09,30.41,28.67,26.43,26.97,22.28
1992-09-10,30.26,29.02,25.84,26.87,22.89
1992-09-11,30.17,28.76,25.71,26.8,22.16
1992-09-12,30.07,28.73,25.84,26.14,21.84
1992-09-13,29.99,28.58,26.05,25.96,21.76
1992-09-14,30.11,28.55,26.4,25.94,21.67
1992-09-15,30.04,28.9,26.67,25.58,21.62
1992-09-16,30.04,29.07,26.6,25.64,21.49
1992-09-17,29.87,29.11,26.59,25.91,21.37
1992-09-18,30.42,28.78,26.65,26.1,21.44
1992-09-19,29.92,28.43,26.66,26.24,21.55
1992-09-20,29.84,28.06,26.47,26.23,21.64
1992-09-21,29.77,27.97,26.43,26.18,21.67
1992-09-22,29.95,28.23,26.37,26.12,21.9
1992-09-23,30.31,28.52,26.43,25.74,22.19
1992-09-24,30.33,28.34,26.59,25.5,22.42
1992-09-25,30.12,28.21,26.44,25.41,22.23
1992-09-26,30.07,28.36,26.49,25.41,21.91
1992-09-27,30.25,28.42,26.44,25.34,21.6
1992-09-28,30.37,28.32,26.36,25.38,21.46
1992-09-29,30.82,28.19,26.33,25.27,22.22
1992-09-30,30.43,27.88,26.29,25.31,22.14
1992-10-01,30.44,27.71,26.13,25.41,22.65
1992-10-02,30.59,27.59,26.02,25.46,23.04
1992-10-03,30.33,27.7,25.99,25.36,23.95
1992-10-04,30.38,28.01,25.87,25.32,24.37
1992-10-05,30.76,27.99,25.72,25.23,24.2
1992-10-06,30.55,28.15,25.62,25.06,23.08
1992-10-07,30.3,28.25,25.7,24.87,22.48
1992-10-08,30.26,28.5,25.74,24.87,21.3
1992-10-09,30.34,28.5,25.74,24.78,21.06
1992-10-10,30.19,28.39,25.74,24.74,21.09
1992-10-11,30.25,28.43,25.72,24.69,21.35
1992-10-12,30.26,28.31,25.68,24.63,21.4
1992-10-13,30.25,27.95,25.73,24.67,21.9
1992-10-14,30.21,27.8,25.93,25.12,21.94
1992-10-15,30.17,27.53,26.3,25.44,22.0
1992-10-16,29.92,27.32,26.81,25.47,22.16
1992-10-17,30.18,27.39,27.0,25.33,22.15
1992-10-18,30.26,27.35,27.14,25.28,22.3
1992-10-19,30.45,27.45,27.1,25.26,22.2
1992-10-20,30.57,27.15,26.53,25.25,22.35
1992-10-21,30.76,27.11,26.47,25.27,22.7
1992-10-22,30.36,27.44,26.51,25.24,22.82
1992-10-23,30.26,27.66,26.52,25.19,22.61
1992-10-24,30.16,27.77,26.57,25.13,22.82
1992-10-25,30.11,27.73,26.52,25.12,23.3
1992-10-26,29.85,28.11,26.4,25.25,23.91
1992-10-27,29.85,28.26,26.28,25.33,24.84
1992-10-28,29.72,28.13,26.24,25.27,24.63
1992-10-29,29.78,27.94,26.28,25.34,23.21
1992-10-30,29.38,27.75,26.12,25.22,23.32
1992-10-31,29.59,27.71,25.95,24.99,23.49
1992-11-01,29.63,27.7,25.91,24.55,22.62
1992-11-02,29.65,27.54,25.73,24.4,21.78
1992-11-03,29.56,27.36,25.91,24.69,22.04
1992-11-04,29.6,27.42,26.5,24.95,21.91
1992-11-05,29.86,27.59,27.37,24.43,22.5
1992-11-06,29.62,27.38,27.64,23.96,22.48
1992-11-07,29.61,27.45,27.43,23.73,22.39
1992-11-08,29.53,27.69,27.39,24.08,22.42
1992-11-09,,27.61,28.1,25.57,22.27
1992-11-10,29.51,27.55,28.13,25.36,21.95
1992-11-11,29.44,27.82,28.07,25.05,21.88
1992-11-12,29.54,28.47,27.41,25.02,21.94
1992-11-13,29.67,28.15,27.2,25.17,22.29
1992-11-14,29.68,28.39,27.04,25.18,22.89
1992-11-15,29.58,28.31,26.85,25.4,23.17
1992-11-16,29.42,28.21,26.7,25.37,23.15
1992-11-17,29.49,28.05,26.79,25.07,22.55
1992-11-18,29.66,28.06,26.69,24.87,21.8
1992-11-19,30.13,27.85,26.76,24.87,21.12
1992-11-20,,27.33,26.87,25.07,21.52
1992-11-21,,27.34,27.39,25.42,21.88
1992-11-22,,27.3,27.28,25.6,21.95
1992-11-23,,27.35,27.0,25.81,21.93
1992-11-24,,27.53,26.88,25.78,21.8
1992-11-25,,27.58,27.12,25.65,21.71
1992-11-26,,27.5,27.14,25.72,21.72
1992-11-27,,27.6,27.39,25.59,22.07
1992-11-28,,27.64,27.24,25.44,22.05
1992-11-29,,27.65,27.09,25.56,21.8
1992-11-30,,27.67,27.14,25.57,21.69
1992-12-01,,27.9,27.44,25.34,21.84
1992-12-02,,28.19,27.45,25.33,21.81
1992-12-03,,28.3,27.61,25.29,21.91
1992-12-04,,28.21,27.42,25.31,21.89
1992-12-05,,28.69,27.19,25.36,21.92
1992-12-06,,28.26,26.94,25.45,21.91
1992-12-07,,28.16,26.84,25.53,22.19
1992-12-08,,27.98,26.9,25.55,22.71
1992-12-09,,27.85,26.96,25.59,23.09
1992-12-10,,27.95,27.16,25.65,23.05
1992-12-11,,28.25,27.35,25.71,23.24
1992-12-12,,28.36,27.38,25.75,23.56
1992-12-13,29.34,28.64,27.49,25.7,23.7
1992-12-14,29.87,28.23,27.28,25.53,23.29
1992-12-15,29.73,28.13,27.03,25.59,23.36
1992-12-16,29.53,28.16,26.98,25.68,23.48
1992-12-17,29.93,28.08,26.96,25.7,23.22
1992-12-18,29.87,28.21,26.9,25.66,22.93
1992-12-19,30.01,28.15,26.84,25.61,22.76
1992-12-20,29.78,28.22,26.8,25.61,22.92
1992-12-21,29.65,28.22,26.71,25.52,22.92
1992-12-22,29.55,28.2,26.56,25.47,23.1
1992-12-23,29.46,28.25,26.43,25.24,23.15
1992-12-24,29.4,28.26,26.34,25.32,23.21
1992-12-25,29.26,28.35,26.27,25.7,23.38
1992-12-26,29.25,28.27,26.32,25.7,23.53
1992-12-27,29.18,28.2,26.34,25.74,23.61
1992-12-28,29.21,28.23,26.23,25.69,23.64
1992-12-29,29.21,28.17,26.16,25.59,23.71
1992-12-30,29.22,28.12,26.13,25.67,23.77
1992-12-31,29.15,28.25,26.25,25.73,23.84
1993-01-01,29.18,28.48,26.52,25.78,23.82
1993-01-02,29.06,28.96,26.74,25.87,23.66
1993-01-03,29.1,28.87,26.83,26.0,23.49
1993-01-04,29.12,28.87,26.93,26.11,23.36
1993-01-05,29.31,28.95,26.9,26.27,23.45
1993-01-06,29.37,28.95,27.02,26.23,23.61
1993-01-07,29.34,28.96,26.93,26.16,23.76
1993-01-08,29.21,29.28,26.77,26.13,23.87
1993-01-09,29.2,29.07,26.64,25.58,23.91
1993-01-10,29.12,28.95,26.66,25.38,23.78
1993-01-11,29.42,28.95,26.75,25.84,23.83
1993-01-12,29.23,28.91,26.92,26.0,24.05
1993-01-13,29.55,29.08,26.82,25.98,24.29
1993-01-14,29.48,29.18,26.67,26.02,24.53
1993-01-15,29.37,29.22,26.73,25.96,24.54
1993-01-16,29.35,29.19,26.86,25.89,24.64
1993-01-17,29.26,29.01,27.07,25.81,24.98
1993-01-18,29.25,28.77,27.1,25.71,24.89
1993-01-19,29.15,28.66,27.04,25.59,24.93
1993-01-20,29.19,28.51,26.97,25.46,24.92
1993-01-21,29.17,28.44,26.9,25.33,25.09
1993-01-22,29.27,28.4,26.83,25.21,25.5
1993-01-23,29.33,28.49,26.92,25.14,25.41
1993-01-24,29.3,28.61,27.03,25.23,25.06
1993-01-25,29.36,28.59,26.87,25.16,24.8
1993-01-26,29.3,28.54,26.55,25.12,24.75
1993-01-27,29.23,28.49,26.41,25.06,24.63
1993-01-28,29.31,28.64,26.59,24.99,24.67
1993-01-29,29.35,28.38,26.78,24.87,24.75
1993-01-30,29.15,28.7,26.84,24.87,24.7
1993-01-31,29.05,28.84,26.77,25.12,24.67
1993-02-01,28.97,28.56,26.69,25.33,24.87
1993-02-02,29.05,28.33,26.74,25.49,24.96
1993-02-03,29.28,28.36,26.79,25.6,25.02
1993-02-04,29.34,28.41,26.78,26.18,24.98
1993-02-05,29.5,28.59,26.89,26.08,25.04
1993-02-06,29.53,28.51,27.01,26.08,25.3
1993-02-07,29.47,28.25,26.95,26.34,25.48
1993-02-08,29.81,28.33,26.76,26.66,25.69
1993-02-09,29.39,28.28,26.74,26.62,25.65
1993-02-10,29.24,28.06,26.68,26.68,25.36
1993-02-11,29.17,27.85,26.43,26.71,25.47
1993-02-12,29.2,27.66,26.39,26.58,25.46
1993-02-13,29.34,27.65,26.48,26.31,25.52
1993-02-14,29.17,27.75,26.45,26.01,25.62
1993-02-15,29.32,27.79,26.61,26.05,25.75
1993-02-16,29.34,27.63,26.77,26.25,26.03
1993-02-17,29.22,27.71,26.77,26.33,26.32
1993-02-18,29.24,27.64,26.8,26.45,25.62
1993-02-19,29.24,27.6,26.54,26.46,25.46
1993-02-20,29.09,27.55,26.48,26.69,25.54
1993-02-21,29.25,27.56,26.49,26.78,25.44
1993-02-22,29.24,27.6,26.46,26.7,25.32
1993-02-23,29.21,27.63,26.39,26.49,25.25
1993-02-24,29.22,27.93,26.44,26.4,25.02
1993-02-25,29.39,27.92,26.45,26.49,25.17
1993-02-26,29.28,27.82,26.6,26.7,25.25
1993-02-27,29.15,27.74,26.79,26.64,25.55
1993-02-28,29.13,27.78,26.55,26.59,25.87
1993-03-01,29.09,27.76,26.66,26.41,26.31
1993-03-02,29.37,27.58,,26.25,26.53
1993-03-03,29.98,27.47,26.63,26.07,26.48
1993-03-04,29.42,27.42,26.77,25.86,26.18
1993-03-05,29.22,27.52,26.75,26.02,26.4
1993-03-06,28.85,27.64,26.67,26.22,26.97
1993-03-07,28.94,27.61,26.55,26.32,27.12
1993-03-08,28.92,27.57,26.57,26.32,27.09
1993-03-09,28.88,27.48,26.49,26.35,26.69
1993-03-10,28.89,27.57,26.59,26.09,26.45
1993-03-11,28.86,27.63,26.74,26.24,26.23
1993-03-12,28.96,27.53,26.99,26.27,26.25
1993-03-13,29.03,27.52,27.0,26.42,26.26
1993-03-14,29.03,27.82,27.34,26.61,26.47
1993-03-15,,27.81,27.7,26.71,26.46
1993-03-16,,27.62,27.43,26.83,26.14
1993-03-17,,27.58,27.14,27.15,26.3
1993-03-18,,27.57,27.23,27.12,26.73
1993-03-19,,27.69,27.49,27.2,27.06
1993-03-20,,27.78,27.69,27.69,26.87
1993-03-21,,27.89,27.72,27.1,26.9
1993-03-22,,28.14,27.75,26.69,27.1
1993-03-23,,28.48,28.05,26.82,27.65
1993-03-24,28.99,28.38,27.93,26.62,27.95
1993-03-25,29.15,28.7,27.92,26.78,27.56
1993-03-26,29.1,28.92,27.81,26.88,27.95
1993-03-27,29.44,28.69,27.65,26.69,27.57
1993-03-28,28.85,28.26,27.41,26.66,27.89
1993-03-29,29.31,28.06,27.4,26.87,28.22
1993-03-30,29.19,28.07,27.49,27.03,28.26
1993-03-31,29.05,,27.36,27.26,28.15
1993-04-01,29.2,,27.11,27.29,28.55
1993-04-02,29.27,,27.24,27.54,28.8
1993-04-03,29.38,27.92,27.45,27.69,28.5
1993-04-04,29.52,27.96,27.62,27.71,28.62
1993-04-05,29.36,28.17,27.33,28.02,28.26
1993-04-06,29.21,28.18,27.48,27.76,28.26
1993-04-07,29.16,28.24,27.65,27.6,28.25
1993-04-08,28.91,28.16,27.86,27.71,28.06
1993-04-09,29.23,28.15,27.79,28.03,27.86
1993-04-10,29.27,28.56,28.09,27.89,27.37
1993-04-11,29.17,28.69,28.43,28.15,27.24
1993-04-12,29.24,28.96,28.79,28.55,27.4
1993-04-13,29.0,28.92,29.05,28.74,27.49
1993-04-14,28.99,28.83,28.88,28.85,27.81
1993-04-15,29.06,28.96,28.69,28.37,27.9
1993-04-16,29.05,28.74,28.46,28.19,28.06
1993-04-17,29.13,28.9,28.39,27.89,28.18
1993-04-18,29.03,28.99,27.94,27.83,27.56
1993-04-19,29.09,28.87,28.15,27.91,27.4
1993-04-20,29.1,28.62,28.32,27.96,27.4
1993-04-21,29.19,28.54,28.11,28.05,27.27
1993-04-22,29.06,28.55,28.08,28.33,27.36
1993-04-23,29.4,28.36,28.1,28.32,27.44
1993-04-24,29.26,28.14,28.14,28.32,27.43
1993-04-25,29.21,28.04,28.39,28.21,27.4
1993-04-26,29.16,28.16,28.3,28.06,27.38
1993-04-27,29.25,28.23,28.26,28.09,27.49
1993-04-28,29.45,28.27,28.28,28.3,27.15
1993-04-29,29.23,28.08,28.42,28.4,27.09
1993-04-30,29.22,28.07,28.7,28.43,27.29
1993-05-01,29.11,28.07,28.71,28.82,27.42
1993-05-02,28.97,28.07,28.72,28.52,27.18
1993-05-03,29.16,28.17,28.77,28.4,27.28
1993-05-04,29.18,28.21,28.98,27.95,27.22
1993-05-05,29.28,28.41,29.18,28.08,27.13
1993-05-06,29.18,28.8,28.97,28.68,26.83
1993-05-07,29.12,28.66,28.92,28.31,26.75
1993-05-08,29.26,28.66,29.11,28.37,26.94
1993-05-09,29.2,28.66,29.2,28.36,27.02
1993-05-10,29.12,28.67,28.96,28.48,26.91
1993-05-11,28.92,28.86,29.06,28.33,26.78
1993-05-12,29.24,29.18,29.07,28.07,26.74
1993-05-13,29.33,29.1,29.08,27.84,26.82
1993-05-14,29.0,28.99,28.91,27.9,26.68
1993-05-15,29.14,29.0,29.24,27.91,26.82
1993-05-16,29.34,29.08,29.03,27.86,27.08
1993-05-17,29.69,29.26,28.93,27.79,27.33
1993-05-18,29.22,29.23,28.8,27.68,27.13
1993-05-19,29.21,28.99,28.52,27.76,26.99
1993-05-20,29.28,29.23,28.4,27.82,26.88
1993-05-21,29.18,29.16,28.45,27.88,26.79
1993-05-22,29.13,29.06,28.49,28.08,26.71
1993-05-23,29.06,29.16,28.5,28.21,26.58
1993-05-24,29.34,28.98,28.72,28.06,26.25
1993-05-25,29.21,29.05,28.94,28.06,26.39
1993-05-26,29.26,29.2,28.55,28.01,26.51
1993-05-27,29.28,28.94,28.48,28.05,26.59
1993-05-28,29.41,28.79,28.51,28.08,26.61
1993-05-29,29.4,28.92,28.42,27.89,26.57
1993-05-30,29.28,29.04,28.42,27.76,26.47
1993-05-31,29.39,28.98,28.46,27.76,26.48
1993-06-01,29.33,29.1,28.47,27.8,26.55
1993-06-02,29.42,29.1,28.5,27.99,26.56
1993-06-03,29.63,29.02,28.42,27.93,26.41
1993-06-04,29.59,28.93,28.4,27.78,26.07
1993-06-05,29.58,28.8,28.43,27.69,26.18
1993-06-06,29.4,28.69,28.36,27.64,26.29
1993-06-07,29.27,28.6,28.24,27.57,26.22
1993-06-08,29.28,28.52,28.22,27.51,26.05
1993-06-09,29.47,28.5,28.36,27.47,25.92
1993-06-10,29.27,28.68,28.42,27.44,25.85
1993-06-11,29.14,28.8,28.41,27.35,25.66
1993-06-12,29.27,28.84,28.43,27.16,25.55
1993-06-13,29.22,28.83,28.43,27.1,25.37
1993-06-14,29.27,28.81,28.58,27.06,25.31
1993-06-15,29.14,28.82,28.54,27.12,25.07
1993-06-16,29.35,28.88,28.54,27.06,25.26
1993-06-17,28.89,28.87,28.49,27.14,25.28
1993-06-18,28.99,28.96,28.44,27.37,25.24
1993-06-19,28.91,29.15,28.57,27.37,25.28
1993-06-20,29.18,29.2,28.85,27.28,24.99
1993-06-21,29.37,29.28,28.67,27.57,24.94
1993-06-22,29.42,29.42,28.63,27.57,24.83
1993-06-23,28.79,29.25,28.63,27.78,24.85
1993-06-24,29.0,29.2,28.69,27.98,24.67
1993-06-25,29.13,29.09,28.6,27.96,24.29
1993-06-26,29.16,29.14,28.65,27.69,24.06
1993-06-27,29.5,29.18,28.68,27.55,24.51
1993-06-28,29.17,29.25,28.68,27.36,25.82
1993-06-29,29.39,29.09,28.63,27.37,26.13
1993-06-30,29.16,28.99,28.57,27.38,25.62
1993-07-01,29.38,28.91,28.57,27.33,25.41
1993-07-02,29.33,29.2,28.51,27.39,25.29
1993-07-03,29.6,29.34,28.61,27.46,24.92
1993-07-04,29.59,29.33,28.54,27.41,24.49
1993-07-05,29.44,29.33,28.43,27.23,24.31
1993-07-06,29.13,29.37,28.35,27.01,24.21
1993-07-07,28.82,29.25,28.36,26.63,24.08
1993-07-08,29.01,29.18,28.35,26.34,23.93
1993-07-09,28.98,29.17,28.33,26.06,23.84
1993-07-10,28.69,29.32,28.35,25.57,23.73
1993-07-11,29.04,29.27,28.35,25.43,24.1
1993-07-12,29.1,29.17,28.28,25.42,24.57
1993-07-13,29.21,29.21,28.24,25.09,24.59
1993-07-14,29.55,29.12,28.32,25.3,24.17
1993-07-15,29.41,28.97,28.33,25.5,23.77
1993-07-16,29.18,28.96,28.27,25.58,23.55
1993-07-17,29.8,28.91,28.2,25.55,23.33
1993-07-18,29.63,28.9,28.04,25.27,23.32
1993-07-19,29.68,29.0,28.02,25.04,23.4
1993-07-20,29.59,29.04,28.05,25.14,23.06
1993-07-21,29.43,28.98,28.07,25.35,23.02
1993-07-22,29.46,28.87,28.08,25.31,22.81
1993-07-23,29.41,28.82,28.02,25.37,22.69
1993-07-24,29.58,28.82,27.92,25.2,22.7
1993-07-25,29.67,28.8,27.8,25.01,22.56
1993-07-26,29.41,28.84,27.66,25.09,22.38
1993-07-27,29.27,29.0,27.52,25.27,22.61
1993-07-28,29.28,28.95,27.47,25.29,22.61
1993-07-29,29.25,28.82,27.48,25.18,23.17
1993-07-30,29.37,28.79,27.47,25.17,22.94
1993-07-31,29.52,28.81,27.41,25.07,22.75
1993-08-01,29.6,28.83,27.19,24.8,22.41
1993-08-02,29.25,28.82,27.0,24.49,22.27
1993-08-03,29.53,28.84,26.88,24.7,22.36
1993-08-04,29.75,28.82,26.9,24.61,22.3
1993-08-05,29.72,28.93,26.85,24.24,21.91
1993-08-06,29.5,28.98,26.72,24.09,21.99
1993-08-07,29.34,28.8,26.69,24.37,21.72
1993-08-08,29.17,28.77,26.49,24.41,21.81
1993-08-09,29.09,28.98,26.37,24.52,21.82
1993-08-10,29.23,28.92,26.99,24.92,21.89
1993-08-11,29.13,28.95,27.47,24.91,21.72
1993-08-12,29.06,29.03,27.6,25.03,21.88
1993-08-13,29.09,29.23,27.82,25.1,21.87
1993-08-14,29.14,29.2,28.24,25.08,21.63
1993-08-15,29.0,29.2,28.14,25.09,22.12
1993-08-16,28.74,29.26,27.7,25.12,22.17
1993-08-17,28.57,28.91,27.49,24.97,22.01
1993-08-18,28.31,28.92,27.6,25.03,21.84
1993-08-19,28.69,28.89,27.68,25.45,21.75
1993-08-20,28.86,28.88,27.54,25.51,22.8
1993-08-21,28.63,28.93,27.59,25.57,24.52
1993-08-22,29.0,29.15,27.73,25.87,24.64
1993-08-23,29.26,29.25,27.92,26.09,25.12
1993-08-24,29.3,29.16,27.65,25.97,25.46
1993-08-25,29.14,29.2,27.72,26.15,25.84
1993-08-26,28.78,29.35,27.95,26.38,25.63
1993-08-27,28.72,29.21,27.79,26.13,24.01
1993-08-28,28.88,29.06,27.56,25.87,22.52
1993-08-29,28.87,29.05,27.61,25.84,21.86
1993-08-30,29.32,29.09,27.47,25.13,21.75
1993-08-31,28.85,29.23,27.41,24.31,22.12
1993-09-01,29.09,29.26,27.44,24.61,22.52
1993-09-02,29.19,29.28,27.44,24.8,22.77
1993-09-03,29.22,29.25,27.48,25.41,23.08
1993-09-04,29.32,29.15,27.43,25.33,23.21
1993-09-05,29.33,29.0,27.22,25.21,23.14
1993-09-06,29.3,29.2,27.18,25.23,22.82
1993-09-07,29.68,29.13,27.19,25.27,22.78
1993-09-08,29.71,29.24,27.34,25.29,22.35
1993-09-09,29.26,29.24,27.24,25.33,22.16
1993-09-10,29.16,29.22,27.52,25.36,21.98
1993-09-11,29.33,29.34,27.73,25.56,21.81
1993-09-12,29.29,29.5,27.98,25.71,21.7
1993-09-13,29.38,29.16,27.69,25.79,21.89
1993-09-14,29.41,29.18,27.85,25.83,21.98
1993-09-15,29.84,29.18,27.98,25.73,21.97
1993-09-16,29.93,29.14,27.96,25.72,22.06
1993-09-17,29.77,29.11,27.7,25.75,22.07
1993-09-18,29.94,29.1,27.28,25.54,22.31
1993-09-19,30.21,29.01,27.12,25.57,22.15
1993-09-20,30.05,28.96,27.16,25.63,22.2
1993-09-21,30.02,28.94,27.33,25.66,22.29
1993-09-22,29.89,29.0,27.44,26.03,22.54
1993-09-23,29.74,28.92,27.41,26.01,22.21
1993-09-24,30.11,28.88,27.44,25.95,22.31
1993-09-25,30.2,28.78,27.67,26.16,22.77
1993-09-26,29.89,28.61,27.83,26.02,22.57
1993-09-27,29.83,28.42,27.76,26.11,22.73
1993-09-28,29.93,28.33,27.64,26.6,22.72
1993-09-29,29.82,28.18,27.65,26.67,22.93
1993-09-30,29.95,28.25,27.63,26.63,23.33
1993-10-01,29.75,28.12,27.5,26.62,23.3
1993-10-02,29.9,28.12,27.13,26.27,23.19
1993-10-03,29.99,28.27,26.85,26.23,23.21
1993-10-04,29.59,28.2,26.72,26.25,23.25
1993-10-05,29.49,28.11,26.8,26.26,23.41
1993-10-06,29.79,28.17,26.92,26.31,23.5
1993-10-07,29.56,28.52,26.85,26.3,23.57
1993-10-08,29.93,28.3,26.8,26.32,23.76
1993-10-09,29.9,28.29,26.78,26.3,23.86
1993-10-10,30.03,28.2,26.94,26.16,23.93
1993-10-11,29.93,28.13,27.25,26.23,23.81
1993-10-12,29.79,28.14,27.21,26.28,23.79
1993-10-13,29.91,28.0,27.43,26.25,23.73
1993-10-14,29.71,28.03,27.55,26.16,23.71
1993-10-15,29.92,27.94,27.71,26.17,23.69
1993-10-16,29.83,27.97,27.73,26.24,24.28
1993-10-17,29.78,27.87,27.75,26.07,24.56
1993-10-18,29.61,27.78,27.71,25.87,24.66
1993-10-19,29.79,27.85,27.8,25.78,24.92
1993-10-20,29.71,28.1,27.7,25.62,24.86
1993-10-21,29.62,27.7,27.47,25.54,24.3
1993-10-22,29.61,27.6,27.14,25.5,23.56
1993-10-23,29.71,27.92,27.03,25.06,23.04
1993-10-24,29.62,27.86,27.25,25.15,22.82
1993-10-25,29.62,28.37,27.39,24.91,22.8
1993-10-26,29.53,28.55,27.61,24.58,23.02
1993-10-27,29.48,28.61,27.46,25.14,22.94
1993-10-28,29.38,28.27,27.65,25.92,23.47
1993-10-29,29.3,28.08,27.66,26.03,23.79
1993-10-30,29.45,28.14,27.84,26.07,23.73
1993-10-31,29.42,28.39,,25.87,23.76
1993-11-01,29.57,28.38,,25.71,23.59
1993-11-02,29.4,28.57,27.5,25.59,23.57
1993-11-03,29.62,28.76,27.36,25.58,23.67
1993-11-04,29.55,28.48,27.46,25.64,23.43
1993-11-05,29.51,28.34,27.53,25.66,23.42
1993-11-06,29.63,28.38,27.46,25.44,23.43
1993-11-07,29.71,28.29,27.05,25.43,23.49
1993-11-08,29.78,28.21,26.84,25.5,23.49
1993-11-09,29.74,28.13,26.78,25.67,23.24
1993-11-10,29.98,28.13,26.89,25.88,22.75
1993-11-11,30.11,28.16,26.98,25.85,22.33
1993-11-12,29.92,28.2,27.23,25.82,22.28
1993-11-13,29.68,28.22,27.1,25.82,22.23
1993-11-14,29.76,28.33,27.03,25.73,22.24
1993-11-15,30.12,28.42,26.94,25.65,22.46
1993-11-16,30.1,28.43,26.88,25.7,22.49
1993-11-17,30.19,28.51,26.94,25.69,22.51
1993-11-18,30.21,28.62,27.21,25.57,22.52
1993-11-19,30.19,28.45,27.3,25.48,22.49
1993-11-20,30.17,28.55,27.42,25.53,22.38
1993-11-21,30.51,28.39,27.5,25.92,22.39
1993-11-22,30.14,28.32,27.55,25.86,22.82
1993-11-23,30.0,28.17,27.46,25.7,23.41
1993-11-24,29.93,28.21,27.07,25.56,23.93
1993-11-25,29.8,28.28,26.66,25.6,24.67
1993-11-26,29.87,28.22,26.45,25.73,23.97
1993-11-27,29.88,27.99,26.47,25.69,23.1
1993-11-28,29.94,28.06,26.55,25.72,23.48
1993-11-29,30.17,28.09,26.77,25.71,24.2
1993-11-30,30.07,28.1,26.88,26.01,23.82
1993-12-01,30.24,28.07,26.66,26.29,23.0
1993-12-02,30.18,28.03,26.49,26.47,22.91
1993-12-03,30.06,27.96,26.47,26.63,22.8
1993-12-04,29.88,27.96,26.57,26.81,22.82
1993-12-05,29.85,27.9,26.64,26.85,22.75
1993-12-06,30.39,28.11,26.89,26.86,22.71
1993-12-07,30.01,27.95,26.89,26.68,22.85
1993-12-08,29.83,27.87,26.88,26.46,22.84
1993-12-09,29.82,27.9,26.91,26.31,22.89
1993-12-10,29.9,27.89,26.81,26.12,22.76
1993-12-11,30.14,27.96,26.77,26.05,23.01
1993-12-12,29.89,27.86,26.86,25.94,23.2
1993-12-13,30.16,27.79,26.86,25.97,23.36
1993-12-14,29.92,27.66,26.88,26.15,23.32
1993-12-15,30.5,27.6,26.91,26.23,23.37
1993-12-16,30.06,27.69,26.96,26.44,23.39
1993-12-17,30.05,27.6,27.03,26.47,23.33
1993-12-18,29.93,27.54,26.92,26.36,23.29
1993-12-19,30.03,27.53,26.82,26.2,23.24
1993-12-20,30.03,27.57,26.77,25.9,23.18
1993-12-21,29.99,27.56,26.71,25.7,22.93
1993-12-22,29.84,27.53,26.74,25.54,23.5
1993-12-23,29.76,27.44,26.75,25.3,23.78
1993-12-24,29.58,27.28,26.77,24.97,24.1
1993-12-25,29.64,27.27,26.53,24.88,23.98
1993-12-26,29.65,27.2,26.14,24.86,23.6
1993-12-27,29.99,27.16,25.91,24.47,23.37
1993-12-28,29.78,27.18,25.87,24.39,23.43
1993-12-29,29.59,27.21,25.83,24.42,23.4
1993-12-30,29.47,27.28,25.78,24.97,23.44
1993-12-31,29.41,27.57,25.98,25.32,23.4
1994-01-01,29.49,27.59,26.22,25.49,23.37
1994-01-02,29.5,27.47,26.3,25.68,23.45
1994-01-03,29.58,27.37,26.13,25.68,23.71
1994-01-04,29.77,27.29,26.0,25.56,24.29
1994-01-05,29.72,27.27,25.99,25.51,24.08
1994-01-06,30.07,27.24,26.0,25.38,24.25
1994-01-07,29.45,27.14,26.07,25.23,24.19
1994-01-08,29.51,27.06,26.09,25.1,24.19
1994-01-09,29.48,26.94,26.06,24.94,24.14
1994-01-10,29.45,26.86,26.05,24.89,23.9
1994-01-11,29.36,26.74,26.01,25.02,23.88
1994-01-12,29.45,26.74,26.16,25.13,23.96
1994-01-13,29.43,26.69,26.29,25.32,24.01
1994-01-14,29.96,26.63,26.43,25.49,23.89
1994-01-15,29.57,26.85,26.34,25.44,24.0
1994-01-16,29.7,27.04,26.22,25.27,24.0
1994-01-17,29.53,26.93,26.06,25.18,23.97
1994-01-18,29.69,26.87,25.95,25.16,24.03
1994-01-19,29.78,26.72,25.91,25.0,23.93
1994-01-20,29.8,26.7,25.91,24.82,23.93
1994-01-21,29.66,26.9,25.91,24.75,23.94
1994-01-22,29.62,26.81,25.89,24.54,23.98
1994-01-23,29.65,26.72,25.79,24.63,24.16
1994-01-24,29.6,26.64,25.83,24.56,23.75
1994-01-25,29.59,26.63,25.85,24.56,23.42
1994-01-26,29.63,26.65,25.94,24.69,23.48
1994-01-27,29.63,26.64,25.91,25.02,23.69
1994-01-28,29.63,26.62,25.97,24.89,23.67
1994-01-29,29.66,26.58,25.93,24.92,24.32
1994-01-30,29.66,26.57,26.0,24.71,24.09
1994-01-31,29.63,26.62,25.93,24.57,24.15
1994-02-01,29.7,26.53,25.89,24.66,24.34
1994-02-02,29.79,26.42,26.01,24.61,25.12
1994-02-03,29.82,26.37,26.13,24.55,25.77
1994-02-04,29.53,26.39,26.17,25.31,25.9
1994-02-05,29.7,26.4,26.18,25.82,25.84
1994-02-06,29.79,26.37,26.64,25.56,25.22
1994-02-07,29.87,26.48,26.87,25.5,24.6
1994-02-08,29.63,26.67,26.75,25.56,24.27
1994-02-09,29.53,26.79,26.6,25.5,24.34
1994-02-10,29.32,26.85,26.35,25.74,24.52
1994-02-11,29.38,26.63,26.31,25.8,24.27
1994-02-12,29.13,26.53,26.31,25.85,24.37
1994-02-13,29.17,26.5,26.47,25.66,24.63
1994-02-14,29.16,26.42,26.67,25.64,24.42
1994-02-15,29.16,26.43,26.54,25.65,24.44
1994-02-16,29.29,26.52,26.42,25.58,24.37
1994-02-17,29.08,26.62,26.45,25.54,24.4
1994-02-18,28.93,26.77,26.39,25.56,24.53
1994-02-19,28.93,26.74,26.31,25.77,24.33
1994-02-20,28.95,26.9,26.38,25.74,24.12
1994-02-21,28.39,27.07,26.46,25.61,24.07
1994-02-22,28.43,27.03,26.36,25.55,24.53
1994-02-23,28.81,26.99,26.24,25.44,24.99
1994-02-24,28.96,26.99,26.12,25.37,25.13
1994-02-25,28.67,27.06,26.08,25.3,24.83
1994-02-26,28.7,26.95,26.05,25.12,24.85
1994-02-27,28.72,26.67,26.01,24.93,25.08
1994-02-28,28.55,26.72,26.01,25.02,25.22
1994-03-01,28.44,26.8,25.92,25.02,25.33
1994-03-02,28.4,27.04,25.86,25.24,26.07
1994-03-03,28.54,26.82,26.16,25.4,26.67
1994-03-04,28.75,26.85,26.07,25.03,27.04
1994-03-05,28.94,26.58,26.1,25.05,26.49
1994-03-06,28.49,26.51,26.0,24.95,26.45
1994-03-07,28.91,26.64,25.97,24.91,26.36
1994-03-08,28.67,26.89,26.05,24.99,26.91
1994-03-09,28.71,27.05,26.36,26.02,27.03
1994-03-10,28.82,26.81,26.67,26.96,26.86
1994-03-11,28.61,26.92,26.92,27.39,26.67
1994-03-12,28.46,26.94,27.19,27.29,25.81
1994-03-13,28.43,26.84,26.82,26.94,24.99
1994-03-14,28.4,26.86,26.68,26.61,24.75
1994-03-15,28.83,27.12,26.55,26.43,25.03
1994-03-16,29.13,27.32,26.88,26.78,25.32
1994-03-17,29.19,27.06,27.05,26.7,25.39
1994-03-18,29.11,27.27,27.18,26.54,25.4
1994-03-19,28.96,27.34,27.12,26.3,25.61
1994-03-20,28.77,27.1,26.98,26.15,25.35
1994-03-21,28.45,26.9,26.93,25.92,24.73
1994-03-22,28.44,26.91,26.98,25.84,24.65
1994-03-23,28.65,26.94,26.76,25.97,24.45
1994-03-24,28.86,26.93,26.69,25.99,24.22
1994-03-25,28.8,26.85,26.98,26.28,24.66
1994-03-26,28.81,26.81,27.2,26.47,25.32
1994-03-27,28.86,26.85,27.19,26.64,25.31
1994-03-28,28.78,26.89,27.23,26.43,25.09
1994-03-29,28.58,27.08,27.14,26.43,24.67
1994-03-30,28.68,26.98,26.95,26.58,24.11
1994-03-31,28.69,26.8,26.91,26.73,23.91
1994-04-01,28.61,26.84,27.05,27.0,24.71
1994-04-02,28.94,26.99,27.05,27.18,24.85
1994-04-03,29.02,27.22,27.12,27.44,24.51
1994-04-04,29.02,27.28,27.21,27.53,24.31
1994-04-05,29.37,27.45,27.24,27.5,24.71
1994-04-06,29.29,27.45,27.23,27.41,24.95
1994-04-07,29.54,27.52,27.21,27.32,24.73
1994-04-08,29.17,27.45,27.15,27.47,24.79
1994-04-09,29.08,27.46,26.94,27.04,24.77
1994-04-10,29.25,27.37,26.9,26.76,24.62
1994-04-11,29.44,27.3,26.83,26.8,24.69
1994-04-12,29.25,27.35,26.81,26.82,24.72
1994-04-13,29.23,27.35,26.89,26.76,24.52
1994-04-14,29.22,27.75,26.97,26.72,24.61
1994-04-15,29.15,27.6,26.99,26.84,24.56
1994-04-16,29.08,27.37,27.2,27.08,24.71
1994-04-17,29.02,27.38,27.09,27.0,24.85
1994-04-18,29.13,27.46,27.26,27.02,24.65
1994-04-19,29.06,27.54,27.16,27.02,24.55
1994-04-20,29.01,27.61,27.27,26.9,25.16
1994-04-21,29.0,27.69,27.31,26.78,25.03
1994-04-22,29.47,27.79,27.42,26.72,25.0
1994-04-23,29.31,27.83,27.64,26.63,25.29
1994-04-24,29.55,27.96,27.67,27.09,25.07
1994-04-25,29.54,28.29,28.04,27.04,25.02
1994-04-26,29.49,28.01,28.2,27.05,24.99
1994-04-27,29.33,27.91,27.87,27.06,24.43
1994-04-28,29.15,28.1,27.6,27.08,24.49
1994-04-29,29.15,27.77,27.48,27.12,24.83
1994-04-30,29.16,27.66,27.37,27.09,24.93
1994-05-01,29.21,27.74,27.37,26.85,24.81
1994-05-02,29.48,27.71,27.46,26.74,24.91
1994-05-03,29.28,27.73,27.42,26.8,24.94
1994-05-04,29.32,27.79,27.42,26.83,25.09
1994-05-05,29.18,27.8,27.5,26.98,25.29
1994-05-06,29.23,27.81,27.36,26.82,24.89
1994-05-07,29.11,28.04,27.36,26.78,24.55
1994-05-08,29.19,27.92,27.42,26.68,24.31
1994-05-09,29.49,27.86,27.33,26.79,24.37
1994-05-10,29.62,27.79,27.28,27.03,24.52
1994-05-11,29.83,27.68,27.28,26.99,24.72
1994-05-12,29.8,27.73,27.35,27.03,24.94
1994-05-13,29.82,27.87,27.31,27.05,25.07
1994-05-14,29.89,28.08,27.4,26.97,25.13
1994-05-15,29.81,28.27,27.57,27.12,25.22
1994-05-16,29.35,28.29,27.73,27.07,25.25
1994-05-17,29.29,28.36,27.68,27.24,25.34
1994-05-18,29.71,28.27,27.76,27.26,25.49
1994-05-19,29.79,28.25,27.95,27.34,25.61
1994-05-20,29.97,28.35,28.01,27.43,25.73
1994-05-21,30.11,28.28,27.89,27.26,25.87
1994-05-22,30.26,28.37,,27.18,26.24
1994-05-23,30.52,28.35,27.73,27.03,27.02
1994-05-24,30.4,28.31,27.62,26.88,27.17
1994-05-25,30.08,28.43,27.59,26.71,27.32
1994-05-26,29.99,28.42,27.7,26.73,27.63
1994-05-27,30.0,28.39,27.81,27.06,27.77
1994-05-28,29.99,28.38,28.0,27.08,27.82
1994-05-29,30.04,,27.86,27.12,27.81
1994-05-30,30.06,,27.78,26.94,27.75
1994-05-31,30.12,28.89,27.88,26.85,27.75
1994-06-01,30.1,28.64,27.93,27.26,27.62
1994-06-02,30.12,28.54,27.97,27.63,27.63
1994-06-03,30.16,28.46,27.99,27.59,27.66
1994-06-04,30.18,28.44,27.95,27.57,27.64
1994-06-05,30.1,28.43,27.96,27.77,27.6
1994-06-06,30.05,28.45,27.93,27.57,27.73
1994-06-07,30.05,28.41,27.87,27.2,25.22
1994-06-08,30.05,28.42,27.66,26.94,25.19
1994-06-09,30.05,28.44,27.65,26.76,25.23
1994-06-10,30.04,28.4,27.5,26.73,25.25
1994-06-11,29.88,28.36,27.41,26.77,25.41
1994-06-12,29.93,28.33,27.32,26.65,25.69
1994-06-13,30.05,28.26,27.36,26.53,25.64
1994-06-14,30.15,28.53,27.39,26.28,25.47
1994-06-15,30.0,28.63,27.31,26.17,25.24
1994-06-16,29.98,28.64,27.29,26.19,25.12
1994-06-17,29.57,28.66,27.42,26.18,24.93
1994-06-18,29.97,28.68,27.63,26.23,25.09
1994-06-19,29.94,28.81,27.73,26.51,24.86
1994-06-20,29.87,28.58,27.85,26.69,24.61
1994-06-21,30.06,28.5,27.8,26.76,24.42
1994-06-22,29.73,28.46,27.66,26.42,24.26
1994-06-23,29.96,28.56,27.63,26.27,23.97
1994-06-24,30.08,28.81,27.79,26.28,23.85
1994-06-25,30.02,28.7,27.69,26.33,24.18
1994-06-26,30.29,28.61,27.65,26.11,25.03
1994-06-27,30.28,28.61,27.69,25.99,26.07
1994-06-28,30.33,28.68,27.81,26.04,26.24
1994-06-29,30.24,28.82,27.69,26.28,26.0
1994-06-30,30.34,28.65,27.69,26.34,25.18
1994-07-01,30.08,28.73,27.82,26.32,25.47
1994-07-02,30.16,28.63,28.17,26.24,25.31
1994-07-03,30.07,28.63,27.85,26.18,24.25
1994-07-04,30.13,28.64,27.74,26.09,23.32
1994-07-05,30.13,28.55,27.66,26.0,22.67
1994-07-06,30.21,28.59,27.59,25.77,22.29
1994-07-07,30.46,28.59,27.5,25.63,22.69
1994-07-08,30.33,28.65,27.5,25.59,23.03
1994-07-09,30.49,28.57,27.57,25.62,22.87
1994-07-10,30.1,28.53,27.61,25.6,22.68
1994-07-11,30.34,28.56,27.63,25.55,22.67
1994-07-12,30.32,28.7,27.88,25.61,22.51
1994-07-13,30.3,28.93,27.68,25.64,22.34
1994-07-14,30.57,28.97,27.68,25.7,22.18
1994-07-15,30.25,29.01,27.77,25.7,22.11
1994-07-16,30.29,29.07,27.72,25.83,22.18
1994-07-17,30.3,28.84,27.86,25.88,22.18
1994-07-18,30.19,28.86,27.97,25.81,21.81
1994-07-19,30.28,28.87,27.95,25.81,21.96
1994-07-20,30.2,29.15,28.06,25.69,22.06
1994-07-21,30.07,29.24,28.11,25.58,22.27
1994-07-22,29.95,29.14,27.75,25.49,22.33
1994-07-23,29.9,29.3,27.67,25.62,21.89
1994-07-24,29.6,29.21,27.7,25.79,21.5
1994-07-25,29.51,29.1,27.82,25.76,20.92
1994-07-26,29.51,29.25,27.8,25.86,20.92
1994-07-27,29.81,29.17,27.73,25.92,20.76
1994-07-28,29.66,29.28,27.87,25.98,20.65
1994-07-29,29.67,29.18,28.01,25.98,20.77
1994-07-30,29.32,29.11,27.84,25.89,21.17
1994-07-31,29.37,29.2,27.77,25.82,20.94
1994-08-01,29.12,29.15,27.78,25.83,20.6
1994-08-02,29.01,29.2,27.78,25.85,20.69
1994-08-03,29.45,29.21,27.83,25.87,20.95
1994-08-04,29.39,29.22,27.89,25.97,21.52
1994-08-05,29.48,29.23,27.93,26.08,21.99
1994-08-06,29.52,29.26,28.06,26.32,21.98
1994-08-07,29.49,29.42,28.02,26.32,22.1
1994-08-08,29.2,29.44,28.06,26.34,22.98
1994-08-09,29.1,29.58,28.09,26.61,23.46
1994-08-10,28.98,29.65,28.07,26.62,23.67
1994-08-11,29.14,29.54,28.09,26.73,24.08
1994-08-12,29.28,29.56,28.09,26.83,24.45
1994-08-13,29.32,29.62,28.06,26.89,24.6
1994-08-14,29.34,29.79,28.1,26.94,24.65
1994-08-15,29.26,29.67,28.16,26.96,23.89
1994-08-16,29.35,29.7,28.13,26.94,22.78
1994-08-17,29.18,29.78,28.14,26.87,22.02
1994-08-18,29.38,29.73,28.11,26.57,21.68
1994-08-19,29.47,29.65,28.05,26.25,21.6
1994-08-20,29.27,29.68,28.02,26.21,21.64
1994-08-21,29.17,29.59,28.03,26.19,21.7
1994-08-22,29.09,29.55,28.09,26.29,21.71
1994-08-23,29.36,29.41,28.08,26.58,21.78
1994-08-24,29.13,29.45,28.05,26.6,21.77
1994-08-25,29.2,29.51,28.02,26.44,21.8
1994-08-26,29.58,29.54,28.02,26.55,21.84
1994-08-27,29.4,29.78,28.0,26.15,22.2
1994-08-28,29.54,29.89,27.95,25.91,22.33
1994-08-29,29.61,29.65,27.89,25.68,22.22
1994-08-30,29.46,29.49,27.76,25.57,22.14
1994-08-31,29.51,29.41,27.6,25.79,22.09
1994-09-01,29.2,29.34,27.47,25.88,21.96
1994-09-02,29.37,29.29,27.41,25.95,21.95
1994-09-03,29.58,29.31,27.22,26.1,22.22
1994-09-04,29.56,29.32,27.14,26.14,22.27
1994-09-05,29.76,29.44,27.14,26.19,22.19
1994-09-06,29.68,29.38,27.03,26.17,22.28
1994-09-07,29.3,29.32,26.96,26.02,23.01
1994-09-08,29.02,29.24,26.98,26.01,23.33
1994-09-09,28.99,29.24,26.98,26.03,23.81
1994-09-10,29.0,29.27,27.06,25.98,23.63
1994-09-11,28.93,29.38,27.24,25.98,23.5
1994-09-12,29.12,29.46,27.64,26.03,23.32
1994-09-13,28.97,29.17,27.76,26.01,23.34
1994-09-14,28.69,28.98,27.7,25.86,23.74
1994-09-15,28.78,28.83,27.61,25.78,23.48
1994-09-16,28.84,28.79,27.19,25.38,22.93
1994-09-17,29.01,29.08,27.23,25.26,21.94
1994-09-18,28.88,29.27,27.2,25.3,22.24
1994-09-19,29.08,29.25,27.21,25.45,23.6
1994-09-20,28.95,29.15,27.29,25.78,23.11
1994-09-21,29.27,29.17,27.33,25.99,22.35
1994-09-22,29.08,29.4,27.65,25.97,22.56
1994-09-23,29.34,29.17,28.06,26.03,23.17
1994-09-24,29.57,29.09,28.24,26.17,23.01
1994-09-25,29.41,29.27,28.43,26.23,22.97
1994-09-26,29.43,29.57,28.25,26.01,23.3
1994-09-27,29.21,29.26,28.23,26.2,23.01
1994-09-28,29.07,29.29,28.35,26.15,22.83
1994-09-29,28.9,29.32,28.27,26.22,23.04
1994-09-30,28.77,29.42,28.27,26.43,23.0
1994-10-01,28.64,29.39,28.04,26.56,23.01
1994-10-02,28.78,29.48,27.8,26.81,23.24
1994-10-03,28.93,29.63,27.86,26.81,23.55
1994-10-04,28.84,29.7,28.22,26.85,23.77
1994-10-05,29.23,29.9,28.08,27.09,23.66
1994-10-06,29.52,29.59,28.08,27.25,23.97
1994-10-07,29.6,29.66,28.03,27.37,24.23
1994-10-08,29.62,29.76,28.03,27.29,24.29
1994-10-09,29.48,29.5,28.01,27.08,24.22
1994-10-10,29.28,29.57,27.93,26.92,24.07
1994-10-11,29.28,29.69,27.79,26.64,24.33
1994-10-12,29.19,30.14,27.8,26.3,24.28
1994-10-13,29.1,30.03,27.73,26.38,25.0
1994-10-14,29.05,29.86,27.64,26.42,25.67
1994-10-15,29.09,30.03,27.76,26.47,25.72
1994-10-16,29.06,29.92,28.08,26.59,25.72
1994-10-17,29.0,29.96,27.96,26.64,25.77
1994-10-18,29.14,29.86,27.84,26.72,25.82
1994-10-19,29.11,29.87,27.9,26.76,25.85
1994-10-20,29.52,29.85,,26.76,25.66
1994-10-21,29.71,30.07,,26.81,25.23
1994-10-22,29.49,29.9,28.31,26.88,24.97
1994-10-23,29.82,29.88,28.23,26.85,24.63
1994-10-24,29.83,29.99,28.2,26.86,24.41
1994-10-25,29.5,29.82,28.17,26.88,24.05
1994-10-26,29.54,29.81,28.19,26.98,23.62
1994-10-27,29.75,29.82,28.32,26.95,23.64
1994-10-28,29.43,29.84,28.3,26.93,23.65
1994-10-29,29.31,30.06,28.36,26.98,23.72
1994-10-30,29.21,30.09,28.65,27.09,23.87
1994-10-31,29.11,30.31,28.61,27.14,24.02
1994-11-01,29.29,30.25,28.51,27.1,24.09
1994-11-02,29.42,30.54,28.45,27.13,24.19
1994-11-03,29.37,30.57,28.65,27.12,24.21
1994-11-04,29.4,30.47,28.72,27.02,24.36
1994-11-05,29.35,30.53,28.64,27.01,24.37
1994-11-06,29.29,30.4,28.65,27.01,24.33
1994-11-07,29.14,30.44,28.61,27.02,24.27
1994-11-08,29.13,30.5,28.55,27.06,24.13
1994-11-09,29.08,30.63,28.49,27.04,24.09
1994-11-10,29.17,30.77,28.49,26.98,24.03
1994-11-11,29.14,30.77,28.42,26.93,23.84
1994-11-12,29.09,30.69,28.43,26.97,23.64
1994-11-13,29.08,30.54,28.48,26.96,23.68
1994-11-14,29.24,30.47,28.56,26.98,23.93
1994-11-15,29.28,30.4,28.44,27.17,23.99
1994-11-16,29.39,30.41,28.48,27.19,23.98
1994-11-17,29.48,30.41,28.46,27.22,23.9
1994-11-18,29.65,30.5,28.44,27.24,24.28
1994-11-19,29.73,30.42,28.44,27.37,24.36
1994-11-20,29.81,30.23,28.42,27.38,24.21
1994-11-21,29.83,30.1,28.42,27.34,24.09
1994-11-22,29.87,29.99,28.44,27.31,24.07
1994-11-23,29.82,29.98,28.46,27.33,24.1
1994-11-24,29.76,30.0,28.43,27.39,24.0
1994-11-25,29.84,30.19,28.4,27.37,23.97
1994-11-26,30.17,30.05,28.4,27.24,24.0
1994-11-27,30.17,30.19,28.46,27.26,24.11
1994-11-28,30.05,30.19,28.45,27.22,24.23
1994-11-29,30.14,30.22,28.47,27.09,24.2
1994-11-30,30.36,30.26,28.49,26.98,24.19
1994-12-01,30.24,30.06,28.53,27.04,24.11
1994-12-02,30.12,29.96,28.48,27.14,23.7
1994-12-03,30.3,29.87,28.43,27.23,23.66
1994-12-04,30.06,29.87,28.45,27.3,23.63
1994-12-05,29.94,29.9,28.44,27.36,23.64
1994-12-06,29.85,29.95,28.42,27.33,23.74
1994-12-07,29.66,29.99,28.44,27.34,23.86
1994-12-08,29.62,29.99,28.4,27.29,23.96
1994-12-09,29.57,30.02,28.4,27.2,24.07
1994-12-10,29.57,30.35,28.4,27.14,24.29
1994-12-11,29.43,30.14,28.31,26.96,24.33
1994-12-12,29.35,30.14,28.24,26.76,24.43
1994-12-13,29.35,30.11,28.07,26.76,24.3
1994-12-14,29.28,30.03,27.94,26.77,24.31
1994-12-15,29.25,30.1,27.89,26.85,24.42
1994-12-16,29.24,30.09,27.92,26.86,24.49
1994-12-17,29.24,30.13,28.18,26.79,24.47
1994-12-18,29.23,30.14,28.22,26.66,24.48
1994-12-19,29.22,30.12,28.14,26.75,24.67
1994-12-20,29.22,30.14,28.09,26.86,25.14
1994-12-21,29.21,30.2,28.03,26.81,25.4
1994-12-22,29.49,30.11,27.96,26.69,25.56
1994-12-23,,30.01,27.78,26.69,25.46
1994-12-24,,30.04,27.67,26.74,25.3
1994-12-25,,30.09,27.61,26.8,24.99
1994-12-26,,30.05,27.57,26.87,24.79
1994-12-27,,29.98,27.59,26.78,24.56
1994-12-28,,29.77,27.59,26.81,24.29
1994-12-29,,29.58,27.63,26.7,24.47
1994-12-30,,29.67,27.63,26.21,24.59
1994-12-31,,29.58,27.68,26.05,24.75
1995-01-01,,29.5,27.71,26.39,24.78
1995-01-02,,29.4,27.78,26.58,24.83
1995-01-03,,29.57,27.77,26.51,24.89
1995-01-04,,29.49,27.76,26.58,24.91
1995-01-05,,29.48,27.77,26.42,25.52
1995-01-06,,29.42,27.83,26.31,25.41
1995-01-07,,29.57,27.89,26.24,25.33
1995-01-08,,29.52,27.84,26.24,25.08
1995-01-09,,29.35,27.81,26.11,24.95
1995-01-10,,29.41,27.83,26.05,25.11
1995-01-11,,29.48,27.79,26.13,25.08
1995-01-12,,29.52,27.77,26.06,24.77
1995-01-13,,29.45,27.74,26.09,24.17
1995-01-14,,29.56,27.76,26.15,24.36
1995-01-15,,29.63,27.82,26.23,24.71
1995-01-16,,29.78,27.86,26.19,24.67
1995-01-17,,29.78,27.85,25.95,24.73
1995-01-18,,29.8,27.79,26.03,25.35
1995-01-19,,29.58,27.84,26.16,25.7
1995-01-20,,29.61,27.85,26.06,26.25
1995-01-21,,29.61,27.86,26.04,26.2
1995-01-22,,29.59,27.83,26.02,26.2
1995-01-23,,29.57,27.79,26.07,25.91
1995-01-24,,29.49,27.69,26.08,25.76
1995-01-25,,29.48,27.44,26.11,25.41
1995-01-26,,29.38,27.41,26.17,24.97
1995-01-27,,29.19,27.33,26.23,24.66
1995-01-28,,28.89,27.34,26.35,24.7
1995-01-29,,28.84,27.37,26.56,24.94
1995-01-30,,28.92,27.33,26.62,25.19
1995-01-31,,28.79,27.28,26.62,25.75
1995-02-01,,28.62,27.36,26.62,25.92
1995-02-02,,28.5,27.39,26.69,26.74
1995-02-03,,28.43,27.47,27.04,26.67
1995-02-04,,28.43,27.44,27.03,26.21
1995-02-05,,28.31,27.67,26.87,26.02
1995-02-06,,28.38,27.36,26.68,26.5
1995-02-07,,28.6,27.32,26.72,26.87
1995-02-08,,28.65,27.44,26.73,27.7
1995-02-09,,28.65,27.4,26.72,27.27
1995-02-10,,28.79,27.24,26.61,26.67
1995-02-11,,28.71,27.11,26.47,26.2
1995-02-12,,28.67,27.1,26.28,26.28
1995-02-13,,28.72,27.07,26.1,26.22
1995-02-14,,28.63,27.03,25.94,25.99
1995-02-15,,28.56,27.14,25.87,26.05
1995-02-16,,28.47,27.17,25.52,26.18
1995-02-17,,28.48,27.27,25.39,26.23
1995-02-18,,28.43,27.19,26.05,26.09
1995-02-19,,28.34,27.5,26.42,25.89
1995-02-20,,28.35,27.57,27.16,25.93
1995-02-21,,28.34,27.49,26.99,25.84
1995-02-22,,28.56,27.43,26.53,25.98
1995-02-23,,28.58,28.01,26.49,25.89
1995-02-24,,28.52,27.37,26.49,26.06
1995-02-25,,28.86,27.08,26.48,26.08
1995-02-26,,28.62,27.06,26.43,26.06
1995-02-27,,28.31,27.13,26.27,25.78
1995-02-28,,28.22,27.25,26.11,25.44
1995-03-01,,28.18,27.23,26.07,25.16
1995-03-02,,28.18,27.13,26.1,25.18
1995-03-03,,28.26,27.12,26.19,24.86
1995-03-04,,28.26,27.18,26.3,24.64
1995-03-05,,28.16,27.06,26.31,24.62
1995-03-06,,28.14,27.01,26.21,24.7
1995-03-07,,28.09,26.91,26.4,24.75
1995-03-08,,28.07,26.88,26.29,24.33
1995-03-09,,28.05,26.99,26.35,24.18
1995-03-10,,28.07,27.22,26.39,24.22
1995-03-11,,28.22,27.23,26.4,24.57
1995-03-12,,28.27,27.26,26.3,25.04
1995-03-13,,28.05,27.32,26.28,25.55
1995-03-14,,27.9,27.24,26.42,25.08
1995-03-15,,27.9,27.16,26.28,24.22
1995-03-16,,28.03,27.19,26.33,23.95
1995-03-17,,28.18,27.24,26.61,23.62
1995-03-18,,28.44,27.42,27.18,24.22
1995-03-19,,28.48,27.64,27.16,24.27
1995-03-20,,28.46,27.57,26.51,24.31
1995-03-21,,28.26,27.61,26.63,24.58
1995-03-22,,28.16,27.55,26.46,24.69
1995-03-23,,28.11,27.37,26.37,25.51
1995-03-24,,28.01,27.33,26.17,25.27
1995-03-25,,27.91,27.23,26.01,25.85
1995-03-26,,27.76,27.08,25.99,25.53
1995-03-27,,27.81,26.98,26.05,24.91
1995-03-28,,27.75,27.19,26.35,25.53
1995-03-29,,27.68,27.16,26.72,25.76
1995-03-30,,27.58,27.21,26.67,26.02
1995-03-31,,27.57,26.94,26.66,26.31
1995-04-01,,27.81,26.71,26.74,25.47
1995-04-02,,28.03,26.89,27.01,24.89
1995-04-03,,28.07,27.25,27.31,24.68
1995-04-04,,28.14,27.35,27.37,24.58
1995-04-05,,27.99,27.46,27.34,24.86
1995-04-06,,27.93,27.62,27.35,25.47
1995-04-07,,27.91,27.77,26.96,25.66
1995-04-08,,27.85,27.8,26.7,25.86
1995-04-09,,27.75,27.62,26.52,25.72
1995-04-10,,27.68,27.57,26.46,25.79
1995-04-11,,27.69,27.38,26.55,25.28
1995-04-12,,27.81,27.39,26.53,25.58
1995-04-13,,27.74,27.29,26.71,25.48
1995-04-14,,27.72,27.37,26.62,25.89
1995-04-15,,,27.43,27.01,25.59
1995-04-16,,27.85,27.74,27.41,25.83
1995-04-17,,27.85,27.82,27.55,26.08
1995-04-18,,27.93,27.78,27.4,25.85
1995-04-19,,27.93,27.65,27.48,25.62
1995-04-20,,27.81,27.65,27.32,25.17
1995-04-21,,27.86,27.7,27.16,24.65
1995-04-22,,27.93,27.82,27.01,24.54
1995-04-23,,28.12,27.96,26.75,24.61
1995-04-24,,28.36,27.96,26.58,25.04
1995-04-25,,28.57,27.89,26.41,24.94
1995-04-26,,28.51,27.85,26.27,24.42
1995-04-27,,28.39,27.72,26.47,24.24
1995-04-28,,28.33,27.77,26.34,24.46
1995-04-29,,28.16,27.57,26.3,24.72
1995-04-30,,28.41,27.54,26.2,24.91
1995-05-01,,28.22,27.65,26.46,24.67
1995-05-02,29.67,28.33,27.93,26.78,22.87
1995-05-03,29.65,28.18,28.06,26.9,22.44
1995-05-04,29.61,28.19,27.96,26.97,21.87
1995-05-05,29.64,28.01,27.85,26.81,22.98
1995-05-06,29.66,27.98,27.7,26.27,23.73
1995-05-07,29.65,27.97,27.64,26.22,23.59
1995-05-08,29.6,27.91,27.35,25.98,23.48
1995-05-09,29.61,27.89,27.22,25.85,23.39
1995-05-10,29.62,27.8,27.26,25.71,23.39
1995-05-11,29.64,27.81,27.18,25.7,23.93
1995-05-12,29.64,27.88,27.17,25.73,23.98
1995-05-13,29.95,27.95,27.18,25.78,23.95
1995-05-14,30.03,28.09,27.33,25.73,23.93
1995-05-15,29.97,28.13,27.55,25.68,23.27
1995-05-16,29.88,28.1,27.56,25.47,23.71
1995-05-17,30.04,28.18,27.44,25.33,24.59
1995-05-18,29.88,28.35,27.2,25.32,24.29
1995-05-19,29.89,28.29,27.1,25.26,23.45
1995-05-20,30.12,28.26,27.08,25.48,23.31
1995-05-21,30.04,28.23,27.12,25.41,23.47
1995-05-22,30.01,28.23,27.18,25.75,23.82
1995-05-23,30.06,28.2,27.14,25.94,24.04
1995-05-24,29.8,28.18,27.16,25.82,24.1
1995-05-25,29.75,28.16,27.28,25.7,24.16
1995-05-26,30.07,28.3,27.48,25.69,24.3
1995-05-27,30.01,28.48,27.51,25.73,24.09
1995-05-28,29.9,28.6,27.4,25.91,24.01
1995-05-29,29.76,28.26,27.34,26.01,23.91
1995-05-30,29.73,28.19,27.44,26.01,23.82
1995-05-31,29.86,28.09,27.63,26.01,24.64
1995-06-01,29.8,28.16,27.41,25.87,24.57
1995-06-02,29.81,28.41,27.32,25.72,24.44
1995-06-03,29.82,28.39,27.25,25.67,24.79
1995-06-04,29.94,28.4,27.2,25.79,25.11
1995-06-05,29.89,28.34,27.21,26.01,26.26
1995-06-06,29.95,28.35,27.14,26.2,26.51
1995-06-07,29.91,28.44,27.08,26.13,26.08
1995-06-08,29.92,28.64,27.09,26.0,25.36
1995-06-09,29.93,28.67,27.05,25.9,24.96
1995-06-10,29.93,28.55,27.13,25.91,24.87
1995-06-11,29.86,28.39,27.23,26.02,25.01
1995-06-12,29.84,28.32,27.35,26.06,25.02
1995-06-13,29.76,28.38,27.54,25.91,24.92
1995-06-14,29.76,28.56,27.53,25.91,24.77
1995-06-15,29.69,28.43,27.52,25.89,24.78
1995-06-16,29.59,28.34,27.52,25.86,24.81
1995-06-17,29.56,28.26,27.46,25.97,24.73
1995-06-18,29.56,28.25,27.39,25.91,24.58
1995-06-19,29.63,28.19,27.29,25.88,24.45
1995-06-20,29.68,28.45,27.16,25.91,24.34
1995-06-21,29.96,28.14,27.21,26.07,24.21
1995-06-22,29.72,28.23,27.55,26.18,24.22
1995-06-23,29.62,28.35,27.47,26.38,23.97
1995-06-24,29.63,28.21,27.49,26.41,24.25
1995-06-25,29.66,28.18,27.14,26.03,24.23
1995-06-26,29.72,28.16,27.03,26.5,23.99
1995-06-27,29.71,28.15,27.0,27.1,23.83
1995-06-28,29.6,28.34,27.0,27.16,23.74
1995-06-29,29.59,28.5,27.24,27.28,23.8
1995-06-30,29.7,28.64,27.57,27.36,23.93
1995-07-01,29.99,28.69,27.65,27.12,24.02
1995-07-02,29.72,28.67,27.62,26.56,24.08
1995-07-03,29.43,28.56,27.43,26.33,23.92
1995-07-04,29.69,28.43,27.36,26.22,23.61
1995-07-05,29.56,28.33,27.31,25.76,23.11
1995-07-06,29.34,28.26,27.14,25.49,22.91
1995-07-07,29.33,28.24,26.97,25.6,23.25
1995-07-08,29.34,28.2,26.77,25.66,23.7
1995-07-09,29.45,28.22,26.7,25.69,23.7
1995-07-10,29.47,28.21,26.56,25.74,24.23
1995-07-11,29.64,28.24,26.47,25.79,24.75
1995-07-12,29.53,28.11,26.57,25.71,24.83
1995-07-13,29.56,28.02,26.81,25.48,25.06
1995-07-14,29.61,28.13,26.74,25.31,24.96
1995-07-15,29.31,28.13,26.62,25.46,25.44
1995-07-16,29.59,,26.57,26.08,25.58
1995-07-17,29.61,27.82,26.44,25.89,25.37
1995-07-18,29.5,27.78,26.24,25.96,24.2
1995-07-19,29.49,27.8,26.21,26.1,23.05
1995-07-20,29.8,27.87,26.24,25.57,22.86
1995-07-21,29.59,27.92,26.68,25.23,22.9
1995-07-22,29.39,27.82,27.02,25.05,22.96
1995-07-23,29.32,27.78,26.98,25.21,23.11
1995-07-24,29.44,27.72,26.9,24.93,23.15
1995-07-25,29.39,27.66,26.69,24.69,23.13
1995-07-26,29.63,27.68,26.27,24.57,22.9
1995-07-27,29.49,27.83,26.25,24.52,22.55
1995-07-28,29.4,27.75,26.33,24.86,22.17
1995-07-29,29.34,27.88,26.5,25.13,22.19
1995-07-30,29.25,27.76,26.69,25.43,22.86
1995-07-31,29.05,27.6,26.82,25.24,23.18
1995-08-01,28.89,27.48,26.61,25.66,23.01
1995-08-02,28.83,27.57,26.39,25.47,22.26
1995-08-03,28.71,27.79,26.34,25.31,21.32
1995-08-04,28.63,27.72,26.14,25.24,20.62
1995-08-05,28.6,27.66,25.94,24.99,20.52
1995-08-06,28.75,27.59,25.83,24.71,20.57
1995-08-07,28.54,27.66,25.91,24.59,20.55
1995-08-08,28.71,27.63,25.97,24.48,20.87
1995-08-09,28.49,27.65,25.77,24.54,21.82
1995-08-10,28.46,27.65,25.59,24.33,22.27
1995-08-11,28.38,27.7,25.53,24.16,22.42
1995-08-12,28.44,27.62,25.45,23.91,22.24
1995-08-13,28.99,27.53,25.43,23.89,22.2
1995-08-14,28.59,27.43,25.38,23.89,21.99
1995-08-15,28.51,27.46,25.5,23.97,21.32
1995-08-16,28.47,27.39,25.48,23.86,21.15
1995-08-17,28.34,27.4,25.63,24.48,20.99
1995-08-18,28.49,27.44,25.86,24.77,20.95
1995-08-19,28.73,27.37,25.68,25.24,20.94
1995-08-20,28.92,27.44,25.49,26.06,20.93
1995-08-21,28.49,27.24,25.5,26.32,21.06
1995-08-22,28.37,27.09,25.52,26.48,20.95
1995-08-23,28.38,27.12,25.66,26.32,20.94
1995-08-24,28.53,27.05,25.69,26.22,21.03
1995-08-25,28.62,26.98,25.95,25.75,21.01
1995-08-26,28.64,26.92,26.14,25.09,20.83
1995-08-27,28.69,27.02,26.01,24.68,20.65
1995-08-28,28.65,27.17,26.13,24.51,21.04
1995-08-29,28.56,27.0,26.2,24.51,22.48
1995-08-30,28.54,26.89,26.43,24.46,22.36
1995-08-31,28.36,26.75,26.56,24.58,22.7
1995-09-01,28.13,26.7,26.56,24.85,22.69
1995-09-02,27.94,26.56,26.59,25.04,22.43
1995-09-03,28.0,26.37,26.48,25.04,21.62
1995-09-04,27.96,26.59,26.29,24.85,21.11
1995-09-05,28.19,26.79,25.93,24.36,20.63
1995-09-06,28.02,26.89,25.82,24.01,20.4
1995-09-07,28.22,26.92,26.0,24.49,20.26
1995-09-08,28.5,27.11,26.08,24.97,20.57
1995-09-09,28.29,27.2,26.15,25.07,20.93
1995-09-10,28.39,27.06,26.24,25.35,21.03
1995-09-11,28.15,26.79,26.13,25.7,21.13
1995-09-12,28.51,26.73,25.91,25.85,21.02
1995-09-13,28.63,26.62,25.56,25.78,20.87
1995-09-14,28.55,26.6,25.12,25.24,20.86
1995-09-15,28.46,26.54,24.99,24.83,20.84
1995-09-16,28.12,26.69,25.09,24.72,21.06
1995-09-17,28.0,,25.3,24.5,20.94
1995-09-18,28.34,26.51,25.39,24.37,22.18
1995-09-19,28.44,26.74,25.33,24.4,22.63
1995-09-20,28.63,26.86,25.35,24.39,22.3
1995-09-21,28.89,27.33,25.38,24.33,22.16
1995-09-22,28.31,27.27,25.59,24.44,21.87
1995-09-23,28.29,27.38,25.74,24.2,21.57
1995-09-24,28.24,27.62,25.72,23.96,21.32
1995-09-25,28.43,27.6,26.25,23.5,20.95
1995-09-26,28.81,27.37,26.77,23.28,20.4
1995-09-27,28.48,27.11,26.64,23.04,20.45
1995-09-28,28.42,26.65,26.03,22.7,21.2
1995-09-29,28.22,26.11,25.31,22.38,21.39
1995-09-30,28.2,26.05,24.93,22.24,21.41
1995-10-01,28.12,26.34,24.92,22.41,21.49
1995-10-02,28.08,26.68,25.23,22.59,22.25
1995-10-03,28.07,26.76,25.56,22.58,22.91
1995-10-04,28.01,26.89,25.8,22.66,21.72
1995-10-05,28.18,27.25,25.77,22.81,21.56
1995-10-06,28.2,27.59,25.92,22.62,21.98
1995-10-07,28.52,27.88,26.08,22.76,22.85
1995-10-08,28.93,27.95,26.11,23.97,23.32
1995-10-09,28.93,27.9,25.9,24.97,22.31
1995-10-10,28.58,27.78,25.74,25.29,21.45
1995-10-11,28.22,27.47,25.35,25.25,20.64
1995-10-12,28.58,27.24,25.07,25.26,20.25
1995-10-13,28.93,27.04,25.05,25.16,20.78
1995-10-14,28.69,26.88,25.18,24.38,20.95
1995-10-15,28.44,26.77,25.21,23.56,20.73
1995-10-16,28.67,26.76,25.67,23.17,20.95
1995-10-17,28.68,26.81,25.6,23.3,21.1
1995-10-18,28.71,26.86,25.41,23.65,21.23
1995-10-19,28.69,26.83,25.22,23.82,20.9
1995-10-20,28.64,26.73,25.18,23.81,20.86
1995-10-21,28.69,26.55,25.02,23.95,20.75
1995-10-22,28.71,26.28,25.33,24.14,20.67
1995-10-23,28.69,26.23,25.32,24.38,21.36
1995-10-24,29.07,26.26,25.48,24.52,21.48
1995-10-25,28.8,26.25,25.94,24.56,20.96
1995-10-26,28.86,26.53,25.84,24.28,20.81
1995-10-27,28.86,26.7,25.73,23.91,20.77
1995-10-28,28.78,26.77,25.68,23.83,20.35
1995-10-29,28.65,26.74,25.91,23.74,20.66
1995-10-30,28.45,26.64,26.24,23.65,20.39
1995-10-31,28.21,26.83,26.25,23.67,20.24
1995-11-01,28.14,26.81,26.32,23.91,20.4
1995-11-02,28.19,26.7,26.3,23.99,20.52
1995-11-03,28.11,26.76,25.85,24.02,20.52
1995-11-04,28.2,26.92,25.79,24.14,20.52
1995-11-05,28.08,26.99,25.78,23.97,20.77
1995-11-06,28.08,26.97,25.64,23.85,20.98
1995-11-07,27.99,26.93,25.55,23.77,21.22
1995-11-08,27.94,27.05,25.34,23.74,20.98
1995-11-09,28.2,26.89,25.24,23.46,21.01
1995-11-10,28.41,26.9,25.18,23.49,21.25
1995-11-11,28.48,26.98,25.2,23.53,21.44
1995-11-12,28.47,27.05,25.16,23.57,21.22
1995-11-13,28.46,27.01,25.06,23.69,21.2
1995-11-14,28.49,26.99,24.77,23.95,21.62
1995-11-15,28.55,26.89,24.83,23.84,21.62
1995-11-16,28.66,26.62,25.25,23.96,21.36
1995-11-17,28.56,26.45,25.31,24.32,21.22
1995-11-18,28.59,26.1,25.44,24.69,21.27
1995-11-19,28.55,25.99,25.8,25.07,21.42
1995-11-20,28.57,25.89,25.94,25.27,21.6
1995-11-21,28.67,26.02,25.92,25.19,21.63
1995-11-22,28.54,26.09,25.89,25.14,21.51
1995-11-23,28.73,26.37,25.77,25.05,21.47
1995-11-24,28.43,26.31,25.48,24.93,21.48
1995-11-25,28.59,26.54,25.22,24.5,21.53
1995-11-26,28.61,26.47,25.21,24.11,21.26
1995-11-27,28.96,26.39,25.23,24.28,21.26
1995-11-28,29.09,26.65,25.29,24.47,21.31
1995-11-29,28.83,26.7,25.54,24.58,21.07
1995-11-30,28.98,26.7,25.69,24.68,21.08
1995-12-01,28.76,27.09,25.97,24.84,21.29
1995-12-02,29.26,26.98,26.16,24.87,21.67
1995-12-03,29.24,26.83,26.22,24.71,21.67
1995-12-04,29.4,26.78,26.1,24.36,21.47
1995-12-05,29.34,26.87,25.85,23.92,21.29
1995-12-06,29.43,26.98,25.53,23.51,21.24
1995-12-07,29.4,26.92,25.2,23.54,21.1
1995-12-08,29.4,26.9,24.67,23.57,20.85
1995-12-09,29.42,27.03,24.35,23.07,20.75
1995-12-10,29.36,26.88,24.2,22.74,21.39
1995-12-11,29.31,26.79,24.13,22.61,22.04
1995-12-12,29.34,26.93,24.04,22.51,22.06
1995-12-13,29.7,26.97,24.07,22.62,22.05
1995-12-14,29.96,26.85,23.99,22.95,21.67
1995-12-15,30.13,26.9,24.04,23.36,21.0
1995-12-16,30.08,26.85,24.16,23.71,21.58
1995-12-17,29.91,26.95,24.27,23.87,21.28
1995-12-18,29.98,,24.43,,20.52
1995-12-19,30.34,27.14,24.6,,20.49
1995-12-20,30.37,27.0,24.78,,20.87
1995-12-21,30.49,27.06,24.96,,21.02
1995-12-22,30.5,26.83,25.29,,21.16
1995-12-23,30.45,26.86,25.16,,21.56
1995-12-24,30.3,26.89,24.99,,21.73
1995-12-25,30.39,27.12,24.89,,22.03
1995-12-26,30.25,26.91,24.86,,22.53
1995-12-27,30.22,26.85,,,22.72
1995-12-28,30.31,26.83,,,22.56
1995-12-29,30.32,,24.86,,22.5
1995-12-30,30.25,26.78,24.93,,22.5
1995-12-31,30.21,26.8,24.98,,22.31
1996-01-01,30.49,26.74,24.92,,22.11
1996-01-02,30.77,26.7,24.94,,21.85
1996-01-03,30.64,26.8,24.96,,21.63
1996-01-04,30.62,26.76,25.0,,21.33
1996-01-05,30.5,26.84,24.97,,21.0
1996-01-06,30.47,26.83,24.94,,21.63
1996-01-07,30.47,26.72,24.95,,22.07
1996-01-08,30.47,26.73,24.89,,21.92
1996-01-09,30.47,26.72,24.78,,21.7
1996-01-10,30.49,26.58,24.79,,21.58
1996-01-11,30.49,26.32,24.82,,21.82
1996-01-12,30.68,26.29,24.84,,22.41
1996-01-13,30.67,26.23,24.75,,22.63
1996-01-14,30.66,26.32,24.55,,22.9
1996-01-15,30.47,26.35,24.55,,22.8
1996-01-16,30.39,26.24,24.87,,22.77
1996-01-17,30.32,26.27,25.38,,23.69
1996-01-18,30.31,26.46,24.96,,23.87
1996-01-19,30.4,26.86,24.84,,23.73
1996-01-20,30.55,27.05,24.72,,23.55
1996-01-21,30.58,27.05,24.73,,23.64
1996-01-22,30.3,27.03,24.62,,23.86
1996-01-23,30.27,27.02,24.77,,23.95
1996-01-24,30.36,26.97,25.01,,24.17
1996-01-25,30.18,26.89,25.05,,24.38
1996-01-26,30.19,26.76,25.03,,24.26
1996-01-27,30.29,26.7,25.15,,23.79
1996-01-28,30.17,26.51,25.23,,23.56
1996-01-29,30.18,26.38,25.4,,23.39
1996-01-30,30.17,26.43,25.45,,23.26
1996-01-31,30.25,26.4,25.38,,23.39
1996-02-01,30.06,26.42,25.35,,23.52
1996-02-02,29.96,26.11,25.36,,23.25
1996-02-03,29.72,25.92,25.27,,23.36
1996-02-04,29.54,25.89,25.3,,23.47
1996-02-05,29.43,25.88,25.21,,23.57
1996-02-06,29.25,25.81,25.14,,24.04
1996-02-07,29.18,25.64,25.17,,24.13
1996-02-08,29.11,25.52,25.11,,24.39
1996-02-09,29.14,25.58,25.1,,24.69
1996-02-10,29.21,25.64,25.13,,24.79
1996-02-11,29.2,25.57,25.37,,24.82
1996-02-12,29.15,25.58,25.44,,25.93
1996-02-13,29.47,25.73,25.33,,25.54
1996-02-14,28.99,25.6,25.25,,24.75
1996-02-15,29.23,25.43,25.08,,24.87
1996-02-16,29.04,25.46,24.79,,24.99
1996-02-17,29.24,25.58,24.78,,25.16
1996-02-18,28.89,25.77,24.9,,25.34
1996-02-19,29.42,25.9,25.03,,25.4
1996-02-20,29.67,25.9,25.26,,25.34
1996-02-21,29.03,25.86,25.4,,25.23
1996-02-22,28.96,25.94,25.32,,25.33
1996-02-23,29.11,25.93,25.43,,25.31
1996-02-24,28.93,25.97,25.62,,25.43
1996-02-25,28.91,25.86,25.57,,25.24
1996-02-26,29.21,25.84,25.49,,24.95
1996-02-27,29.23,25.78,25.53,,24.61
1996-02-28,29.05,25.93,25.63,,25.36
1996-02-29,29.08,26.02,25.53,,26.02
1996-03-01,29.58,25.92,25.49,,26.02
1996-03-02,29.04,25.86,25.4,,25.75
1996-03-03,29.01,25.96,25.33,,25.5
1996-03-04,29.02,26.07,25.3,,25.59
1996-03-05,28.98,25.99,25.27,,25.45
1996-03-06,28.95,26.32,25.21,,26.19
1996-03-07,29.08,26.41,25.13,,26.56
1996-03-08,29.07,26.58,25.24,,27.14
1996-03-09,29.42,26.66,25.26,,27.95
1996-03-10,29.74,26.63,25.21,,26.85
1996-03-11,29.61,26.53,25.21,,26.22
1996-03-12,29.54,26.29,25.38,,26.39
1996-03-13,29.55,26.15,25.52,,26.97
1996-03-14,,26.14,25.55,,26.8
1996-03-15,,26.24,25.64,,26.83
1996-03-16,,26.14,25.69,,26.31
1996-03-17,,26.11,25.68,,
1996-03-18,,26.22,25.73,,
1996-03-19,,26.15,25.74,,
1996-03-20,,26.24,26.08,,
1996-03-21,,26.39,26.2,,
1996-03-22,,26.54,26.2,,
1996-03-23,,26.63,26.22,,
1996-03-24,,26.57,26.47,,
1996-03-25,,26.73,26.62,,
1996-03-26,,26.87,26.47,,
1996-03-27,,27.03,26.19,,
1996-03-28,,27.28,26.09,,
1996-03-29,,27.27,26.11,,
1996-03-30,,27.38,26.19,,
1996-03-31,,27.25,26.34,,
1996-04-01,,26.91,26.35,,
1996-04-02,,26.67,26.2,,
1996-04-03,,26.56,26.16,,
1996-04-04,,26.64,26.19,,
1996-04-05,,26.65,26.21,,
1996-04-06,,26.63,26.35,,
1996-04-07,,26.81,26.44,,
1996-04-08,,27.04,26.73,,
1996-04-09,,26.94,27.03,,
1996-04-10,,26.97,26.92,,
1996-04-11,,27.07,26.73,,
1996-04-12,,27.31,26.76,,
1996-04-13,,26.93,26.79,,
1996-04-14,,26.96,26.67,,
1996-04-15,,26.98,27.04,,
1996-04-16,,26.95,26.89,,
1996-04-17,,27.04,26.96,,
1996-04-18,,27.1,27.01,,
1996-04-19,,27.28,27.07,,
1996-04-20,,27.2,27.21,,
1996-04-21,,27.18,27.14,,
1996-04-22,,27.22,27.21,,
1996-04-23,,27.13,27.16,,
1996-04-24,,26.9,27.26,,
1996-04-25,,26.96,27.27,,
1996-04-26,,27.24,27.39,,
1996-04-27,,27.43,27.42,,
1996-04-28,,27.56,27.31,,
1996-04-29,,27.4,27.17,,
1996-04-30,,27.37,27.37,,
1996-05-01,,27.36,27.31,,
1996-05-02,,27.46,26.97,,
1996-05-03,,27.23,27.09,,
1996-05-04,,27.27,27.11,,
1996-05-05,,27.3,27.11,,
1996-05-06,,27.18,27.02,,
1996-05-07,,27.04,26.93,,
1996-05-08,,27.01,26.9,,
1996-05-09,,27.22,26.9,,
1996-05-10,,27.03,26.94,,
1996-05-11,,27.03,26.94,,
1996-05-12,,27.15,26.96,,
1996-05-13,,27.13,27.0,,
1996-05-14,,27.09,26.94,,
1996-05-15,,27.09,27.09,,
1996-05-16,,27.2,27.36,,
1996-05-17,,27.25,27.38,,
1996-05-18,,27.32,27.29,,
1996-05-19,,27.37,27.23,,
1996-05-20,,27.49,27.36,,
1996-05-21,,27.46,27.52,,24.18
1996-05-22,,27.39,27.56,,23.79
1996-05-23,,27.48,27.56,,24.05
1996-05-24,,27.52,27.38,,24.04
1996-05-25,,27.75,27.34,,23.6
1996-05-26,,27.95,27.28,,23.41
1996-05-27,,28.31,27.1,,23.51
1996-05-28,,28.28,27.12,,23.54
1996-05-29,,28.2,27.17,,23.69
1996-05-30,,28.03,27.25,,23.85
1996-05-31,,27.87,27.17,,24.42
1996-06-01,,27.84,27.13,,24.22
1996-06-02,,27.79,27.0,,24.1
1996-06-03,,27.77,26.89,,24.01
1996-06-04,,27.67,26.89,,23.99
1996-06-05,,27.63,26.94,,24.08
1996-06-06,,27.64,27.0,,24.05
1996-06-07,,27.72,27.04,,23.83
1996-06-08,,27.89,27.09,,23.61
1996-06-09,,28.06,27.17,,23.38
1996-06-10,,28.08,27.18,,23.33
1996-06-11,,28.09,27.17,,23.82
1996-06-12,,28.06,27.15,,24.33
1996-06-13,,28.05,27.07,,24.22
1996-06-14,,28.0,26.94,,24.4
1996-06-15,,27.95,26.91,,24.91
1996-06-16,,27.94,27.03,26.03,25.53
1996-06-17,,27.93,27.18,26.02,25.56
1996-06-18,,27.86,27.23,26.2,25.36
1996-06-19,,27.74,27.23,26.15,25.12
1996-06-20,,27.7,27.15,26.22,24.65
1996-06-21,,27.68,27.1,26.47,24.04
1996-06-22,,27.69,27.11,26.61,23.91
1996-06-23,,27.74,26.97,27.03,23.58
1996-06-24,,27.81,26.86,27.27,23.37
1996-06-25,,27.71,26.95,27.17,23.45
1996-06-26,,27.71,27.02,26.92,23.91
1996-06-27,,27.87,27.05,26.89,24.1
1996-06-28,,27.99,27.22,27.27,23.98
1996-06-29,,28.13,27.31,27.51,23.47
1996-06-30,,28.26,27.31,27.53,23.01
1996-07-01,,28.1,27.53,27.59,22.86
1996-07-02,,28.01,27.46,27.56,22.91
1996-07-03,,28.0,27.43,27.62,23.03
1996-07-04,,27.94,27.52,27.7,23.34
1996-07-05,,27.88,27.46,27.51,23.41
1996-07-06,,27.8,27.37,27.28,23.66
1996-07-07,,27.78,27.32,27.35,23.63
1996-07-08,,27.74,27.17,27.15,23.23
1996-07-09,,27.66,27.09,26.72,23.15
1996-07-10,,27.74,27.01,26.38,22.97
1996-07-11,,27.65,26.92,26.15,22.99
1996-07-12,,27.73,26.8,25.99,23.08
1996-07-13,28.49,27.64,26.75,25.99,23.77
1996-07-14,28.53,27.62,26.72,26.0,23.97
1996-07-15,28.51,27.6,26.76,26.18,23.96
1996-07-16,28.6,27.54,26.75,26.26,23.39
1996-07-17,28.57,27.47,26.74,26.32,22.58
1996-07-18,28.49,27.63,26.73,26.43,22.6
1996-07-19,28.52,27.68,26.6,26.35,22.54
1996-07-20,28.54,27.7,26.56,26.32,22.13
1996-07-21,28.54,27.77,26.71,26.22,22.15
1996-07-22,28.69,27.97,26.9,26.02,22.04
1996-07-23,28.8,28.25,27.17,25.67,21.99
1996-07-24,29.03,28.2,27.32,25.4,22.21
1996-07-25,28.77,27.93,26.99,25.4,22.72
1996-07-26,28.86,27.89,26.85,25.37,22.87
1996-07-27,29.16,27.88,26.65,25.26,22.82
1996-07-28,29.1,,26.49,25.12,22.91
1996-07-29,29.45,,26.3,25.09,22.93
1996-07-30,29.64,27.61,26.18,24.99,22.94
1996-07-31,29.45,27.6,26.17,24.97,22.91
1996-08-01,29.4,27.59,26.19,25.13,22.98
1996-08-02,28.97,27.64,26.2,25.19,22.61
1996-08-03,28.94,27.52,26.15,25.15,22.74
1996-08-04,29.21,27.42,26.11,25.3,22.85
1996-08-05,29.26,27.45,26.1,25.36,22.56
1996-08-06,29.1,27.6,26.09,25.18,22.43
1996-08-07,28.98,27.98,26.15,25.01,22.5
1996-08-08,28.99,28.06,26.27,25.48,22.51
1996-08-09,29.36,28.33,26.22,25.27,22.7
1996-08-10,29.3,28.26,26.1,25.28,22.89
1996-08-11,29.25,28.27,26.2,25.73,22.55
1996-08-12,29.26,28.41,26.26,26.17,22.16
1996-08-13,29.21,28.38,26.58,26.43,21.9
1996-08-14,29.1,28.2,26.71,26.44,21.82
1996-08-15,29.15,28.17,26.84,26.57,22.12
1996-08-16,29.15,28.17,26.65,26.61,22.08
1996-08-17,29.1,28.25,26.63,26.46,22.27
1996-08-18,29.05,28.24,26.36,26.63,22.1
1996-08-19,29.0,28.09,26.6,26.73,22.01
1996-08-20,28.98,27.9,26.72,26.54,22.07
1996-08-21,29.16,27.84,26.88,26.05,21.85
1996-08-22,29.29,27.84,27.03,24.9,21.92
1996-08-23,28.93,27.83,26.98,24.88,21.94
1996-08-24,28.82,27.69,27.04,25.09,21.8
1996-08-25,28.78,27.61,27.07,25.32,21.31
1996-08-26,28.72,27.56,27.03,25.47,21.37
1996-08-27,28.78,27.57,26.95,25.51,21.58
1996-08-28,28.86,27.47,26.8,25.51,21.46
1996-08-29,29.21,27.4,26.69,25.42,21.23
1996-08-30,28.91,27.4,26.65,25.29,21.07
1996-08-31,28.9,27.62,26.67,24.96,21.0
1996-09-01,28.96,27.63,26.72,24.74,20.74
1996-09-02,28.87,27.46,26.68,25.19,20.73
1996-09-03,29.07,27.36,26.58,25.57,21.86
1996-09-04,28.92,27.32,26.49,25.84,21.92
1996-09-05,29.03,27.32,26.46,25.42,21.51
1996-09-06,28.93,27.28,26.49,25.24,21.15
1996-09-07,29.11,27.32,26.6,24.84,21.02
1996-09-08,28.8,27.28,26.62,24.84,21.26
1996-09-09,28.81,27.24,26.6,24.77,22.85
1996-09-10,28.78,27.14,26.46,24.46,22.83
1996-09-11,28.77,27.1,26.26,24.35,22.48
1996-09-12,28.71,27.35,26.03,24.64,22.28
1996-09-13,28.59,27.28,26.12,24.98,23.23
1996-09-14,28.8,27.15,26.06,25.19,23.46
1996-09-15,29.15,27.23,25.8,25.48,23.3
1996-09-16,29.39,27.61,25.76,25.53,22.73
1996-09-17,29.55,27.53,25.66,25.38,21.98
1996-09-18,29.58,27.08,25.51,25.19,21.23
1996-09-19,29.36,27.04,25.49,24.95,21.01
1996-09-20,29.62,27.06,25.53,24.76,21.03
1996-09-21,29.81,27.08,25.7,24.84,21.19
1996-09-22,29.92,27.16,25.64,25.07,21.24
1996-09-23,29.96,27.27,25.64,25.18,21.49
1996-09-24,29.57,27.27,25.51,25.57,21.56
1996-09-25,29.37,27.33,25.48,25.83,21.59
1996-09-26,29.22,27.29,25.95,25.28,21.88
1996-09-27,29.17,27.3,25.95,24.56,23.06
1996-09-28,29.09,27.29,25.57,24.09,23.77
1996-09-29,28.84,27.26,25.33,23.97,24.17
1996-09-30,28.68,27.33,25.31,24.59,24.57
1996-10-01,28.63,27.38,25.35,25.16,24.44
1996-10-02,28.78,27.47,25.33,25.13,23.85
1996-10-03,28.79,27.49,25.5,25.11,24.14
1996-10-04,28.92,27.57,25.57,25.37,24.42
1996-10-05,29.27,27.59,26.04,25.12,24.22
1996-10-06,29.08,27.56,25.99,24.75,23.39
1996-10-07,29.01,27.64,25.99,24.72,22.56
1996-10-08,28.82,27.75,25.82,24.94,22.05
1996-10-09,29.0,27.67,25.61,25.27,21.69
1996-10-10,28.75,27.59,25.45,25.44,21.72
1996-10-11,28.61,27.57,25.69,25.46,21.74
1996-10-12,28.64,27.62,26.16,25.36,21.63
1996-10-13,28.58,27.69,26.49,24.96,21.59
1996-10-14,28.55,27.74,26.31,24.75,21.47
1996-10-15,28.66,27.74,26.14,24.74,21.23
1996-10-16,28.89,28.04,26.45,24.66,20.94
1996-10-17,28.78,28.2,26.53,24.64,20.9
1996-10-18,28.8,28.18,26.4,24.63,20.79
1996-10-19,28.89,28.13,26.22,24.74,20.58
1996-10-20,28.75,27.99,26.18,24.84,20.53
1996-10-21,28.62,27.9,26.02,25.03,20.49
1996-10-22,28.73,27.89,25.94,24.95,20.54
1996-10-23,28.65,27.8,26.07,24.91,20.68
1996-10-24,28.54,27.67,26.22,24.85,20.63
1996-10-25,28.61,27.63,26.3,24.8,20.66
1996-10-26,28.53,27.49,26.3,24.9,21.01
1996-10-27,28.61,27.21,26.28,25.2,21.3
1996-10-28,28.79,26.97,26.27,25.31,21.23
1996-10-29,28.95,26.88,26.37,25.21,21.19
1996-10-30,28.94,26.79,26.39,25.25,21.1
1996-10-31,29.01,26.99,26.23,25.13,21.17
1996-11-01,29.13,26.86,26.08,24.89,21.35
1996-11-02,29.08,26.75,25.89,24.8,21.43
1996-11-03,28.93,26.9,25.76,24.57,21.49
1996-11-04,28.81,27.06,25.4,24.35,21.48
1996-11-05,28.7,27.1,25.16,24.44,21.5
1996-11-06,28.66,27.05,25.26,24.66,21.59
1996-11-07,28.67,26.96,25.46,24.81,21.68
1996-11-08,28.93,26.82,25.45,24.87,21.89
1996-11-09,29.02,26.72,25.33,24.85,22.25
1996-11-10,28.79,26.81,25.66,24.8,22.04
1996-11-11,28.62,26.83,25.86,24.8,22.15
1996-11-12,28.7,26.78,26.25,24.76,22.63
1996-11-13,28.72,26.96,26.74,24.69,23.48
1996-11-14,29.27,27.12,26.78,24.53,24.07
1996-11-15,29.03,27.01,27.25,24.34,24.26
1996-11-16,29.43,27.2,27.3,24.41,23.79
1996-11-17,29.17,27.26,27.16,24.86,23.01
1996-11-18,29.2,27.5,27.01,24.95,22.05
1996-11-19,29.41,27.42,27.06,25.13,21.51
1996-11-20,29.26,27.34,27.0,24.8,21.43
1996-11-21,29.42,27.28,26.77,24.44,21.43
1996-11-22,29.37,27.42,26.78,24.29,21.48
1996-11-23,29.28,27.78,26.64,24.05,21.54
1996-11-24,29.23,27.93,26.51,24.12,21.54
1996-11-25,29.24,27.93,26.41,24.31,21.56
1996-11-26,29.15,27.9,26.32,24.49,21.58
1996-11-27,29.29,27.82,26.26,24.46,21.51
1996-11-28,29.2,27.8,26.4,24.38,21.53
1996-11-29,29.28,27.83,26.69,24.3,21.37
1996-11-30,29.3,27.66,26.82,24.28,21.32
1996-12-01,29.07,,26.81,24.26,21.45
1996-12-02,29.17,27.56,26.73,24.27,21.56
1996-12-03,29.41,27.34,26.61,24.39,21.56
1996-12-04,29.84,27.46,26.37,24.85,21.45
1996-12-05,29.76,27.59,26.11,24.76,21.33
1996-12-06,29.93,27.41,26.03,24.69,21.35
1996-12-07,29.78,27.32,26.03,24.65,21.39
1996-12-08,29.94,27.54,25.97,24.58,21.37
1996-12-09,29.65,27.31,25.92,24.43,21.39
1996-12-10,30.13,27.2,,24.38,21.34
1996-12-11,30.22,27.04,,24.55,21.22
1996-12-12,30.28,26.88,25.67,24.48,20.89
1996-12-13,29.97,26.91,25.68,24.5,21.09
1996-12-14,29.99,26.91,25.7,24.59,21.0
1996-12-15,30.07,26.92,25.63,24.66,20.99
1996-12-16,29.97,27.0,25.74,24.81,21.33
1996-12-17,29.91,27.14,25.87,24.87,21.77
1996-12-18,29.86,27.14,25.87,24.52,21.76
1996-12-19,29.73,27.01,25.89,24.09,21.31
1996-12-20,29.69,26.99,25.9,23.85,21.07
1996-12-21,29.73,27.16,25.92,23.96,21.06
1996-12-22,29.79,27.15,25.95,24.1,21.0
1996-12-23,29.97,27.23,25.96,24.13,21.3
1996-12-24,30.02,27.17,25.91,24.18,21.53
1996-12-25,29.9,27.14,25.85,24.21,21.59
1996-12-26,29.73,27.12,25.85,24.28,22.02
1996-12-27,29.74,27.19,25.92,24.22,22.09
1996-12-28,29.84,27.33,26.02,23.96,22.14
1996-12-29,29.91,27.34,25.92,23.89,22.38
1996-12-30,29.83,27.25,25.87,24.23,22.53
1996-12-31,29.86,27.31,25.95,24.48,22.85
1997-01-01,29.92,27.47,25.93,24.91,22.73
1997-01-02,29.87,27.51,25.86,24.8,22.67
1997-01-03,29.71,27.66,25.86,24.74,22.27
1997-01-04,29.66,27.7,25.89,24.72,22.41
1997-01-05,29.81,27.89,25.88,24.6,22.46
1997-01-06,29.88,27.85,25.91,24.52,22.43
1997-01-07,29.8,27.89,25.94,24.58,22.35
1997-01-08,29.81,27.88,26.11,24.71,22.41
1997-01-09,29.76,27.78,26.36,24.75,22.69
1997-01-10,29.76,27.79,26.16,24.94,22.88
1997-01-11,30.08,27.77,26.17,25.03,22.82
1997-01-12,29.76,27.96,26.22,25.27,22.84
1997-01-13,29.94,28.02,26.19,25.34,22.84
1997-01-14,29.64,28.0,26.18,25.1,22.61
1997-01-15,29.67,27.93,26.22,24.94,22.95
1997-01-16,29.71,27.91,26.27,24.79,23.45
1997-01-17,29.86,27.9,26.33,24.74,23.35
1997-01-18,29.77,27.75,26.34,24.76,23.35
1997-01-19,29.93,27.68,26.36,24.71,23.45
1997-01-20,29.79,27.67,26.41,24.67,23.77
1997-01-21,29.8,27.64,26.42,24.66,23.88
1997-01-22,30.19,27.64,26.39,24.63,23.52
1997-01-23,30.06,27.61,26.38,24.57,23.69
1997-01-24,29.92,27.58,26.43,24.83,24.2
1997-01-25,29.93,27.56,26.41,25.16,24.88
1997-01-26,29.86,27.52,26.4,25.16,25.29
1997-01-27,29.87,27.45,26.45,25.2,25.47
1997-01-28,29.97,27.51,26.47,25.36,25.43
1997-01-29,29.81,27.51,26.5,25.36,25.31
1997-01-30,29.72,27.45,26.49,25.34,25.05
1997-01-31,29.74,27.37,26.43,25.27,24.88
1997-02-01,29.7,27.37,26.43,25.16,24.88
1997-02-02,29.74,27.36,26.4,25.08,24.28
1997-02-03,29.75,27.31,26.43,25.06,23.82
1997-02-04,29.81,27.27,26.45,25.11,23.83
1997-02-05,29.61,27.25,26.38,25.3,24.01
1997-02-06,29.65,27.28,26.28,25.36,23.83
1997-02-07,29.89,27.31,26.16,25.44,23.68
1997-02-08,29.86,27.29,26.02,25.56,23.76
1997-02-09,29.99,27.31,25.84,25.72,24.57
1997-02-10,29.91,27.31,25.84,25.8,24.3
1997-02-11,29.77,27.4,25.88,25.76,24.18
1997-02-12,29.82,27.48,25.83,25.59,24.22
1997-02-13,30.11,27.43,25.82,25.52,24.42
1997-02-14,29.96,27.41,25.93,25.5,24.51
1997-02-15,29.9,27.43,26.1,25.59,24.67
1997-02-16,29.92,27.38,25.99,25.52,24.94
1997-02-17,29.88,27.3,26.04,25.53,25.25
1997-02-18,29.94,27.21,26.01,25.6,25.43
1997-02-19,30.03,27.05,25.95,25.64,25.31
1997-02-20,29.89,26.98,25.94,25.67,25.61
1997-02-21,29.83,26.97,26.0,25.68,25.75
1997-02-22,29.79,27.04,25.96,25.81,25.72
1997-02-23,29.97,27.06,25.75,25.62,25.68
1997-02-24,29.75,27.06,25.87,25.49,25.65
1997-02-25,29.83,27.01,25.96,25.53,25.7
1997-02-26,29.87,27.07,25.98,25.42,25.52
1997-02-27,29.66,27.27,25.9,25.47,25.53
1997-02-28,29.79,27.17,25.84,25.73,26.16
1997-03-01,29.45,27.0,25.78,25.93,26.38
1997-03-02,29.16,26.94,25.74,25.95,26.21
1997-03-03,29.52,26.98,25.77,25.97,26.12
1997-03-04,29.61,27.13,25.92,25.81,26.37
1997-03-05,29.79,27.09,25.89,25.7,26.68
1997-03-06,29.79,27.14,25.86,25.7,26.95
1997-03-07,29.81,27.25,25.97,25.76,26.31
1997-03-08,29.95,27.14,26.03,25.94,26.18
1997-03-09,30.01,27.18,26.34,26.15,26.27
1997-03-10,30.29,27.17,26.4,26.22,26.26
1997-03-11,29.95,27.41,26.5,26.57,26.2
1997-03-12,29.97,27.47,26.34,26.58,26.72
1997-03-13,29.94,27.45,26.05,26.47,26.35
1997-03-14,29.79,27.27,25.95,26.42,25.9
1997-03-15,29.77,27.24,25.95,26.38,25.54
1997-03-16,29.83,27.28,26.05,26.39,26.09
1997-03-17,29.92,27.29,26.49,26.32,26.58
1997-03-18,30.34,27.32,26.87,26.39,26.51
1997-03-19,29.98,27.43,26.6,26.54,26.0
1997-03-20,30.0,27.47,26.19,26.39,26.83
1997-03-21,29.88,27.59,26.27,26.38,27.27
1997-03-22,30.19,27.86,26.3,26.38,27.64
1997-03-23,30.28,28.36,26.28,26.52,27.5
1997-03-24,30.27,28.28,26.4,26.73,27.25
1997-03-25,30.23,28.44,26.42,26.89,27.18
1997-03-26,30.36,28.26,26.51,26.72,26.84
1997-03-27,30.11,28.32,26.56,26.67,26.75
1997-03-28,30.05,28.85,26.56,26.43,27.17
1997-03-29,29.88,29.12,26.52,26.38,27.84
1997-03-30,29.97,29.42,26.57,26.44,27.78
1997-03-31,29.98,29.42,26.78,26.47,27.5
1997-04-01,29.97,29.52,26.95,26.49,27.54
1997-04-02,29.95,29.55,26.92,26.43,27.55
1997-04-03,30.02,29.59,26.93,26.37,27.7
1997-04-04,29.83,28.93,27.0,26.35,27.63
1997-04-05,29.78,28.61,27.08,26.33,27.31
1997-04-06,30.39,28.6,27.22,26.46,26.66
1997-04-07,29.96,28.72,27.15,26.66,26.16
1997-04-08,30.08,28.82,27.17,26.68,25.81
1997-04-09,29.88,28.92,27.28,26.8,25.45
1997-04-10,30.0,29.08,27.45,26.85,25.25
1997-04-11,29.84,28.96,27.77,26.91,25.29
1997-04-12,29.89,28.81,27.63,26.86,25.49
1997-04-13,29.8,28.74,27.61,26.91,25.87
1997-04-14,29.71,28.78,27.55,27.09,26.04
1997-04-15,29.64,28.84,27.59,26.95,26.31
1997-04-16,29.65,28.83,27.64,27.03,26.22
1997-04-17,29.59,28.99,27.71,27.19,26.69
1997-04-18,29.54,29.39,27.86,27.35,26.95
1997-04-19,29.54,29.33,27.87,27.43,26.93
1997-04-20,29.49,29.38,27.95,27.48,26.64
1997-04-21,29.6,29.09,27.94,27.63,26.87
1997-04-22,29.52,29.15,27.93,27.7,26.84
1997-04-23,29.56,29.33,28.01,27.76,26.91
1997-04-24,29.58,29.15,28.22,27.41,26.9
1997-04-25,29.64,29.23,28.32,27.54,26.78
1997-04-26,29.44,29.25,28.06,27.6,27.0
1997-04-27,29.31,29.34,27.87,27.64,27.75
1997-04-28,29.41,29.45,27.86,27.87,27.62
1997-04-29,29.4,29.51,27.93,28.03,27.66
1997-04-30,29.41,29.56,28.1,27.8,28.03
1997-05-01,29.51,29.74,28.33,27.8,28.79
1997-05-02,29.42,29.79,28.19,27.88,28.86
1997-05-03,29.6,29.86,28.19,27.86,28.79
1997-05-04,29.41,29.98,28.49,27.88,28.76
1997-05-05,29.28,29.94,28.65,27.88,28.57
1997-05-06,29.43,29.96,28.21,27.95,28.34
1997-05-07,29.39,30.0,28.19,28.03,27.79
1997-05-08,29.32,29.76,28.44,28.13,27.12
1997-05-09,29.57,29.94,28.65,28.31,27.14
1997-05-10,29.52,29.76,28.68,28.38,27.22
1997-05-11,29.57,29.82,28.59,28.38,27.27
1997-05-12,29.61,29.88,28.54,28.22,27.29
1997-05-13,29.7,29.77,,28.06,27.28
1997-05-14,29.73,29.67,28.5,27.98,27.19
1997-05-15,29.7,29.7,28.53,27.88,27.15
1997-05-16,29.62,29.7,28.57,27.92,27.06
1997-05-17,29.59,29.81,28.57,27.83,26.97
1997-05-18,29.72,29.69,28.53,27.69,27.01
1997-05-19,29.58,29.95,28.6,27.66,27.13
1997-05-20,29.84,29.69,28.48,27.76,27.15
1997-05-21,29.76,29.87,28.59,27.91,27.08
1997-05-22,29.63,29.97,28.69,27.92,27.03
1997-05-23,29.48,29.78,28.66,28.07,27.12
1997-05-24,29.3,,28.64,28.05,27.31
1997-05-25,29.22,,28.86,27.94,27.32
1997-05-26,29.23,29.92,28.87,27.94,27.26
1997-05-27,29.25,29.72,28.86,28.03,27.19
1997-05-28,29.35,29.97,28.87,28.07,27.08
1997-05-29,29.71,29.9,28.87,28.14,27.03
1997-05-30,29.51,29.73,29.08,28.13,27.02
1997-05-31,29.27,29.52,29.18,28.11,26.87
1997-06-01,29.31,29.41,29.26,27.97,26.82
1997-06-02,29.17,29.33,29.34,28.04,26.87
1997-06-03,29.13,29.42,29.2,28.22,26.95
1997-06-04,29.11,29.44,29.03,28.77,26.91
1997-06-05,29.19,29.45,29.01,28.84,26.96
1997-06-06,29.26,29.5,29.08,28.59,27.04
1997-06-07,29.31,29.38,29.07,28.39,26.96
1997-06-08,29.15,29.43,29.1,28.5,27.05
1997-06-09,29.12,29.42,29.12,28.56,27.08
1997-06-10,29.2,29.41,29.5,28.51,27.06
1997-06-11,29.14,29.41,29.42,28.86,27.08
1997-06-12,29.19,29.52,29.69,28.78,27.16
1997-06-13,29.28,29.55,29.37,28.78,27.23
1997-06-14,29.22,29.61,29.33,29.04,27.26
1997-06-15,29.14,29.7,29.49,29.28,27.28
1997-06-16,29.13,30.03,29.46,29.09,27.18
1997-06-17,29.27,29.9,29.43,29.0,27.14
1997-06-18,29.32,29.57,29.4,28.91,27.1
1997-06-19,29.39,29.47,29.31,28.94,27.13
1997-06-20,29.38,29.34,29.39,28.95,27.14
1997-06-21,29.33,29.83,29.55,29.0,27.07
1997-06-22,29.4,29.54,29.65,28.97,27.04
1997-06-23,29.4,29.55,29.67,29.02,27.05
1997-06-24,29.22,29.47,29.54,29.21,27.13
1997-06-25,29.4,29.4,29.53,29.02,27.22
1997-06-26,29.9,29.36,29.64,29.13,27.31
1997-06-27,29.86,29.37,29.61,29.21,27.36
1997-06-28,29.89,29.44,29.64,29.3,27.47
1997-06-29,29.75,29.52,29.56,29.32,27.49
1997-06-30,29.74,29.47,29.48,29.32,27.51
1997-07-01,29.58,29.54,29.49,29.35,27.53
1997-07-02,29.51,29.59,29.54,29.31,27.45
1997-07-03,29.77,29.49,29.43,29.3,27.43
1997-07-04,29.92,29.6,29.38,29.24,27.36
1997-07-05,29.83,29.65,29.38,29.09,27.4
1997-07-06,29.27,29.46,29.39,29.07,27.39
1997-07-07,29.46,29.45,29.32,29.1,27.36
1997-07-08,29.52,29.48,29.31,29.11,27.51
1997-07-09,29.56,29.71,29.34,28.89,27.66
1997-07-10,29.57,29.58,29.58,28.86,27.69
1997-07-11,29.95,29.56,29.47,28.89,27.83
1997-07-12,29.48,29.52,29.44,29.01,27.9
1997-07-13,29.25,29.53,29.42,29.12,27.94
1997-07-14,29.6,29.55,29.42,28.99,27.85
1997-07-15,29.2,29.61,29.4,28.94,27.87
1997-07-16,29.55,29.54,29.34,28.92,27.84
1997-07-17,29.77,29.46,29.29,29.0,27.67
1997-07-18,29.58,29.55,29.37,28.98,27.13
1997-07-19,29.46,29.66,29.34,28.93,27.0
1997-07-20,29.34,29.56,29.29,28.98,26.95
1997-07-21,29.4,29.12,29.23,28.94,27.15
1997-07-22,29.37,29.28,29.14,28.9,27.37
1997-07-23,29.4,29.65,29.18,28.86,27.41
1997-07-24,29.25,29.58,29.2,28.91,27.36
1997-07-25,29.1,29.53,29.2,28.93,27.25
1997-07-26,29.13,29.48,29.29,28.75,27.24
1997-07-27,29.12,29.5,29.35,28.68,27.35
1997-07-28,28.97,29.64,29.23,28.54,27.27
1997-07-29,28.97,29.59,29.23,28.44,27.26
1997-07-30,28.89,29.6,29.13,28.26,27.3
1997-07-31,28.79,29.58,29.07,28.14,27.56
1997-08-01,28.72,29.54,29.05,28.24,27.67
1997-08-02,28.64,29.45,29.06,28.17,27.73
1997-08-03,28.6,29.52,29.13,28.24,27.78
1997-08-04,28.63,29.56,29.23,28.42,27.61
1997-08-05,28.63,29.64,29.17,28.35,27.08
1997-08-06,28.67,29.66,29.16,28.09,26.9
1997-08-07,28.78,29.92,29.02,27.88,27.05
1997-08-08,28.89,29.79,28.85,27.74,27.03
1997-08-09,28.85,29.75,28.77,27.79,27.19
1997-08-10,28.58,29.84,28.84,27.87,27.31
1997-08-11,28.67,29.89,28.81,27.9,27.76
1997-08-12,28.63,30.05,28.88,28.0,27.85
1997-08-13,28.69,29.99,28.94,28.04,27.95
1997-08-14,28.66,29.94,28.89,28.47,28.03
1997-08-15,28.63,29.96,28.8,28.46,28.01
1997-08-16,28.56,29.76,28.92,28.63,27.86
1997-08-17,28.6,30.01,29.41,28.81,27.4
1997-08-18,28.61,30.14,29.29,28.91,26.56
1997-08-19,28.67,29.94,29.39,28.66,26.61
1997-08-20,28.7,29.76,29.09,28.44,26.64
1997-08-21,28.72,29.57,29.04,28.49,26.68
1997-08-22,28.78,29.52,29.19,28.31,26.66
1997-08-23,28.82,29.56,29.46,28.29,26.66
1997-08-24,29.12,29.65,29.24,27.94,26.42
1997-08-25,28.98,29.54,29.04,27.85,26.81
1997-08-26,29.03,29.42,29.13,28.0,26.83
1997-08-27,29.23,29.28,29.2,28.01,26.29
1997-08-28,28.92,29.2,29.05,28.21,26.01
1997-08-29,28.99,29.15,29.25,28.31,26.11
1997-08-30,29.01,29.19,29.33,28.49,26.78
1997-08-31,28.91,29.15,29.39,28.51,26.88
1997-09-01,28.91,29.37,29.57,28.56,27.29
1997-09-02,28.96,29.31,29.58,28.51,27.81
1997-09-03,28.76,29.24,29.76,28.54,28.04
1997-09-04,28.62,29.25,29.46,28.63,28.12
1997-09-05,28.57,29.0,29.46,28.87,28.05
1997-09-06,28.52,29.57,29.49,28.88,28.01
1997-09-07,28.58,29.61,29.45,28.71,27.84
1997-09-08,28.64,29.2,29.32,28.57,27.43
1997-09-09,28.65,29.1,29.32,28.55,27.04
1997-09-10,28.59,29.06,29.46,28.51,26.92
1997-09-11,28.57,29.49,29.37,28.49,26.7
1997-09-12,28.56,29.73,29.46,28.48,26.63
1997-09-13,28.56,29.45,29.36,28.46,26.58
1997-09-14,28.55,29.55,29.44,28.24,26.52
1997-09-15,28.59,29.74,29.43,28.46,26.49
1997-09-16,28.75,29.48,29.49,28.5,26.43
1997-09-17,28.73,29.32,29.65,28.58,26.65
1997-09-18,28.83,29.5,29.62,28.71,26.99
1997-09-19,29.1,29.28,29.64,28.62,27.53
1997-09-20,29.22,29.45,29.75,28.93,27.79
1997-09-21,29.1,29.46,29.84,28.96,27.87
1997-09-22,29.52,29.56,29.82,28.79,27.82
1997-09-23,29.13,29.86,29.88,28.71,27.56
1997-09-24,29.25,29.79,29.92,28.72,27.36
1997-09-25,29.12,29.64,30.21,28.73,27.2
1997-09-26,29.07,29.72,30.21,28.6,27.15
1997-09-27,29.39,29.73,29.71,28.62,27.12
1997-09-28,29.51,29.79,29.75,28.82,27.06
1997-09-29,28.95,29.87,29.92,29.02,27.04
1997-09-30,28.97,29.78,30.2,28.87,27.05
1997-10-01,28.78,29.66,30.24,28.93,27.1
1997-10-02,28.72,29.74,30.19,28.93,27.16
1997-10-03,28.74,29.66,30.08,29.06,27.34
1997-10-04,28.94,29.51,30.26,29.15,27.65
1997-10-05,28.91,29.48,30.15,29.21,27.72
1997-10-06,28.83,29.43,30.6,29.23,27.89
1997-10-07,28.86,29.3,30.45,29.15,27.87
1997-10-08,28.83,29.21,30.05,29.14,27.8
1997-10-09,28.76,29.21,30.07,29.18,27.75
1997-10-10,28.66,29.2,30.13,29.32,27.65
1997-10-11,28.38,29.39,30.08,29.45,27.68
1997-10-12,28.43,29.22,30.15,29.49,27.57
1997-10-13,28.71,29.28,30.2,29.25,27.44
1997-10-14,29.12,29.17,30.11,29.11,27.41
1997-10-15,29.06,29.21,30.02,29.24,27.56
1997-10-16,29.19,29.12,30.15,29.3,27.75
1997-10-17,29.26,28.98,30.22,29.12,27.89
1997-10-18,29.56,29.23,30.02,29.18,27.98
1997-10-19,29.57,29.35,30.23,29.17,27.95
1997-10-20,29.39,29.28,30.1,29.19,27.75
1997-10-21,29.27,29.16,29.89,29.28,27.75
1997-10-22,29.08,29.16,29.76,29.26,27.84
1997-10-23,29.08,28.96,29.81,29.3,27.92
1997-10-24,29.01,28.87,29.67,29.4,27.88
1997-10-25,28.95,28.92,29.64,29.42,27.86
1997-10-26,28.79,28.93,29.66,29.41,27.84
1997-10-27,28.58,28.88,29.72,29.47,27.88
1997-10-28,28.59,28.81,29.65,29.43,27.83
1997-10-29,28.54,28.77,29.61,29.37,27.78
1997-10-30,28.55,28.75,29.53,29.37,27.74
1997-10-31,28.7,28.71,29.54,29.41,27.67
1997-11-01,28.76,28.84,29.45,29.52,27.59
1997-11-02,28.67,29.06,29.59,29.68,27.55
1997-11-03,28.67,29.13,29.78,29.7,27.57
1997-11-04,28.62,28.98,29.97,29.87,27.62
1997-11-05,28.56,29.29,29.98,29.86,27.65
1997-11-06,28.78,29.49,29.75,29.78,27.83
1997-11-07,29.26,29.55,29.6,29.96,28.01
1997-11-08,29.43,29.5,29.47,29.91,28.04
1997-11-09,29.35,29.65,29.42,30.07,28.02
1997-11-10,29.64,29.62,29.26,30.04,28.05
1997-11-11,29.48,29.4,29.4,29.91,28.07
1997-11-12,29.3,29.81,29.63,29.81,28.09
1997-11-13,29.22,29.86,,29.82,28.2
1997-11-14,29.36,29.72,,29.91,28.25
1997-11-15,29.68,29.76,29.9,29.96,28.42
1997-11-16,29.91,29.84,29.71,29.88,28.58
1997-11-17,29.58,30.03,29.87,29.8,28.52
1997-11-18,29.7,30.0,30.19,29.75,28.35
1997-11-19,30.09,29.8,29.92,29.64,28.28
1997-11-20,30.01,29.89,29.97,29.5,28.18
1997-11-21,29.68,29.89,30.14,29.56,28.06
1997-11-22,29.72,29.61,29.69,29.56,28.04
1997-11-23,29.9,29.44,29.63,29.48,28.09
1997-11-24,29.84,29.24,29.6,29.59,28.12
1997-11-25,30.0,29.13,29.47,29.84,28.13
1997-11-26,30.12,28.92,29.5,29.89,28.11
1997-11-27,29.74,29.0,29.65,30.0,28.15
1997-11-28,29.72,28.94,29.57,29.73,28.19
1997-11-29,29.99,28.89,29.52,29.43,28.17
1997-11-30,29.77,29.0,29.46,29.69,28.21
1997-12-01,29.73,29.03,29.25,29.65,28.21
1997-12-02,29.6,28.96,29.16,29.65,28.25
1997-12-03,29.88,28.94,29.17,29.64,28.26
1997-12-04,29.64,28.85,29.21,29.56,28.23
1997-12-05,29.58,28.88,29.53,29.64,28.32
1997-12-06,29.47,28.92,29.34,29.93,28.02
1997-12-07,29.47,28.93,29.27,29.83,28.03
1997-12-08,29.57,28.89,29.35,29.77,28.15
1997-12-09,29.52,28.93,29.44,29.53,28.52
1997-12-10,29.49,29.01,29.56,29.77,28.48
1997-12-11,29.42,29.02,29.7,29.94,28.56
1997-12-12,29.44,29.04,29.63,29.77,28.59
1997-12-13,29.33,29.09,29.3,29.91,28.46
1997-12-14,29.31,29.19,29.38,29.66,28.42
1997-12-15,29.2,29.13,29.6,29.82,28.55
1997-12-16,29.14,29.15,29.41,29.83,28.52
1997-12-17,29.32,29.13,29.37,29.88,28.51
1997-12-18,29.28,29.14,29.23,29.78,28.72
1997-12-19,29.52,29.22,29.19,29.95,28.98
1997-12-20,29.7,29.04,29.29,29.75,28.57
1997-12-21,29.34,29.1,29.54,29.71,28.5
1997-12-22,29.3,29.15,29.34,29.58,28.53
1997-12-23,29.22,29.09,29.45,29.49,28.73
1997-12-24,29.15,29.01,29.51,29.64,29.02
1997-12-25,29.16,28.96,29.46,29.71,28.94
1997-12-26,29.13,28.96,29.67,29.67,28.86
1997-12-27,29.09,28.76,29.48,29.77,28.78
1997-12-28,29.05,28.93,29.2,29.59,28.83
1997-12-29,29.09,29.07,29.14,29.58,29.08
1997-12-30,29.2,29.19,29.1,29.63,28.91
1997-12-31,29.01,29.2,29.16,29.64,28.74
1998-01-01,29.01,29.06,29.35,29.55,28.65
1998-01-02,29.03,28.55,29.6,29.64,28.57
1998-01-03,29.02,28.88,29.41,29.47,28.51
1998-01-04,29.02,28.83,29.28,29.65,28.59
1998-01-05,28.98,28.98,29.59,29.88,28.48
1998-01-06,28.93,28.99,29.5,29.61,28.63
1998-01-07,28.91,29.15,29.57,29.57,29.0
1998-01-08,28.83,29.2,29.67,29.7,29.09
1998-01-09,28.86,29.26,29.7,29.61,28.78
1998-01-10,28.94,29.17,29.54,29.63,28.76
1998-01-11,28.94,29.35,29.74,29.68,28.78
1998-01-12,28.97,29.11,29.77,29.47,29.03
1998-01-13,29.13,29.01,29.5,29.36,28.78
1998-01-14,29.03,29.07,29.67,29.52,28.76
1998-01-15,29.08,29.0,29.71,29.48,28.73
1998-01-16,29.11,29.12,29.77,29.4,28.66
1998-01-17,29.04,29.1,29.77,29.56,28.7
1998-01-18,28.97,29.15,29.74,29.59,28.83
1998-01-19,28.86,29.12,29.7,29.54,28.89
1998-01-20,28.43,29.09,29.76,29.34,28.82
1998-01-21,28.3,29.14,29.78,29.37,28.9
1998-01-22,28.02,29.19,29.83,29.25,29.04
1998-01-23,27.87,29.13,29.81,29.07,29.06
1998-01-24,27.84,29.24,29.74,29.17,29.0
1998-01-25,27.94,29.31,29.53,29.52,29.04
1998-01-26,28.17,29.32,29.42,29.19,29.22
1998-01-27,28.17,29.32,29.46,29.11,29.33
1998-01-28,28.11,29.26,29.52,29.06,29.29
1998-01-29,27.96,29.21,29.59,29.18,29.41
1998-01-30,28.13,29.22,29.47,29.44,29.33
1998-01-31,28.27,29.11,29.35,29.37,29.55
1998-02-01,28.27,28.99,29.23,29.43,29.64
1998-02-02,28.56,28.93,29.16,29.25,29.35
1998-02-03,28.81,29.06,29.15,29.39,29.59
1998-02-04,28.73,29.16,29.14,29.24,29.25
1998-02-05,28.82,29.15,29.26,29.26,28.97
1998-02-06,28.78,29.21,29.56,29.24,28.94
1998-02-07,28.6,29.17,29.62,29.07,28.91
1998-02-08,28.31,29.17,29.65,28.99,29.12
1998-02-09,28.52,29.3,29.58,29.0,29.28
1998-02-10,28.27,29.4,29.54,29.01,29.23
1998-02-11,28.17,29.35,29.67,28.95,29.06
1998-02-12,28.28,29.31,29.53,28.74,28.51
1998-02-13,28.4,29.37,29.17,28.91,29.03
1998-02-14,28.75,29.28,29.01,28.95,29.39
1998-02-15,28.81,29.08,29.13,28.88,29.38
1998-02-16,28.86,28.8,29.01,28.68,29.48
1998-02-17,28.61,28.71,28.41,28.43,29.53
1998-02-18,28.49,28.72,28.4,28.3,29.55
1998-02-19,28.91,28.87,28.37,28.25,29.3
1998-02-20,28.3,28.85,29.14,28.24,29.16
1998-02-21,27.7,28.85,29.3,28.22,28.85
1998-02-22,27.76,28.88,29.41,28.22,29.16
1998-02-23,28.21,28.86,29.41,28.51,29.22
1998-02-24,28.22,28.99,29.29,28.63,29.15
1998-02-25,28.32,29.14,28.91,28.68,29.43
1998-02-26,28.44,28.95,28.14,28.77,29.6
1998-02-27,28.08,28.73,27.74,28.74,29.69
1998-02-28,28.24,28.45,27.74,28.68,29.9
1998-03-01,28.14,28.82,27.79,28.66,
1998-03-02,28.09,28.61,27.68,28.35,
1998-03-03,27.98,28.21,27.6,28.09,29.94
1998-03-04,27.9,27.99,27.65,28.15,29.66
1998-03-05,28.11,28.46,27.52,27.9,29.54
1998-03-06,28.38,28.84,27.5,27.55,29.67
1998-03-07,28.64,28.74,27.98,27.51,29.61
1998-03-08,28.81,28.99,27.84,27.98,29.55
1998-03-09,29.03,29.34,28.59,28.4,29.76
1998-03-10,29.23,29.43,28.74,28.11,29.63
1998-03-11,29.26,29.36,28.84,27.81,29.62
1998-03-12,29.0,29.3,28.87,28.74,29.61
1998-03-13,28.28,29.45,28.88,28.84,29.94
1998-03-14,28.25,29.4,28.67,28.87,30.01
1998-03-15,28.49,29.35,28.72,28.85,29.72
1998-03-16,28.35,29.11,28.32,28.84,29.37
1998-03-17,28.08,29.1,27.71,28.76,29.45
1998-03-18,28.03,28.82,27.38,28.69,29.52
1998-03-19,28.38,28.21,27.31,28.44,29.42
1998-03-20,28.25,27.88,27.26,28.38,29.5
1998-03-21,28.2,27.68,27.17,28.5,29.31
1998-03-22,28.48,27.69,27.28,28.35,29.34
1998-03-23,28.23,27.6,28.23,28.35,29.56
1998-03-24,27.91,27.51,28.28,28.57,29.8
1998-03-25,27.25,27.83,28.38,28.44,29.67
1998-03-26,27.08,28.45,28.62,28.91,29.59
1998-03-27,27.85,29.1,28.68,28.91,29.28
1998-03-28,28.24,29.12,28.95,29.08,29.55
1998-03-29,27.64,29.28,28.83,29.14,29.83
1998-03-30,27.06,29.23,28.58,28.94,29.78
1998-03-31,27.34,29.12,28.26,28.64,30.09
1998-04-01,27.53,29.01,27.67,28.38,29.88
1998-04-02,27.5,28.54,27.32,28.28,29.85
1998-04-03,27.65,28.22,27.2,28.2,29.72
1998-04-04,27.92,28.05,27.32,28.11,29.83
1998-04-05,27.66,27.74,27.12,28.51,29.78
1998-04-06,27.58,27.59,27.16,29.26,29.47
1998-04-07,27.56,27.76,27.42,29.14,29.3
1998-04-08,27.53,27.99,27.99,29.15,29.76
1998-04-09,27.51,28.1,28.62,29.14,29.97
1998-04-10,27.33,27.88,28.93,28.99,29.9
1998-04-11,27.66,28.1,28.94,28.83,29.93
1998-04-12,27.67,28.29,28.78,28.48,29.8
1998-04-13,27.93,28.47,28.67,27.78,29.85
1998-04-14,27.75,27.83,28.47,27.31,29.96
1998-04-15,28.28,27.32,28.0,27.29,29.87
1998-04-16,28.89,27.35,27.49,27.35,29.81
1998-04-17,28.71,27.24,27.41,27.54,29.74
1998-04-18,28.43,27.24,27.43,27.95,29.48
1998-04-19,28.0,27.18,27.46,27.92,29.85
1998-04-20,27.6,27.12,27.56,27.85,29.57
1998-04-21,27.45,27.73,28.12,28.32,28.89
1998-04-22,27.59,28.11,28.71,28.75,28.79
1998-04-23,27.7,28.38,28.6,29.12,28.73
1998-04-24,27.94,28.5,28.53,28.89,28.97
1998-04-25,27.31,28.54,28.74,28.66,28.85
1998-04-26,27.28,28.96,28.85,28.56,29.02
1998-04-27,27.23,29.06,28.88,28.86,29.37
1998-04-28,27.44,28.78,28.78,29.04,29.54
1998-04-29,27.71,28.07,28.73,28.68,29.59
1998-04-30,27.75,27.86,28.88,28.63,29.68
1998-05-01,27.65,27.62,29.22,28.58,29.65
1998-05-02,27.45,27.47,29.19,28.76,29.62
1998-05-03,27.33,27.33,29.22,29.4,29.46
1998-05-04,27.26,27.28,29.22,29.75,
1998-05-05,27.59,27.2,29.23,29.68,
1998-05-06,27.54,27.09,29.34,29.66,
1998-05-07,27.44,27.22,29.39,29.85,
1998-05-08,27.38,28.31,29.4,29.9,
1998-05-09,27.6,28.86,29.46,,
1998-05-10,27.72,28.89,29.38,,
1998-05-11,27.86,28.84,28.46,28.42,
1998-05-12,27.71,28.6,28.02,28.48,
1998-05-13,27.57,28.42,28.23,28.42,
1998-05-14,27.51,28.31,28.14,28.23,
1998-05-15,27.56,28.02,28.06,28.29,
1998-05-16,27.47,27.96,27.81,28.47,
1998-05-17,27.41,27.84,27.79,27.86,
1998-05-18,27.7,27.75,27.64,27.73,
1998-05-19,27.84,27.65,27.8,27.61,
1998-05-20,27.48,27.66,27.42,27.5,
1998-05-21,27.73,27.54,27.25,27.0,
1998-05-22,28.09,27.57,27.32,26.44,
1998-05-23,27.88,27.7,27.12,26.42,
1998-05-24,28.14,28.25,27.48,26.49,
1998-05-25,28.23,28.38,27.6,26.42,
1998-05-26,28.2,28.17,27.58,26.02,
1998-05-27,28.42,28.1,27.69,25.77,
1998-05-28,28.56,28.55,27.76,25.7,
1998-05-29,28.38,28.8,28.04,25.15,
1998-05-30,28.23,28.99,28.02,24.82,
1998-05-31,28.14,29.24,28.07,24.52,
1998-06-01,27.92,28.87,27.98,24.36,
1998-06-02,27.93,28.74,27.57,24.15,
1998-06-03,27.83,28.49,27.01,24.1,
1998-06-04,27.98,28.2,26.57,24.15,
1998-06-05,27.95,28.12,26.49,23.84,
1998-06-06,27.81,28.01,26.45,23.72,
1998-06-07,27.72,27.99,26.34,23.61,
1998-06-08,27.86,27.94,26.35,23.37,
1998-06-09,28.17,27.96,26.09,23.11,
1998-06-10,28.15,27.76,,22.67,
1998-06-11,28.47,27.75,25.83,22.33,
1998-06-12,28.46,27.7,,22.33,
1998-06-13,28.57,27.62,,22.5,
1998-06-14,28.43,27.8,,22.63,
1998-06-15,28.41,27.9,26.1,22.83,
1998-06-16,28.52,27.91,26.26,22.74,
1998-06-17,28.54,27.95,26.14,22.6,
1998-06-18,28.6,27.98,26.13,22.5,
1998-06-19,28.5,28.1,26.16,22.35,
1998-06-20,28.38,28.04,25.89,22.29,
1998-06-21,28.4,27.97,25.49,22.6,
1998-06-22,28.56,27.82,25.22,22.49,
1998-06-23,28.71,,24.96,22.58,
1998-06-24,28.54,,24.76,22.77,
1998-06-25,28.55,27.86,24.49,22.59,
1998-06-26,28.84,27.77,24.42,22.52,
1998-06-27,28.57,27.66,24.45,22.72,
1998-06-28,28.69,27.58,24.51,22.77,
1998-06-29,29.01,27.42,24.21,22.97,
1998-06-30,28.97,27.12,24.02,23.26,
1998-07-01,28.92,26.85,24.05,23.32,
1998-07-02,28.98,26.76,24.03,23.65,
1998-07-03,28.93,26.69,23.99,24.2,
1998-07-04,28.86,26.6,24.08,23.88,
1998-07-05,28.79,26.47,24.08,23.47,
1998-07-06,28.74,26.48,24.14,23.53,
1998-07-07,28.67,26.54,24.39,23.66,
1998-07-08,28.65,26.54,24.41,23.52,
1998-07-09,28.68,26.43,24.23,23.42,
1998-07-10,29.02,26.48,23.88,23.27,
1998-07-11,28.73,26.56,23.95,23.22,
1998-07-12,29.01,26.71,23.82,23.03,
1998-07-13,28.79,26.68,23.89,23.03,
1998-07-14,28.8,26.68,23.98,23.01,
1998-07-15,28.72,26.69,24.2,22.85,
1998-07-16,28.8,26.77,23.99,22.96,
1998-07-17,28.87,26.8,23.83,23.47,
1998-07-18,28.92,26.78,23.93,23.59,
1998-07-19,28.82,26.78,24.16,22.79,
1998-07-20,28.57,26.89,24.31,22.44,
1998-07-21,28.37,26.86,24.57,22.35,
1998-07-22,28.19,26.68,24.77,22.67,
1998-07-23,28.17,26.59,24.81,22.52,
1998-07-24,28.18,26.55,24.88,21.89,
1998-07-25,28.54,26.55,24.51,21.8,
1998-07-26,28.33,26.56,24.34,21.93,
1998-07-27,28.16,26.54,24.11,22.17,
1998-07-28,28.05,26.5,23.95,22.1,
1998-07-29,28.11,26.32,24.0,22.28,
1998-07-30,28.21,26.26,24.03,22.42,
1998-07-31,28.31,26.19,23.94,22.49,
1998-08-01,28.23,26.23,24.14,22.39,
1998-08-02,28.22,26.13,24.44,22.78,
1998-08-03,28.32,26.09,24.4,22.97,
1998-08-04,28.47,26.21,24.12,22.51,
1998-08-05,28.44,26.82,23.92,21.69,
1998-08-06,28.3,27.09,23.77,21.51,
1998-08-07,28.41,26.88,23.74,21.45,
1998-08-08,28.4,26.62,23.55,21.51,
1998-08-09,28.2,26.29,23.53,21.9,
1998-08-10,28.26,26.05,23.48,21.76,
1998-08-11,28.32,26.16,23.74,21.82,
1998-08-12,28.22,26.35,24.0,22.16,
1998-08-13,28.29,26.45,23.77,22.78,
1998-08-14,28.26,26.6,23.65,22.91,
1998-08-15,28.2,26.55,23.77,22.48,
1998-08-16,28.26,26.3,23.81,22.17,
1998-08-17,28.2,26.22,23.62,22.23,
1998-08-18,28.09,25.91,23.37,22.21,
1998-08-19,28.33,25.51,23.26,22.11,
1998-08-20,28.57,25.5,23.16,22.08,
1998-08-21,28.34,26.0,23.27,21.86,
1998-08-22,28.3,26.02,23.58,21.45,
1998-08-23,28.27,25.77,23.71,22.51,
1998-08-24,28.53,25.66,23.7,23.29,
1998-08-25,28.88,25.74,23.76,23.11,
1998-08-26,28.68,25.7,23.77,24.13,
1998-08-27,28.47,25.64,23.54,24.32,
1998-08-28,28.44,25.57,23.41,23.92,
1998-08-29,28.59,25.63,23.23,23.14,
1998-08-30,28.6,25.73,22.98,22.73,
1998-08-31,28.73,25.78,22.93,21.85,
1998-09-01,28.61,25.9,23.04,21.26,
1998-09-02,28.52,26.27,23.8,21.67,
1998-09-03,28.44,27.16,23.65,21.68,
1998-09-04,28.38,27.33,23.37,21.53,
1998-09-05,28.58,27.15,23.24,21.95,
1998-09-06,28.67,27.23,24.67,22.3,
1998-09-07,28.64,27.35,26.61,22.42,
1998-09-08,28.68,27.61,26.48,22.5,
1998-09-09,28.44,27.7,26.53,22.68,
1998-09-10,28.57,27.35,26.84,22.78,
1998-09-11,28.34,27.04,26.81,22.59,
1998-09-12,28.31,26.96,26.45,22.49,
1998-09-13,28.45,27.05,25.9,22.42,
1998-09-14,28.08,26.77,25.64,22.36,
1998-09-15,27.9,26.57,25.47,22.45,
1998-09-16,28.32,26.25,25.27,22.15,
1998-09-17,28.34,26.52,24.96,22.35,
1998-09-18,28.4,26.68,24.93,22.47,
1998-09-19,28.77,26.74,24.81,22.32,
1998-09-20,28.89,26.41,24.82,22.43,
1998-09-21,28.64,26.08,25.18,22.43,
1998-09-22,28.47,25.95,25.5,22.58,
1998-09-23,28.34,25.87,25.68,22.27,
1998-09-24,28.29,25.85,25.78,22.53,
1998-09-25,28.21,25.82,25.81,23.01,
1998-09-26,28.33,25.76,25.69,23.76,
1998-09-27,28.29,25.64,25.48,24.2,
1998-09-28,28.25,25.8,25.32,24.31,
1998-09-29,28.07,26.05,25.09,24.11,
1998-09-30,27.73,26.2,24.93,24.21,
1998-10-01,27.4,26.12,24.86,24.0,
1998-10-02,27.7,26.06,24.85,23.47,
1998-10-03,28.32,25.96,24.69,23.37,
1998-10-04,28.36,25.54,24.4,23.13,
1998-10-05,28.19,25.13,24.0,22.99,
1998-10-06,28.08,24.85,23.84,22.79,
1998-10-07,27.75,24.39,23.75,22.71,
1998-10-08,27.43,24.09,23.74,22.99,
1998-10-09,27.82,24.17,23.73,23.29,
1998-10-10,27.75,24.09,23.96,23.46,
1998-10-11,27.51,24.09,24.31,23.47,
1998-10-12,27.47,24.63,24.5,23.47,
1998-10-13,27.56,24.69,24.44,23.34,
1998-10-14,27.94,24.72,24.1,23.26,
1998-10-15,28.07,24.76,23.69,23.12,
1998-10-16,28.12,25.09,23.64,23.06,
1998-10-17,27.8,25.83,23.86,23.39,
1998-10-18,28.22,26.12,23.45,23.66,
1998-10-19,28.06,26.23,23.39,24.21,
1998-10-20,27.83,26.13,23.22,25.35,
1998-10-21,27.88,25.87,22.92,25.35,
1998-10-22,27.64,25.57,22.82,24.7,
1998-10-23,27.42,25.72,23.17,23.41,
1998-10-24,27.34,25.79,23.01,22.37,
1998-10-25,27.36,26.42,23.07,22.42,
1998-10-26,27.34,26.72,23.37,23.01,
1998-10-27,27.22,26.66,24.01,23.26,21.92
1998-10-28,27.26,27.35,,23.22,21.34
1998-10-29,27.34,26.9,24.49,22.91,21.0
1998-10-30,27.69,27.03,24.13,22.56,20.89
1998-10-31,27.78,26.97,24.51,22.54,20.82
1998-11-01,27.58,27.04,25.25,22.56,20.91
1998-11-02,27.47,26.88,,22.47,21.14
1998-11-03,27.34,26.71,,22.44,21.0
1998-11-04,27.69,26.74,25.83,22.74,21.49
1998-11-05,27.62,26.54,25.73,22.78,21.53
1998-11-06,27.77,26.96,25.49,22.85,20.85
1998-11-07,27.92,,24.98,22.96,20.35
1998-11-08,27.83,,24.55,22.54,20.33
1998-11-09,27.63,,24.55,22.13,20.27
1998-11-10,27.57,,24.52,21.8,20.32
1998-11-11,27.53,,24.89,21.37,20.02
1998-11-12,27.6,,24.86,21.44,19.94
1998-11-13,27.87,,24.66,21.72,20.31
1998-11-14,27.67,25.44,24.98,21.9,20.63
1998-11-15,27.44,25.14,25.34,21.94,20.65
1998-11-16,27.71,25.6,25.41,21.96,20.33
1998-11-17,27.65,26.01,25.18,22.26,19.83
1998-11-18,27.69,26.27,24.62,22.98,19.57
1998-11-19,27.9,26.91,23.94,23.37,19.87
1998-11-20,28.08,27.47,24.06,23.33,19.74
1998-11-21,28.4,28.03,24.02,23.5,20.48
1998-11-22,28.3,27.66,23.93,24.14,20.61
1998-11-23,28.18,27.15,23.66,24.08,20.29
1998-11-24,28.42,26.73,23.35,23.76,20.01
1998-11-25,28.39,26.62,22.88,23.15,20.34
1998-11-26,28.4,26.59,22.56,22.23,20.73
1998-11-27,28.6,26.5,22.91,22.78,20.6
1998-11-28,28.55,26.45,23.05,24.64,20.51
1998-11-29,28.66,26.36,23.61,25.29,19.81
1998-11-30,28.64,26.39,23.96,24.9,19.23
1998-12-01,28.8,26.44,24.7,24.82,19.06
1998-12-02,28.81,,24.95,24.41,17.94
1998-12-03,28.84,,24.89,23.31,17.51
1998-12-04,29.11,25.17,24.68,22.3,18.42
1998-12-05,29.1,25.33,24.37,21.94,18.57
1998-12-06,28.98,25.23,23.88,21.75,18.6
1998-12-07,29.0,25.8,23.95,21.51,18.64
1998-12-08,29.13,25.67,23.88,21.82,19.12
1998-12-09,29.24,25.71,23.85,21.54,19.75
1998-12-10,28.99,25.64,23.62,21.27,20.02
1998-12-11,28.98,25.45,23.4,21.13,20.43
1998-12-12,28.94,25.31,23.47,20.97,21.06
1998-12-13,28.72,25.13,24.07,20.57,20.44
1998-12-14,28.49,25.09,24.25,20.61,20.84
1998-12-15,28.45,25.1,24.29,20.57,20.76
1998-12-16,28.64,25.12,25.04,20.68,20.49
1998-12-17,28.94,25.16,25.17,20.83,20.12
1998-12-18,28.96,25.11,25.06,21.06,20.72
1998-12-19,28.81,25.17,25.09,21.2,21.16
1998-12-20,28.72,25.25,25.04,21.21,21.21
1998-12-21,28.53,25.16,25.01,21.18,21.02
1998-12-22,28.52,25.14,24.9,21.14,21.23
1998-12-23,28.34,24.89,24.68,21.41,21.03
1998-12-24,28.18,24.59,24.62,21.51,21.3
1998-12-25,28.11,24.81,24.49,21.71,21.1
1998-12-26,28.14,24.93,24.39,22.57,21.18
1998-12-27,28.37,25.03,24.33,22.91,21.29
1998-12-28,28.3,25.21,24.01,23.42,20.74
1998-12-29,28.2,25.18,23.87,24.41,20.04
1998-12-30,28.16,24.87,23.97,24.43,20.67
1998-12-31,28.11,24.63,24.1,24.15,20.96
1999-01-01,28.06,24.51,24.07,23.41,21.44
1999-01-02,27.97,24.45,23.91,22.25,21.62
1999-01-03,27.87,24.7,23.69,21.87,21.18
1999-01-04,27.84,24.74,23.51,21.91,21.56
1999-01-05,27.93,24.76,23.42,22.03,20.79
1999-01-06,27.97,24.73,23.57,22.24,21.15
1999-01-07,28.22,24.66,23.8,22.54,22.0
1999-01-08,28.35,24.51,23.77,22.83,21.92
1999-01-09,28.64,24.25,24.08,22.95,21.17
1999-01-10,29.04,24.33,23.99,23.16,20.68
1999-01-11,29.34,24.61,24.06,23.45,19.87
1999-01-12,29.19,24.59,24.14,23.45,20.35
1999-01-13,29.15,24.59,24.11,23.36,19.67
1999-01-14,28.99,24.71,24.17,23.23,19.38
1999-01-15,28.81,24.85,24.37,23.09,19.88
1999-01-16,28.66,24.73,24.52,22.97,20.15
1999-01-17,28.53,24.88,24.47,22.94,20.44
1999-01-18,28.36,24.92,24.43,22.85,20.75
1999-01-19,28.2,25.07,24.35,22.86,21.22
1999-01-20,27.97,24.9,24.22,22.68,22.36
1999-01-21,27.72,24.78,24.33,22.61,21.28
1999-01-22,27.5,24.8,24.38,22.33,20.75
1999-01-23,27.29,24.78,24.35,22.35,21.03
1999-01-24,27.07,24.7,24.25,22.57,21.14
1999-01-25,26.87,24.56,24.2,22.59,21.74
1999-01-26,26.87,24.61,24.15,22.17,21.78
1999-01-27,26.69,24.7,24.0,22.0,22.48
1999-01-28,26.48,24.91,23.75,22.01,22.9
1999-01-29,26.27,25.01,23.75,21.96,23.04
1999-01-30,26.29,24.99,23.7,22.42,22.49
1999-01-31,26.36,24.99,23.87,22.71,22.28
1999-02-01,26.23,24.75,24.1,23.09,22.5
1999-02-02,26.37,24.65,24.27,23.08,24.83
1999-02-03,26.78,24.63,24.38,23.06,26.02
1999-02-04,27.25,24.81,24.73,23.32,25.06
1999-02-05,27.24,25.05,24.48,23.19,24.59
1999-02-06,27.59,25.2,24.08,23.12,24.8
1999-02-07,27.6,25.09,23.94,22.75,24.31
1999-02-08,27.58,24.97,24.05,22.75,23.92
1999-02-09,27.46,24.84,24.04,22.97,23.56
1999-02-10,27.42,24.69,24.05,22.98,23.31
1999-02-11,27.31,24.65,24.18,23.19,23.54
1999-02-12,27.31,24.65,24.21,23.44,23.68
1999-02-13,27.28,24.65,24.19,23.56,23.67
1999-02-14,27.19,24.66,24.24,23.63,23.85
1999-02-15,27.04,24.9,24.23,23.78,24.11
1999-02-16,26.94,24.77,24.37,23.68,24.75
1999-02-17,26.93,24.76,24.09,23.5,25.13
1999-02-18,26.93,24.74,23.97,23.56,25.53
1999-02-19,26.85,24.63,23.99,23.73,26.35
1999-02-20,26.68,24.49,24.16,23.74,27.2
1999-02-21,26.63,24.58,24.41,23.88,27.32
1999-02-22,26.48,24.72,24.39,23.88,27.51
1999-02-23,26.48,24.84,24.19,24.04,28.11
1999-02-24,26.55,24.95,24.11,24.21,28.01
1999-02-25,26.8,25.05,24.21,24.1,27.98
1999-02-26,26.98,25.14,24.41,23.77,27.8
1999-02-27,26.98,25.1,24.7,23.2,27.9
1999-02-28,27.06,25.16,25.17,23.08,26.73
1999-03-01,27.09,25.26,26.13,23.33,26.78
1999-03-02,27.12,25.24,26.01,23.82,27.21
1999-03-03,27.0,25.07,26.21,23.9,27.29
1999-03-04,26.92,24.86,26.64,24.24,27.31
1999-03-05,26.93,24.91,26.57,25.2,26.38
1999-03-06,26.93,24.92,26.11,25.23,25.84
1999-03-07,26.79,24.96,25.38,24.72,25.95
1999-03-08,26.57,24.91,24.88,24.55,26.41
1999-03-09,26.56,25.01,24.88,24.79,26.44
1999-03-10,26.68,25.13,24.89,24.97,25.8
1999-03-11,26.71,25.26,24.92,24.95,24.95
1999-03-12,26.89,25.2,25.12,24.92,25.22
1999-03-13,26.92,25.37,25.11,25.34,25.95
1999-03-14,26.96,25.42,25.09,25.3,26.32
1999-03-15,26.97,25.47,25.12,25.19,25.59
1999-03-16,27.09,25.63,25.22,25.08,25.98
1999-03-17,27.28,25.63,25.14,24.97,26.23
1999-03-18,27.33,25.66,25.2,24.8,26.09
1999-03-19,27.35,25.7,25.26,24.64,26.0
1999-03-20,27.35,25.66,25.2,24.63,26.16
1999-03-21,27.38,25.62,25.16,24.75,25.94
1999-03-22,27.46,25.6,25.05,24.9,25.72
1999-03-23,27.36,25.65,25.09,25.03,25.36
1999-03-24,27.44,25.67,25.24,25.58,24.63
1999-03-25,27.47,25.72,25.45,25.38,24.33
1999-03-26,27.47,25.83,25.54,25.23,24.8
1999-03-27,27.49,25.83,25.6,25.23,24.77
1999-03-28,27.74,25.85,25.74,24.98,24.85
1999-03-29,27.66,25.78,25.88,24.93,24.37
1999-03-30,27.71,25.7,25.97,24.97,24.12
1999-03-31,27.78,25.69,26.01,25.23,24.39
1999-04-01,27.82,25.65,25.95,25.55,24.52
1999-04-02,27.63,25.86,25.82,25.35,24.95
1999-04-03,27.55,25.88,25.86,25.04,25.23
1999-04-04,27.53,25.82,25.74,25.2,25.75
1999-04-05,27.53,26.13,25.71,25.25,25.97
1999-04-06,27.43,26.44,25.56,25.5,24.9
1999-04-07,27.46,26.88,25.48,25.82,23.59
1999-04-08,27.54,26.88,25.54,25.53,23.62
1999-04-09,27.66,26.95,25.59,25.4,24.11
1999-04-10,27.68,26.91,25.63,25.59,24.36
1999-04-11,27.64,26.86,25.75,25.67,24.51
1999-04-12,27.63,26.92,25.79,25.81,24.21
1999-04-13,27.59,26.82,25.81,25.92,24.02
1999-04-14,27.64,26.87,25.89,25.59,24.37
1999-04-15,27.6,27.07,25.75,25.47,24.71
1999-04-16,27.56,27.14,25.68,25.51,24.87
1999-04-17,27.47,27.06,25.65,25.47,25.12
1999-04-18,27.38,26.93,25.66,25.44,24.95
1999-04-19,27.27,26.78,25.65,25.62,25.08
1999-04-20,27.2,26.57,25.79,25.56,25.52
1999-04-21,27.11,26.59,25.97,25.64,25.8
1999-04-22,27.09,26.58,26.05,26.07,25.64
1999-04-23,27.39,26.5,25.95,26.17,25.83
1999-04-24,27.52,26.45,26.04,26.58,26.27
1999-04-25,27.1,26.4,26.01,26.66,26.94
1999-04-26,27.19,26.43,25.88,26.75,26.73
1999-04-27,27.29,26.53,25.95,26.82,26.7
1999-04-28,27.24,26.54,26.01,26.9,26.49
1999-04-29,27.23,26.55,26.1,26.83,26.21
1999-04-30,27.35,26.58,26.19,26.84,26.26
1999-05-01,27.54,26.68,26.21,26.46,26.31
1999-05-02,27.93,26.74,26.21,26.4,25.93
1999-05-03,27.76,26.66,26.23,26.59,25.56
1999-05-04,27.79,26.63,26.36,26.59,25.32
1999-05-05,27.74,26.74,26.45,26.51,24.94
1999-05-06,27.95,27.01,26.41,26.32,24.76
1999-05-07,28.31,26.94,26.46,26.29,24.88
1999-05-08,28.42,27.31,26.36,26.34,25.18
1999-05-09,28.45,27.24,26.41,26.35,25.41
1999-05-10,28.45,27.28,26.36,26.13,25.57
1999-05-11,28.32,27.35,26.47,26.06,25.9
1999-05-12,28.31,27.3,26.51,26.05,25.8
1999-05-13,28.27,27.18,26.37,26.06,25.7
1999-05-14,28.26,27.21,26.41,26.01,25.91
1999-05-15,28.27,27.17,26.5,26.16,25.27
1999-05-16,28.3,27.18,26.54,26.16,24.73
1999-05-17,28.26,27.18,26.37,26.1,24.44
1999-05-18,28.33,27.18,26.34,26.1,24.51
1999-05-19,28.35,27.14,26.38,26.0,24.56
1999-05-20,28.38,26.97,26.38,25.75,24.11
1999-05-21,28.34,26.95,26.39,25.48,23.58
1999-05-22,28.34,27.08,26.55,25.28,23.29
1999-05-23,28.26,27.04,26.66,25.43,23.53
1999-05-24,28.27,27.09,26.65,25.55,23.78
1999-05-25,28.14,27.08,26.61,25.55,24.1
1999-05-26,28.24,27.0,26.63,25.54,23.79
1999-05-27,28.33,26.95,26.66,25.58,23.89
1999-05-28,28.26,27.06,26.56,25.53,23.99
1999-05-29,28.37,26.94,26.54,25.5,24.06
1999-05-30,28.43,27.03,26.54,25.4,23.83
1999-05-31,28.39,27.03,26.61,25.54,23.77
1999-06-01,28.29,26.92,26.62,25.5,23.87
1999-06-02,28.54,27.0,26.6,25.54,23.75
1999-06-03,28.47,27.11,26.61,25.55,23.8
1999-06-04,28.38,27.38,26.69,25.65,23.48
1999-06-05,28.46,27.34,26.81,25.8,23.44
1999-06-06,28.5,27.36,26.88,25.91,23.42
1999-06-07,28.62,27.34,26.91,25.85,23.48
1999-06-08,28.51,27.14,26.97,25.68,23.6
1999-06-09,28.71,26.99,26.92,25.68,23.32
1999-06-10,28.99,26.9,27.03,25.62,23.12
1999-06-11,28.96,26.97,26.96,25.76,23.7
1999-06-12,28.77,27.03,26.99,25.8,24.1
1999-06-13,28.73,27.04,27.06,25.77,23.91
1999-06-14,28.71,27.02,26.91,25.77,23.69
1999-06-15,28.73,27.05,26.89,25.65,23.19
1999-06-16,28.66,27.07,26.95,25.76,23.17
1999-06-17,28.73,27.13,26.87,25.91,22.77
1999-06-18,28.71,27.19,26.87,25.8,22.94
1999-06-19,28.92,27.3,26.88,25.68,23.36
1999-06-20,28.74,27.37,26.95,25.73,24.35
1999-06-21,28.74,27.38,26.94,25.66,24.96
1999-06-22,29.05,27.34,26.93,25.66,25.05
1999-06-23,29.05,27.41,26.82,25.71,24.63
1999-06-24,28.96,27.39,26.74,25.62,23.75
1999-06-25,28.86,27.42,26.79,25.57,23.14
1999-06-26,28.82,27.43,26.78,25.53,22.79
1999-06-27,28.95,27.47,26.72,25.65,22.84
1999-06-28,28.89,27.46,26.7,25.66,23.16
1999-06-29,28.92,27.43,26.63,25.58,23.59
1999-06-30,28.94,27.43,26.84,25.53,23.75
1999-07-01,28.94,27.54,26.77,25.71,24.37
1999-07-02,28.94,27.49,26.74,25.72,24.46
1999-07-03,28.98,27.45,26.75,25.88,23.69
1999-07-04,28.96,27.39,26.66,25.8,22.27
1999-07-05,28.98,27.3,26.65,25.71,21.89
1999-07-06,29.03,27.32,26.56,25.82,21.83
1999-07-07,29.05,27.34,26.54,25.95,21.72
1999-07-08,28.93,27.29,,26.01,22.14
1999-07-09,28.76,27.24,,25.97,22.28
1999-07-10,28.69,27.19,26.42,25.85,22.46
1999-07-11,28.7,27.14,26.29,25.82,22.56
1999-07-12,28.64,27.1,26.15,25.88,23.24
1999-07-13,28.9,27.11,26.16,25.88,23.72
1999-07-14,28.97,27.06,26.19,25.87,24.03
1999-07-15,29.02,27.04,26.18,25.94,24.49
1999-07-16,28.87,27.12,26.1,25.9,24.52
1999-07-17,28.83,27.2,26.09,25.82,23.89
1999-07-18,28.84,27.21,26.24,25.73,23.65
1999-07-19,28.91,,26.26,25.61,23.48
1999-07-20,28.81,,26.25,25.34,23.17
1999-07-21,28.8,,26.12,25.18,22.77
1999-07-22,29.02,27.27,25.93,25.07,22.46
1999-07-23,28.91,27.26,25.93,24.85,22.08
1999-07-24,28.73,27.24,25.94,25.11,21.83
1999-07-25,28.83,27.16,25.82,25.22,21.69
1999-07-26,29.3,26.97,25.71,25.12,21.71
1999-07-27,29.42,26.82,25.75,25.07,21.93
1999-07-28,29.04,26.76,25.85,25.02,21.87
1999-07-29,28.96,27.04,25.98,25.2,21.86
1999-07-30,29.02,27.22,26.02,25.19,22.14
1999-07-31,29.04,27.32,26.11,24.92,22.18
1999-08-01,29.06,27.42,26.02,24.79,21.96
1999-08-02,29.07,27.28,25.88,24.77,21.97
1999-08-03,29.0,27.23,26.05,24.81,21.77
1999-08-04,28.97,27.19,26.23,24.85,21.72
1999-08-05,29.03,27.08,26.19,24.88,21.71
1999-08-06,29.18,27.05,26.05,24.73,23.02
1999-08-07,29.09,26.98,25.81,24.52,23.88
1999-08-08,29.11,26.92,25.68,24.37,23.81
1999-08-09,29.17,26.92,25.55,24.13,24.14
1999-08-10,,26.89,25.56,23.89,24.24
1999-08-11,28.92,26.9,25.55,23.78,23.94
1999-08-12,29.04,26.93,25.5,23.73,23.25
1999-08-13,28.96,26.9,25.49,23.78,23.05
1999-08-14,28.98,26.88,25.49,23.87,22.79
1999-08-15,29.09,26.78,25.57,23.48,21.74
1999-08-16,29.03,26.84,25.65,23.14,21.74
1999-08-17,29.08,26.85,25.8,23.07,21.44
1999-08-18,29.05,26.84,25.77,22.86,21.8
1999-08-19,29.04,26.81,25.8,22.82,21.97
1999-08-20,29.01,26.8,25.82,22.98,21.81
1999-08-21,28.95,26.84,25.91,23.19,21.68
1999-08-22,28.88,26.78,25.93,23.38,21.59
1999-08-23,28.74,26.71,25.84,23.69,21.58
1999-08-24,28.65,26.6,25.66,23.61,21.63
1999-08-25,28.56,26.69,25.73,23.43,21.26
1999-08-26,28.44,26.73,25.56,23.15,20.52
1999-08-27,28.32,26.84,25.42,23.03,20.18
1999-08-28,28.28,26.96,25.49,23.06,19.9
1999-08-29,28.26,26.99,25.55,23.12,20.05
1999-08-30,28.3,26.98,25.46,23.13,20.11
1999-08-31,28.37,27.06,25.46,23.08,20.33
1999-09-01,28.4,27.11,25.55,23.11,19.8
1999-09-02,28.36,27.04,25.54,23.29,20.29
1999-09-03,28.55,27.0,25.63,23.49,20.54
1999-09-04,28.83,26.95,25.59,23.61,20.75
1999-09-05,28.72,26.97,25.57,23.55,21.9
1999-09-06,28.54,26.97,25.64,23.57,22.99
1999-09-07,28.42,26.9,25.89,23.58,21.52
1999-09-08,28.26,26.85,26.12,23.49,20.21
1999-09-09,28.36,26.87,26.14,23.48,19.52
1999-09-10,28.34,26.94,26.33,23.39,19.51
1999-09-11,28.27,26.94,26.27,24.04,19.55
1999-09-12,28.23,26.79,26.18,24.55,19.44
1999-09-13,28.18,26.71,26.06,25.21,19.5
1999-09-14,28.28,26.53,26.01,25.25,19.87
1999-09-15,28.18,26.53,25.89,25.43,20.2
1999-09-16,28.21,26.7,25.79,25.14,20.42
1999-09-17,28.33,26.8,25.77,25.44,20.62
1999-09-18,28.29,26.98,25.83,25.12,20.1
1999-09-19,28.63,27.13,26.02,24.66,20.15
1999-09-20,28.65,27.27,26.23,,20.05
1999-09-21,28.35,27.43,26.16,23.85,19.92
1999-09-22,28.19,27.55,26.04,23.81,20.28
1999-09-23,28.21,27.38,25.93,24.12,20.56
1999-09-24,28.73,27.34,25.84,24.21,20.73
1999-09-25,28.65,27.36,25.91,24.22,20.47
1999-09-26,28.67,27.16,25.97,24.38,21.13
1999-09-27,28.65,27.02,25.95,24.56,23.1
1999-09-28,28.33,27.12,25.92,24.57,23.85
1999-09-29,28.26,26.91,25.97,24.6,22.12
1999-09-30,28.28,26.86,26.11,24.42,20.46
1999-10-01,28.34,26.95,26.32,24.26,19.34
1999-10-02,28.65,26.99,26.16,24.1,19.63
1999-10-03,28.89,26.99,26.07,24.03,20.12
1999-10-04,28.61,27.0,26.11,23.89,20.05
1999-10-05,28.49,27.02,26.33,24.26,20.35
1999-10-06,28.33,27.0,26.48,24.24,20.37
1999-10-07,28.34,27.04,26.48,24.04,20.08
1999-10-08,28.36,27.01,26.6,23.95,19.8
1999-10-09,28.25,26.96,26.43,23.78,20.2
1999-10-10,28.41,26.89,26.36,23.7,20.74
1999-10-11,28.53,27.0,26.29,23.64,21.12
1999-10-12,28.46,27.07,26.3,23.58,20.78
1999-10-13,28.53,27.05,26.32,23.59,20.66
1999-10-14,28.65,27.08,26.32,23.76,20.72
1999-10-15,28.57,27.28,26.27,23.92,21.04
1999-10-16,28.53,27.17,26.25,23.98,21.68
1999-10-17,28.48,27.06,26.26,23.99,21.81
1999-10-18,28.55,26.97,26.17,23.99,21.23
1999-10-19,28.7,26.96,26.01,23.95,21.32
1999-10-20,28.33,26.97,25.82,23.92,21.14
1999-10-21,28.41,26.93,25.64,24.0,20.7
1999-10-22,,26.93,25.67,24.1,20.52
1999-10-23,,26.89,25.5,24.16,20.49
1999-10-24,,26.79,25.41,24.12,20.69
1999-10-25,,26.79,25.4,24.1,20.62
1999-10-26,,26.67,25.24,24.2,20.96
1999-10-27,,26.75,,23.94,20.9
1999-10-28,,26.73,24.88,23.64,21.11
1999-10-29,,26.59,24.95,23.73,21.38
1999-10-30,,26.45,25.13,23.77,21.94
1999-10-31,,26.36,25.35,23.67,21.33
1999-11-01,,26.31,25.49,23.63,20.97
1999-11-02,,26.37,25.45,23.74,20.69
1999-11-03,,26.56,25.24,23.45,20.63
1999-11-04,,26.69,25.19,23.12,20.66
1999-11-05,,26.7,25.19,23.44,20.53
1999-11-06,,26.88,25.0,23.43,20.71
1999-11-07,,26.94,24.86,23.65,21.05
1999-11-08,,26.8,24.73,23.72,21.23
1999-11-09,,26.6,24.49,23.91,22.42
1999-11-10,,26.49,24.44,23.49,22.56
1999-11-11,,26.48,24.54,23.42,22.8
1999-11-12,,26.51,24.6,23.47,22.2
1999-11-13,,26.65,24.62,23.29,21.33
1999-11-14,,26.64,24.86,23.47,21.12
1999-11-15,,26.89,24.89,23.93,20.9
1999-11-16,,27.22,24.77,23.95,20.5
1999-11-17,,27.23,24.53,23.98,20.5
1999-11-18,,27.35,24.8,24.05,20.15
1999-11-19,,27.3,25.35,24.01,19.82
1999-11-20,,27.2,25.56,23.68,19.88
1999-11-21,,26.96,25.48,23.42,20.04
1999-11-22,,26.77,25.69,23.35,20.03
1999-11-23,,26.68,25.86,23.3,19.68
1999-11-24,,26.56,25.91,23.08,19.65
1999-11-25,,26.33,25.55,23.0,19.65
1999-11-26,,26.21,25.05,22.82,19.81
1999-11-27,,26.12,24.63,22.72,19.49
1999-11-28,,26.11,24.47,22.62,19.11
1999-11-29,,26.13,24.77,22.56,19.43
1999-11-30,,25.98,24.86,22.35,19.77
1999-12-01,,25.85,24.96,22.36,20.05
1999-12-02,,25.83,25.07,22.55,20.4
1999-12-03,,25.75,25.19,22.75,20.36
1999-12-04,,25.77,25.06,22.73,20.25
1999-12-05,,25.78,24.5,22.57,19.99
1999-12-06,,25.87,24.31,22.43,19.57
1999-12-07,,26.12,24.4,22.43,19.98
1999-12-08,,26.13,24.66,22.45,20.51
1999-12-09,,26.2,24.77,22.6,21.84
1999-12-10,,26.22,24.93,22.86,22.06
1999-12-11,,26.25,25.02,23.43,21.39
1999-12-12,,26.23,24.95,23.53,20.15
1999-12-13,,26.19,24.94,23.44,19.67
1999-12-14,,26.19,24.61,23.26,19.46
1999-12-15,,26.14,24.64,23.07,20.8
1999-12-16,,26.11,24.37,22.94,20.28
1999-12-17,,26.11,24.62,22.78,21.34
1999-12-18,,26.05,24.93,22.87,22.56
1999-12-19,,25.95,25.13,23.08,21.28
1999-12-20,,25.93,25.1,23.11,21.05
1999-12-21,,25.79,25.05,23.26,21.02
1999-12-22,,25.74,25.01,23.28,20.65
1999-12-23,,25.73,25.03,23.46,20.69
1999-12-24,,25.73,24.91,23.71,20.93
1999-12-25,,25.71,24.87,23.76,20.88
1999-12-26,,25.71,24.94,23.81,20.63
1999-12-27,,25.74,24.85,23.64,20.65
1999-12-28,,25.62,24.67,23.51,20.54
1999-12-29,,25.51,24.61,22.99,20.77
1999-12-30,,25.5,24.52,22.79,20.74
1999-12-31,,25.54,24.34,22.82,20.55
2000-01-01,,25.72,24.31,22.88,20.56
2000-01-02,,25.79,24.5,22.87,20.96
2000-01-03,,25.87,24.69,23.2,21.12
2000-01-04,,25.91,24.72,23.54,21.23
2000-01-05,,25.86,24.91,23.72,21.28
2000-01-06,,25.76,25.23,23.88,21.44
2000-01-07,,25.76,25.25,23.91,21.48
2000-01-08,,25.76,25.26,23.9,21.44
2000-01-09,,25.76,25.19,23.79,21.38
2000-01-10,,25.74,25.04,23.1,21.25
2000-01-11,,25.71,24.82,23.39,21.56
2000-01-12,,25.72,24.59,23.51,21.85
2000-01-13,,25.77,24.41,23.46,22.16
2000-01-14,,25.73,24.44,23.76,22.71
2000-01-15,,25.69,24.31,23.91,22.54
2000-01-16,,25.62,24.24,23.93,22.42
2000-01-17,,25.8,24.08,23.93,22.59
2000-01-18,,25.8,23.89,23.97,22.61
2000-01-19,,25.72,23.72,23.54,22.57
2000-01-20,,25.58,23.66,23.13,22.5
2000-01-21,,25.67,23.69,23.07,22.35
2000-01-22,,25.66,24.55,23.05,21.96
2000-01-23,,25.62,24.72,23.2,22.17
2000-01-24,,25.62,24.8,23.24,22.34
2000-01-25,,25.34,24.72,23.36,22.59
2000-01-26,,25.21,24.64,23.34,23.03
2000-01-27,,25.13,24.58,23.15,23.52
2000-01-28,,25.08,24.44,23.01,23.93
2000-01-29,,25.05,24.19,23.07,24.2
2000-01-30,,25.04,24.22,23.09,24.56
2000-01-31,,25.02,24.23,23.05,25.04
2000-02-01,,25.04,24.29,22.85,25.14
2000-02-02,,25.29,24.29,22.77,25.28
2000-02-03,,25.38,24.3,22.82,25.58
2000-02-04,,25.45,24.28,22.61,25.83
2000-02-05,,25.42,24.26,22.5,25.64
2000-02-06,,25.38,24.2,22.49,25.75
2000-02-07,,25.43,24.18,22.82,24.71
2000-02-08,,25.47,24.18,23.22,24.57
2000-02-09,,25.52,24.13,23.55,25.08
2000-02-10,,25.58,24.23,23.86,25.06
2000-02-11,,25.65,24.38,23.96,24.33
2000-02-12,,25.7,24.19,23.88,24.05
2000-02-13,,25.68,24.15,24.22,23.83
2000-02-14,,25.61,24.24,24.1,23.82
2000-02-15,,25.62,24.39,24.21,23.9
2000-02-16,,25.52,24.26,24.06,24.0
2000-02-17,,25.47,24.45,24.32,23.53
2000-02-18,,25.42,24.35,24.54,23.39
2000-02-19,,25.42,24.35,24.68,23.4
2000-02-20,,25.59,24.56,24.89,23.3
2000-02-21,,25.76,24.63,25.02,23.26
2000-02-22,,26.02,24.47,24.69,23.45
2000-02-23,,25.89,24.46,24.58,23.56
2000-02-24,,25.78,24.46,24.51,23.94
2000-02-25,,25.55,24.35,24.42,23.98
2000-02-26,,25.26,24.5,24.37,24.58
2000-02-27,,25.02,24.59,24.47,24.29
2000-02-28,,24.91,24.75,24.58,23.99
2000-02-29,,24.98,24.77,24.69,23.98
2000-03-01,,25.13,24.65,24.72,24.19
2000-03-02,,25.2,24.68,24.54,24.12
2000-03-03,,25.33,24.84,24.48,24.2
2000-03-04,,25.38,24.91,24.43,24.74
2000-03-05,,25.48,24.82,24.49,25.62
2000-03-06,,25.47,24.8,24.48,25.3
2000-03-07,,25.43,24.7,24.71,25.52
2000-03-08,,25.44,24.63,25.19,25.63
2000-03-09,,25.47,24.65,25.18,25.45
2000-03-10,,25.53,24.64,25.07,25.2
2000-03-11,,25.52,24.57,25.01,25.15
2000-03-12,,25.37,24.63,24.92,25.54
2000-03-13,,25.33,24.88,24.92,25.88
2000-03-14,,25.35,24.98,24.89,26.04
2000-03-15,,25.33,24.92,24.83,26.67
2000-03-16,,25.33,24.98,24.95,25.91
2000-03-17,,25.23,24.99,25.05,25.53
2000-03-18,,25.24,24.9,25.01,25.29
2000-03-19,,25.35,24.88,24.9,25.54
2000-03-20,,25.46,25.03,25.11,26.05
2000-03-21,,25.59,25.03,25.5,26.43
2000-03-22,,25.58,25.17,26.03,26.79
2000-03-23,,25.56,25.24,26.37,26.47
2000-03-24,,25.45,25.43,26.88,26.25
2000-03-25,,25.57,25.37,26.33,26.09
2000-03-26,,25.53,25.37,26.04,26.2
2000-03-27,,25.55,25.28,25.76,26.63
2000-03-28,,25.72,25.26,25.72,27.39
2000-03-29,,25.91,25.49,26.06,28.03
2000-03-30,,25.94,25.83,26.15,27.81
2000-03-31,,25.89,25.88,26.44,27.54
2000-04-01,,25.8,25.99,26.28,27.64
2000-04-02,,25.81,25.79,26.83,28.52
2000-04-03,,25.83,25.97,26.74,27.75
2000-04-04,,25.84,26.14,26.17,27.09
2000-04-05,,25.8,26.48,26.23,26.58
2000-04-06,,25.85,26.54,26.48,26.27
2000-04-07,,25.87,26.59,26.52,26.2
2000-04-08,,26.01,27.02,26.15,26.52
2000-04-09,,26.14,27.17,26.06,26.58
2000-04-10,,26.31,27.05,26.0,26.54
2000-04-11,,26.14,27.04,26.24,26.84
2000-04-12,,26.2,26.62,26.24,26.8
2000-04-13,,26.26,26.63,26.12,26.15
2000-04-14,,26.32,26.59,26.03,26.12
2000-04-15,,26.35,26.64,26.05,26.48
2000-04-16,,26.39,26.57,26.21,26.39
2000-04-17,,26.41,26.63,26.21,26.95
2000-04-18,,26.38,26.58,26.29,26.82
2000-04-19,,26.53,26.63,26.37,26.29
2000-04-20,,26.61,26.72,26.49,26.54
2000-04-21,,26.51,26.69,26.63,26.55
2000-04-22,,26.57,26.53,26.18,26.46
2000-04-23,,26.63,26.4,25.96,26.29
2000-04-24,,26.51,26.33,25.9,26.47
2000-04-25,,26.59,26.37,26.05,26.04
2000-04-26,,26.51,26.39,26.3,25.74
2000-04-27,,26.47,26.46,26.19,25.8
2000-04-28,,26.43,26.49,26.13,26.05
2000-04-29,,26.42,26.53,26.2,26.09
2000-04-30,,26.33,26.59,26.34,26.45
2000-05-01,,26.37,26.56,26.35,26.09
2000-05-02,,26.37,26.62,26.22,26.0
2000-05-03,,26.43,26.64,26.32,26.12
2000-05-04,,26.67,26.66,26.37,26.28
2000-05-05,,26.81,26.8,26.5,25.97
2000-05-06,,26.88,26.79,26.69,25.86
2000-05-07,,26.97,26.75,26.72,25.61
2000-05-08,,26.97,26.67,26.75,25.18
2000-05-09,,26.86,26.65,26.83,25.54
2000-05-10,,26.87,26.55,27.03,25.45
2000-05-11,,26.85,26.52,26.87,25.32
2000-05-12,,26.84,26.53,26.69,25.38
2000-05-13,,26.91,26.57,26.74,25.25
2000-05-14,,27.05,26.57,26.51,25.09
2000-05-15,,27.2,26.68,26.49,24.92
2000-05-16,,26.99,26.62,26.9,24.99
2000-05-17,,27.04,26.64,26.98,24.99
2000-05-18,,26.99,26.73,26.95,24.75
2000-05-19,,26.9,26.85,26.7,24.5
2000-05-20,,26.92,26.82,26.32,24.39
2000-05-21,,26.93,26.86,26.37,24.49
2000-05-22,,27.0,26.84,26.48,24.61
2000-05-23,,27.11,26.85,26.36,24.31
2000-05-24,,27.14,26.84,26.24,24.33
2000-05-25,,27.06,26.67,26.13,24.44
2000-05-26,,27.07,26.69,26.18,24.19
2000-05-27,,27.15,26.72,26.29,24.37
2000-05-28,,27.18,26.86,26.54,24.54
2000-05-29,,27.16,26.94,26.61,24.39
2000-05-30,,27.24,26.96,26.38,24.44
2000-05-31,,27.4,26.77,26.07,24.45
2000-06-01,,27.35,26.68,26.09,24.41
2000-06-02,,27.31,26.71,26.13,24.31
2000-06-03,,27.34,26.78,26.15,24.31
2000-06-04,,27.4,26.82,26.12,24.23
2000-06-05,,27.32,26.88,26.03,24.17
2000-06-06,,27.35,26.9,26.15,23.89
2000-06-07,,27.33,26.89,26.06,23.69
2000-06-08,,27.35,26.93,25.92,23.87
2000-06-09,,27.43,27.0,25.93,23.82
2000-06-10,,27.42,27.01,25.87,23.78
2000-06-11,,27.37,26.97,25.81,23.8
2000-06-12,,27.44,27.05,26.01,23.87
2000-06-13,,27.55,27.1,26.09,24.0
2000-06-14,,27.55,27.16,26.26,24.09
2000-06-15,,27.56,27.18,26.37,23.91
2000-06-16,,27.66,27.28,26.46,23.69
2000-06-17,,27.72,27.23,26.47,23.66
2000-06-18,,27.89,27.21,26.06,23.47
2000-06-19,,27.89,27.19,26.03,23.36
2000-06-20,,27.89,27.07,26.21,23.43
2000-06-21,,27.81,26.99,26.38,23.57
2000-06-22,,27.73,27.0,26.42,23.69
2000-06-23,,27.63,27.02,26.41,23.71
2000-06-24,,27.53,27.06,26.22,23.7
2000-06-25,,27.58,26.94,26.13,23.76
2000-06-26,,27.42,26.91,26.17,24.1
2000-06-27,,27.37,26.96,26.22,24.24
2000-06-28,,27.36,27.04,26.3,24.33
2000-06-29,,27.38,27.07,26.33,24.83
2000-06-30,,27.32,27.02,26.2,25.34
2000-07-01,,27.31,26.93,26.15,25.91
2000-07-02,,27.32,26.9,26.07,26.11
2000-07-03,,,26.85,25.97,26.19
2000-07-04,,27.25,26.84,25.96,26.34
2000-07-05,,27.21,26.79,25.96,26.49
2000-07-06,,27.24,26.81,25.99,26.41
2000-07-07,,27.29,26.8,25.91,26.3
2000-07-08,,27.3,26.68,25.79,26.03
2000-07-09,,27.31,26.62,25.77,24.9
2000-07-10,,27.39,26.59,25.69,23.11
2000-07-11,,27.47,26.54,25.61,22.86
2000-07-12,,27.43,26.62,25.61,22.72
2000-07-13,,27.52,26.63,25.53,22.93
2000-07-14,,27.65,26.77,25.64,23.18
2000-07-15,,27.73,26.77,25.64,23.54
2000-07-16,,27.92,26.55,25.6,23.62
2000-07-17,,27.8,26.54,25.41,23.49
2000-07-18,,27.76,26.58,25.49,22.92
2000-07-19,,27.78,26.66,25.48,22.59
2000-07-20,,27.74,26.64,25.5,23.45
2000-07-21,,27.69,26.78,25.4,23.82
2000-07-22,,27.64,26.86,25.43,24.06
2000-07-23,29.26,27.72,26.86,25.6,24.45
2000-07-24,29.31,27.96,26.95,25.69,24.91
2000-07-25,29.37,27.87,26.86,25.7,25.34
2000-07-26,29.42,27.92,26.79,25.79,25.33
2000-07-27,29.44,27.98,26.93,25.81,24.92
2000-07-28,29.52,28.05,27.02,25.75,24.34
2000-07-29,29.55,28.03,27.04,25.7,22.55
2000-07-30,29.32,28.08,26.96,25.7,22.17
2000-07-31,29.38,28.0,26.96,25.76,22.39
2000-08-01,29.34,28.04,26.94,25.69,22.74
2000-08-02,29.74,27.97,27.01,25.74,22.82
2000-08-03,29.66,27.92,27.09,25.7,22.8
2000-08-04,29.56,28.01,26.97,25.59,22.54
2000-08-05,29.47,27.94,26.8,25.71,22.28
2000-08-06,29.61,27.85,26.76,25.91,22.23
2000-08-07,29.59,27.81,26.81,26.04,22.11
2000-08-08,29.5,27.86,26.84,26.11,21.7
2000-08-09,29.48,27.94,26.89,26.3,21.55
2000-08-10,29.44,27.89,26.86,26.52,21.32
2000-08-11,29.4,27.9,26.79,26.69,21.42
2000-08-12,29.55,27.91,26.77,26.79,21.42
2000-08-13,29.34,27.9,26.8,26.79,21.33
2000-08-14,29.35,27.93,26.84,26.7,21.07
2000-08-15,29.25,27.9,26.71,26.58,20.93
2000-08-16,29.17,27.94,26.67,26.43,20.76
2000-08-17,29.17,27.89,26.64,26.27,20.74
2000-08-18,29.07,27.83,26.72,25.98,21.06
2000-08-19,29.22,27.81,26.65,25.83,21.01
2000-08-20,29.38,27.78,26.5,25.75,21.33
2000-08-21,29.16,27.73,26.49,25.73,22.06
2000-08-22,29.16,27.61,26.5,25.73,22.73
2000-08-23,29.12,27.53,26.52,25.9,23.4
2000-08-24,29.08,27.54,26.48,26.01,23.42
2000-08-25,29.0,27.49,26.49,26.03,23.27
2000-08-26,29.03,27.5,26.31,25.96,23.32
2000-08-27,29.08,27.48,26.54,25.63,22.98
2000-08-28,29.13,27.3,26.72,25.49,22.29
2000-08-29,29.39,27.27,26.82,25.68,21.89
2000-08-30,29.41,27.19,26.72,25.74,21.84
2000-08-31,29.69,27.14,27.05,25.6,21.66
2000-09-01,29.74,27.27,27.29,25.78,21.72
2000-09-02,29.78,27.75,27.34,25.74,21.86
2000-09-03,29.44,28.36,27.38,25.39,21.84
2000-09-04,29.25,28.13,27.33,24.92,21.79
2000-09-05,29.3,27.95,27.22,24.79,21.52
2000-09-06,29.49,27.84,26.85,24.96,21.69
2000-09-07,29.47,27.77,26.51,25.26,22.08
2000-09-08,29.46,27.76,26.43,25.39,22.11
2000-09-09,29.58,27.78,26.55,25.42,22.17
2000-09-10,29.84,27.78,26.71,25.36,22.12
2000-09-11,29.7,27.73,26.63,25.33,22.04
2000-09-12,29.56,27.77,26.57,25.37,22.22
2000-09-13,30.06,27.81,26.63,25.48,22.96
2000-09-14,30.27,27.79,26.67,25.56,23.85
2000-09-15,30.46,27.73,26.71,25.15,23.93
2000-09-16,30.26,27.7,26.52,25.2,24.4
2000-09-17,30.14,27.72,26.35,25.36,24.1
2000-09-18,30.08,27.77,26.47,25.19,23.44
2000-09-19,29.9,27.78,26.34,25.04,22.76
2000-09-20,29.79,27.7,26.39,24.76,21.84
2000-09-21,29.69,27.69,26.59,24.7,21.2
2000-09-22,29.48,27.75,26.65,24.75,21.8
2000-09-23,29.59,27.86,26.85,,22.19
2000-09-24,29.62,27.88,26.7,25.12,22.08
2000-09-25,29.66,27.88,26.63,25.29,22.06
2000-09-26,29.63,27.82,26.64,25.42,22.18
2000-09-27,29.61,27.83,26.65,25.47,22.29
2000-09-28,29.7,27.74,26.64,25.42,22.17
2000-09-29,29.6,27.65,26.57,25.33,22.07
2000-09-30,29.44,27.5,26.56,25.28,22.14
2000-10-01,29.34,27.61,26.65,25.13,21.73
2000-10-02,29.2,27.59,26.69,25.31,21.6
2000-10-03,29.11,27.57,26.69,25.34,21.65
2000-10-04,29.27,27.45,26.68,25.35,21.6
2000-10-05,29.1,27.21,26.65,25.69,22.15
2000-10-06,29.22,27.31,26.62,25.75,23.11
2000-10-07,29.26,27.3,26.51,25.91,23.64
2000-10-08,29.43,27.41,26.51,26.06,24.18
2000-10-09,29.25,27.35,26.57,26.07,22.97
2000-10-10,29.01,27.42,26.47,25.9,21.97
2000-10-11,29.11,27.69,26.35,25.2,21.54
2000-10-12,29.08,27.52,26.23,25.16,21.41
2000-10-13,29.07,27.72,26.32,25.19,21.46
2000-10-14,29.2,27.83,26.14,25.33,21.33
2000-10-15,29.14,27.99,26.0,25.35,21.28
2000-10-16,29.07,27.83,25.91,25.32,21.15
2000-10-17,29.02,27.53,25.78,24.97,21.23
2000-10-18,28.91,27.39,25.83,24.95,21.6
2000-10-19,28.93,27.37,26.06,25.37,21.81
2000-10-20,29.14,27.4,26.08,25.57,22.02
2000-10-21,29.2,27.54,26.04,25.48,22.36
2000-10-22,29.32,27.5,26.04,25.53,22.73
2000-10-23,29.38,27.35,26.03,25.54,22.5
2000-10-24,29.55,27.12,25.96,25.38,22.65
2000-10-25,29.26,27.08,25.88,24.72,22.44
2000-10-26,29.17,27.21,25.78,24.48,
2000-10-27,29.04,27.37,25.79,24.81,22.36
2000-10-28,29.26,27.51,25.78,24.94,22.42
2000-10-29,29.15,27.38,25.77,25.07,22.28
2000-10-30,29.01,27.31,25.61,25.14,22.4
2000-10-31,29.0,27.16,25.35,25.16,22.34
2000-11-01,29.47,26.95,25.24,24.97,22.06
2000-11-02,29.33,26.91,25.23,24.75,21.87
2000-11-03,29.45,27.03,25.44,24.83,21.85
2000-11-04,29.59,27.16,25.68,24.83,21.87
2000-11-05,28.99,27.32,25.67,25.01,21.72
2000-11-06,28.66,27.42,25.77,24.7,21.77
2000-11-07,28.56,27.56,25.66,24.52,21.89
2000-11-08,28.83,27.61,25.52,24.31,21.83
2000-11-09,28.74,27.63,25.37,24.56,21.98
2000-11-10,29.11,27.49,25.37,24.09,22.15
2000-11-11,29.07,27.47,25.38,23.59,21.87
2000-11-12,28.99,27.36,25.52,23.44,22.07
2000-11-13,29.25,27.37,25.63,23.65,22.3
2000-11-14,29.15,27.29,25.86,24.17,21.79
2000-11-15,28.82,27.25,26.16,24.42,21.4
2000-11-16,28.77,27.16,26.33,24.48,21.31
2000-11-17,28.76,26.98,26.36,24.6,21.11
2000-11-18,28.89,26.93,26.23,24.67,20.85
2000-11-19,28.94,26.84,26.05,24.74,20.65
2000-11-20,,26.93,25.99,24.99,20.77
2000-11-21,29.68,26.9,25.7,25.32,20.96
2000-11-22,29.31,26.98,25.65,25.5,21.12
2000-11-23,29.18,27.04,25.7,25.75,21.36
2000-11-24,29.05,27.02,25.66,26.09,21.63
2000-11-25,29.16,27.1,25.66,25.97,21.62
2000-11-26,29.1,27.08,25.73,25.86,21.47
2000-11-27,29.0,27.05,25.72,25.65,21.36
2000-11-28,28.98,27.0,25.68,25.11,21.54
2000-11-29,29.0,26.94,25.66,24.58,22.1
2000-11-30,28.86,26.93,25.56,24.36,22.04
2000-12-01,28.78,26.88,25.44,24.53,21.87
2000-12-02,28.67,26.76,25.22,24.77,21.73
2000-12-03,28.77,26.69,25.19,24.95,21.2
2000-12-04,28.48,26.66,25.37,25.07,20.92
2000-12-05,28.4,26.61,25.56,25.26,20.54
2000-12-06,28.44,26.47,25.5,25.37,20.46
2000-12-07,28.59,26.36,25.27,25.18,20.71
2000-12-08,28.75,26.26,25.23,24.65,21.02
2000-12-09,28.86,26.2,25.45,24.49,21.08
2000-12-10,28.9,26.25,25.65,24.72,21.07
2000-12-11,28.9,26.32,25.9,24.91,21.17
2000-12-12,29.04,26.39,25.75,25.14,21.53
2000-12-13,29.32,26.51,25.42,25.11,21.56
2000-12-14,29.48,26.52,25.19,24.69,21.7
2000-12-15,29.37,26.26,25.01,24.68,21.92
2000-12-16,29.28,26.18,25.05,23.71,21.76
2000-12-17,29.01,26.14,25.14,23.55,21.65
2000-12-18,28.67,26.27,25.14,24.17,21.69
2000-12-19,28.57,26.4,25.25,24.36,21.77
2000-12-20,28.71,26.5,25.23,24.4,21.87
2000-12-21,29.08,26.51,24.92,24.44,22.23
2000-12-22,29.31,26.68,24.79,24.37,22.16
2000-12-23,29.14,26.81,24.92,23.96,22.35
2000-12-24,28.92,26.84,25.07,23.74,22.44
2000-12-25,28.89,26.73,25.21,24.44,22.42
2000-12-26,29.16,26.7,25.36,24.91,22.59
2000-12-27,29.31,26.72,25.54,24.85,22.38
2000-12-28,29.21,26.73,25.64,24.65,22.17
2000-12-29,29.23,26.59,25.49,24.68,22.38
2000-12-30,29.38,26.66,25.46,24.14,22.43
2000-12-31,29.5,26.63,25.61,23.35,22.47
2001-01-01,29.19,26.65,25.74,23.4,22.5
2001-01-02,29.03,26.78,25.75,23.57,22.57
2001-01-03,29.2,26.82,25.64,23.58,22.89
2001-01-04,29.26,26.77,25.59,23.61,22.91
2001-01-05,29.44,26.7,25.46,23.82,22.55
2001-01-06,29.59,26.83,25.27,24.1,22.24
2001-01-07,29.6,26.79,25.28,24.22,22.01
2001-01-08,29.24,26.77,25.35,24.83,22.35
2001-01-09,29.0,26.78,25.35,25.11,22.88
2001-01-10,28.96,26.79,25.4,24.99,22.97
2001-01-11,28.85,26.92,25.39,24.99,22.63
2001-01-12,28.85,26.83,25.34,25.31,22.55
2001-01-13,28.83,26.67,25.33,25.46,22.61
2001-01-14,28.99,26.55,25.42,25.4,22.83
2001-01-15,28.93,26.52,25.45,25.05,22.88
2001-01-16,28.85,26.45,25.45,24.66,22.99
2001-01-17,29.08,26.4,25.46,24.46,23.06
2001-01-18,29.26,26.29,25.37,24.52,23.0
2001-01-19,28.97,26.22,25.26,24.8,22.88
2001-01-20,28.92,26.15,25.36,25.02,22.66
2001-01-21,28.86,26.12,25.65,25.05,22.76
2001-01-22,28.7,26.21,25.59,25.09,23.55
2001-01-23,28.56,26.17,25.62,25.21,24.89
2001-01-24,28.41,26.15,25.63,25.1,24.52
2001-01-25,28.36,26.29,25.67,,23.74
2001-01-26,28.35,26.27,25.83,24.79,23.49
2001-01-27,28.41,26.21,25.83,24.78,23.39
2001-01-28,28.37,26.23,25.77,24.68,23.4
2001-01-29,28.39,26.34,25.7,24.44,23.47
2001-01-30,28.53,26.4,25.59,24.42,23.51
2001-01-31,28.41,26.32,25.45,24.88,23.88
2001-02-01,28.48,26.22,25.36,25.17,24.21
2001-02-02,28.44,26.18,25.35,25.25,24.45
2001-02-03,28.41,26.08,25.25,25.2,24.88
2001-02-04,28.37,25.91,25.19,25.15,24.75
2001-02-05,,25.85,25.08,25.11,24.44
2001-02-06,28.25,25.86,25.16,25.07,24.44
2001-02-07,28.21,25.78,25.26,25.05,24.52
2001-02-08,28.17,25.69,25.22,25.06,24.7
2001-02-09,28.19,25.77,25.1,25.12,24.95
2001-02-10,28.11,26.07,25.23,25.09,24.9
2001-02-11,28.21,26.38,25.33,25.36,24.97
2001-02-12,28.15,26.49,25.53,25.31,24.83
2001-02-13,27.9,26.2,25.54,25.21,24.76
2001-02-14,27.95,26.04,25.65,24.9,24.79
2001-02-15,28.04,26.27,25.8,24.71,24.87
2001-02-16,27.91,26.03,25.93,25.14,24.77
2001-02-17,27.89,26.01,25.95,25.46,25.07
2001-02-18,27.79,26.07,25.82,25.54,25.41
2001-02-19,27.82,25.98,25.68,25.58,25.94
2001-02-20,27.73,25.89,25.82,25.68,26.07
2001-02-21,27.74,25.81,25.84,25.67,25.68
2001-02-22,27.73,25.82,25.83,25.21,25.38
2001-02-23,27.86,25.89,25.69,24.96,25.51
2001-02-24,28.12,26.01,25.55,24.78,26.16
2001-02-25,28.18,26.04,25.58,24.62,26.05
2001-02-26,27.94,26.19,25.66,24.6,25.72
2001-02-27,28.47,26.24,25.74,24.63,26.04
2001-02-28,28.51,26.22,25.98,24.61,26.09
2001-03-01,28.33,26.24,26.24,24.74,26.83
2001-03-02,28.28,26.2,26.1,24.56,26.58
2001-03-03,28.22,26.23,25.79,24.53,26.89
2001-03-04,28.31,26.35,25.81,24.67,27.44
2001-03-05,28.26,26.33,25.84,24.82,27.24
2001-03-06,28.43,26.37,25.87,24.59,27.32
2001-03-07,28.49,26.34,25.86,24.58,27.56
2001-03-08,28.43,26.28,25.77,24.46,27.4
2001-03-09,28.42,26.34,25.63,24.6,27.58
2001-03-10,28.36,26.3,25.62,24.79,27.28
2001-03-11,28.37,26.21,25.61,24.99,26.85
2001-03-12,28.32,26.2,25.52,25.56,26.36
2001-03-13,28.3,26.23,25.55,26.21,25.86
2001-03-14,28.4,26.27,25.75,26.5,26.0
2001-03-15,28.49,26.31,25.85,26.0,26.1
2001-03-16,28.44,26.25,25.55,26.02,25.69
2001-03-17,28.4,26.25,25.59,26.04,26.3
2001-03-18,28.39,26.25,25.68,26.18,26.63
2001-03-19,28.53,26.29,25.95,26.36,27.36
2001-03-20,28.62,26.45,26.13,26.86,27.58
2001-03-21,28.62,26.47,26.06,26.41,27.68
2001-03-22,28.5,26.5,25.97,26.08,27.0
2001-03-23,28.45,26.55,26.03,26.22,26.68
2001-03-24,28.63,26.55,25.98,26.33,27.33
2001-03-25,29.04,26.56,26.09,25.88,27.35
2001-03-26,29.04,26.53,26.18,25.95,27.73
2001-03-27,28.85,26.8,26.03,26.14,27.84
2001-03-28,28.72,26.59,26.04,26.51,27.8
2001-03-29,28.46,26.53,26.14,25.92,28.19
2001-03-30,28.35,26.65,26.29,25.9,28.09
2001-03-31,28.33,26.8,26.27,25.78,28.36
2001-04-01,28.62,27.01,26.27,25.86,27.57
2001-04-02,28.97,27.01,26.37,25.95,27.16
2001-04-03,29.09,26.99,26.5,26.03,26.88
2001-04-04,29.02,26.99,26.54,26.19,26.09
2001-04-05,28.6,27.04,26.43,26.54,26.19
2001-04-06,,27.21,26.61,26.34,26.26
2001-04-07,,26.97,26.84,26.3,26.17
2001-04-08,,27.07,27.03,26.42,26.21
2001-04-09,,27.11,27.15,26.6,26.02
2001-04-10,,27.26,27.29,26.65,26.09
2001-04-11,,27.53,27.19,26.71,27.0
2001-04-12,,27.41,27.12,26.75,27.51
2001-04-13,,27.22,27.02,26.78,27.69
2001-04-14,,27.22,26.84,26.82,27.7
2001-04-15,,27.4,26.83,26.85,27.59
2001-04-16,,27.21,26.77,26.84,27.58
2001-04-17,,27.71,26.8,26.77,27.03
2001-04-18,,27.52,27.03,26.92,26.28
2001-04-19,,27.47,26.91,27.18,26.15
2001-04-20,,27.52,26.92,27.13,26.42
2001-04-21,,27.53,27.0,26.91,26.04
2001-04-22,,27.51,27.0,26.86,25.85
2001-04-23,,27.54,26.99,26.93,25.93
2001-04-24,,27.5,27.03,26.98,25.74
2001-04-25,,27.24,27.06,26.97,25.66
2001-04-26,,27.27,27.1,26.91,25.66
2001-04-27,,27.85,27.14,26.83,25.92
2001-04-28,,27.7,27.04,26.62,25.92
2001-04-29,,27.59,27.12,26.57,25.66
2001-04-30,,27.61,27.22,26.72,25.35
2001-05-01,,27.68,27.18,26.69,25.41
2001-05-02,,27.7,27.11,26.63,25.51
2001-05-03,,27.76,27.01,26.56,25.77
2001-05-04,,27.85,26.96,26.54,25.91
2001-05-05,,27.69,27.02,26.57,25.73
2001-05-06,,27.62,27.14,26.69,25.5
2001-05-07,,27.67,27.09,26.6,25.48
2001-05-08,,27.82,27.05,26.47,25.64
2001-05-09,,27.83,26.98,26.35,25.59
2001-05-10,,27.79,26.96,26.43,25.44
2001-05-11,,27.68,27.18,26.5,25.09
2001-05-12,,27.65,27.34,26.59,24.93
2001-05-13,,27.64,27.28,26.72,24.87
2001-05-14,,27.7,27.25,26.84,25.11
2001-05-15,,27.75,27.32,26.84,25.1
2001-05-16,,27.78,27.45,26.96,25.16
2001-05-17,,28.22,27.52,27.1,25.05
2001-05-18,,28.14,27.72,26.86,24.89
2001-05-19,,28.3,27.67,26.81,24.97
2001-05-20,,28.41,27.49,26.85,24.96
2001-05-21,,28.39,27.35,26.77,25.21
2001-05-22,,28.27,27.18,26.98,25.22
2001-05-23,,28.13,27.19,27.26,25.16
2001-05-24,,28.06,27.26,27.31,25.36
2001-05-25,,28.04,27.33,27.32,25.48
2001-05-26,,28.11,27.43,27.2,24.99
2001-05-27,,28.45,27.57,27.07,24.8
2001-05-28,,28.64,28.09,27.01,25.13
2001-05-29,,28.83,27.61,27.09,25.33
2001-05-30,,28.61,27.53,27.15,24.93
2001-05-31,,28.45,27.48,27.21,25.0
2001-06-01,,28.27,27.64,27.05,25.01
2001-06-02,,28.15,27.78,27.0,25.05
2001-06-03,,28.18,27.79,26.84,25.12
2001-06-04,,28.14,27.82,26.92,24.85
2001-06-05,,28.23,27.8,26.86,24.39
2001-06-06,,28.31,27.86,26.75,23.94
2001-06-07,,28.48,27.82,26.68,23.75
2001-06-08,,28.48,27.83,26.58,23.79
2001-06-09,,28.38,27.95,26.54,23.92
2001-06-10,,28.36,27.79,26.53,24.04
2001-06-11,,28.36,27.78,26.57,24.19
2001-06-12,,28.37,27.73,26.59,24.14
2001-06-13,,28.37,27.69,26.67,24.06
2001-06-14,,28.36,27.64,26.85,24.32
2001-06-15,,28.39,27.66,26.92,24.55
2001-06-16,,28.34,27.67,26.98,24.67
2001-06-17,,28.45,27.64,26.87,24.56
2001-06-18,,,27.7,26.91,24.41
2001-06-19,,28.54,27.78,26.98,24.29
2001-06-20,,28.48,27.83,26.98,24.3
2001-06-21,,28.39,27.79,26.95,24.15
2001-06-22,,28.36,27.74,26.84,24.06
2001-06-23,,28.38,27.72,26.74,23.99
2001-06-24,,28.38,27.7,26.73,23.96
2001-06-25,,28.45,27.68,26.75,23.8
2001-06-26,,28.46,27.75,26.71,23.82
2001-06-27,,28.63,27.8,26.65,23.9
2001-06-28,,28.7,27.76,26.52,23.76
2001-06-29,,28.59,27.75,26.52,23.76
2001-06-30,,28.53,27.69,26.6,24.02
2001-07-01,,28.53,27.64,26.55,24.29
2001-07-02,,28.55,27.67,26.48,24.11
2001-07-03,,28.57,27.87,26.58,24.02
2001-07-04,,28.6,27.77,26.65,24.15
2001-07-05,,28.59,27.72,26.72,23.98
2001-07-06,,28.67,27.63,26.84,23.35
2001-07-07,,28.64,27.6,26.92,22.77
2001-07-08,29.97,28.67,27.59,26.77,22.32
2001-07-09,29.96,28.76,27.63,26.71,22.08
2001-07-10,29.47,28.87,27.65,26.69,22.34
2001-07-11,29.44,28.86,27.52,26.65,22.52
2001-07-12,29.68,28.89,27.53,26.55,22.62
2001-07-13,29.58,29.0,27.48,26.54,22.7
2001-07-14,29.64,29.06,27.54,26.55,22.88
2001-07-15,30.11,29.04,27.57,26.59,23.1
2001-07-16,30.07,29.18,27.69,26.6,22.92
2001-07-17,29.94,29.13,27.8,26.69,22.54
2001-07-18,30.06,29.27,27.79,26.59,23.37
2001-07-19,29.7,28.97,27.77,26.51,24.63
2001-07-20,29.91,28.9,27.75,26.48,24.25
2001-07-21,29.6,28.88,27.77,26.48,24.28
2001-07-22,29.99,28.88,27.88,26.44,24.77
2001-07-23,29.84,28.82,27.97,26.38,24.85
2001-07-24,29.72,28.81,27.9,26.4,24.66
2001-07-25,29.71,28.82,27.85,26.55,24.66
2001-07-26,29.75,28.83,27.86,26.68,24.75
2001-07-27,29.66,28.71,27.86,26.78,24.06
2001-07-28,29.8,28.62,27.91,26.74,23.5
2001-07-29,29.62,28.64,27.97,26.61,23.14
2001-07-30,29.59,28.79,28.05,26.48,22.64
2001-07-31,29.68,28.76,28.1,26.38,22.14
2001-08-01,29.76,28.73,28.05,26.3,22.12
2001-08-02,29.82,28.73,27.99,26.34,21.99
2001-08-03,29.78,28.63,27.93,26.36,21.72
2001-08-04,29.72,28.58,27.89,26.33,22.0
2001-08-05,29.56,28.58,27.79,26.3,22.17
2001-08-06,29.65,28.58,27.61,26.23,21.86
2001-08-07,29.78,28.6,27.57,26.18,21.54
2001-08-08,29.85,28.58,27.53,26.13,21.54
2001-08-09,29.66,28.56,27.58,26.21,21.71
2001-08-10,29.79,28.57,27.53,26.29,22.0
2001-08-11,29.47,28.54,27.34,26.26,22.3
2001-08-12,29.63,28.52,27.25,26.2,22.25
2001-08-13,29.59,28.38,27.08,26.09,22.29
2001-08-14,29.68,28.27,26.95,25.95,22.01
2001-08-15,29.59,28.27,26.74,25.8,21.88
2001-08-16,29.89,28.33,26.73,25.68,21.15
2001-08-17,29.48,28.33,26.83,25.6,20.65
2001-08-18,29.47,28.29,26.78,25.52,20.53
2001-08-19,29.48,28.28,26.64,25.46,20.53
2001-08-20,29.46,28.31,26.76,25.71,20.81
2001-08-21,29.59,28.4,27.15,25.88,20.87
2001-08-22,29.58,28.48,27.26,25.77,21.1
2001-08-23,29.54,28.18,27.13,25.61,21.52
2001-08-24,29.49,28.24,27.06,25.47,21.51
2001-08-25,29.56,28.69,26.99,25.38,21.59
2001-08-26,29.78,28.66,26.95,25.46,21.28
2001-08-27,29.85,28.8,26.96,25.51,21.1
2001-08-28,30.36,29.1,26.91,25.58,21.26
2001-08-29,30.13,29.36,26.93,25.56,21.17
2001-08-30,29.86,29.36,26.94,25.53,21.15
2001-08-31,29.87,29.25,26.91,25.37,20.88
2001-09-01,30.06,29.18,26.9,25.09,20.76
2001-09-02,30.03,29.06,26.95,25.03,20.5
2001-09-03,29.94,29.1,27.02,24.93,19.84
2001-09-04,30.06,29.04,26.99,24.78,20.17
2001-09-05,30.13,28.98,27.02,24.85,20.6
2001-09-06,30.29,29.1,27.09,24.99,20.44
2001-09-07,30.2,29.18,27.23,25.47,20.06
2001-09-08,30.05,29.19,27.22,26.03,20.21
2001-09-09,29.85,28.8,27.12,26.21,20.44
2001-09-10,30.14,28.69,27.04,,21.62
2001-09-11,30.2,28.76,26.97,26.23,21.45
2001-09-12,30.19,28.83,27.02,26.24,21.17
2001-09-13,30.38,28.74,27.17,26.06,21.34
2001-09-14,30.34,28.72,27.24,25.6,21.35
2001-09-15,30.47,28.65,27.32,25.1,21.63
2001-09-16,30.36,28.81,27.34,24.83,22.34
2001-09-17,30.37,28.98,27.36,24.85,22.06
2001-09-18,30.46,28.7,27.36,25.01,23.1
2001-09-19,30.46,28.6,27.34,25.24,23.08
2001-09-20,30.49,28.55,27.42,25.37,22.19
2001-09-21,30.36,28.52,27.53,25.68,21.76
2001-09-22,30.33,28.45,27.53,25.9,21.21
2001-09-23,30.31,28.57,27.49,25.95,20.78
2001-09-24,30.43,28.72,27.46,25.99,20.51
2001-09-25,30.49,29.08,27.26,26.08,20.4
2001-09-26,30.43,28.73,27.32,26.12,20.28
2001-09-27,30.47,28.52,27.44,26.17,20.41
2001-09-28,30.42,28.55,27.4,26.15,20.65
2001-09-29,30.33,28.52,27.33,26.05,20.63
2001-09-30,30.23,28.5,27.31,25.96,20.54
2001-10-01,30.24,28.46,27.3,25.91,20.35
2001-10-02,30.42,28.4,27.17,25.88,20.51
2001-10-03,30.4,28.0,26.95,25.82,20.87
2001-10-04,30.52,27.99,26.95,25.79,21.48
2001-10-05,30.24,28.2,27.01,25.83,21.24
2001-10-06,30.15,28.59,27.12,25.77,21.27
2001-10-07,30.03,28.69,27.21,25.13,21.27
2001-10-08,30.23,28.61,27.21,25.43,21.32
2001-10-09,30.37,28.54,27.2,25.56,21.54
2001-10-10,30.35,28.36,27.13,25.57,21.82
2001-10-11,30.63,28.21,27.08,25.42,22.03
2001-10-12,30.52,28.13,27.04,25.41,22.47
2001-10-13,30.1,28.12,27.01,25.47,23.04
2001-10-14,30.05,28.18,26.93,25.53,23.95
2001-10-15,30.18,28.22,26.71,25.67,24.22
2001-10-16,30.09,28.27,26.6,25.86,24.38
2001-10-17,30.13,28.24,26.54,25.92,23.98
2001-10-18,30.04,28.28,26.76,25.9,23.02
2001-10-19,30.28,28.3,26.83,26.1,22.11
2001-10-20,30.42,28.32,26.78,26.16,21.82
2001-10-21,30.32,28.23,26.87,26.19,21.56
2001-10-22,30.25,28.32,26.92,26.1,21.55
2001-10-23,30.17,28.43,26.94,26.03,21.68
2001-10-24,30.1,28.45,26.99,25.83,21.67
2001-10-25,30.1,28.41,26.99,25.72,21.83
2001-10-26,30.16,28.37,26.85,25.57,21.99
2001-10-27,30.16,28.34,26.91,25.48,22.07
2001-10-28,30.11,28.4,26.89,25.37,22.18
2001-10-29,30.09,28.43,26.96,25.16,22.4
2001-10-30,30.01,28.41,26.99,25.23,22.5
2001-10-31,29.96,28.36,27.0,25.29,22.43
2001-11-01,30.07,28.37,26.9,25.19,22.51
2001-11-02,29.77,28.31,26.92,25.1,22.52
2001-11-03,30.1,28.39,27.02,24.96,22.35
2001-11-04,30.13,28.58,27.13,24.92,22.3
2001-11-05,30.21,28.55,27.12,25.31,22.55
2001-11-06,30.31,28.37,27.08,25.84,23.16
2001-11-07,30.41,28.52,27.07,25.75,23.34
2001-11-08,30.46,28.41,26.93,25.71,23.46
2001-11-09,30.38,28.29,26.79,25.74,22.96
2001-11-10,30.53,28.12,26.72,25.71,22.39
2001-11-11,30.61,28.05,26.76,25.79,22.19
2001-11-12,30.61,28.0,26.82,25.77,21.9
2001-11-13,30.67,27.92,26.77,25.76,21.46
2001-11-14,30.41,27.91,26.71,25.76,21.55
2001-11-15,30.39,27.83,26.65,25.69,21.67
2001-11-16,30.24,27.76,26.61,25.49,21.66
2001-11-17,30.18,27.71,26.61,25.5,21.88
2001-11-18,30.14,27.59,26.68,25.43,21.7
2001-11-19,30.08,27.63,26.9,25.35,22.01
2001-11-20,30.12,27.62,27.02,25.32,22.35
2001-11-21,30.27,27.59,27.17,25.28,22.52
2001-11-22,30.21,27.75,27.07,25.24,22.55
2001-11-23,30.39,27.75,26.87,25.22,22.4
2001-11-24,30.5,27.6,26.49,25.22,22.33
2001-11-25,30.72,27.52,26.34,25.24,22.05
2001-11-26,30.63,27.62,26.57,25.14,21.99
2001-11-27,30.41,28.04,26.63,24.9,21.99
2001-11-28,30.22,28.11,26.58,24.75,22.24
2001-11-29,30.01,28.12,26.79,24.69,22.67
2001-11-30,29.97,28.15,26.88,24.77,23.17
2001-12-01,30.13,28.12,27.06,24.73,23.31
2001-12-02,30.07,28.16,26.96,24.62,23.54
2001-12-03,30.05,28.11,26.54,24.51,23.52
2001-12-04,29.82,27.91,26.25,24.34,23.27
2001-12-05,29.9,27.79,26.03,24.31,22.83
2001-12-06,30.01,27.74,25.57,24.26,22.43
2001-12-07,29.85,27.75,25.42,24.27,22.24
2001-12-08,29.88,27.84,25.13,24.27,22.1
2001-12-09,29.93,27.94,25.53,24.16,21.88
2001-12-10,30.14,28.25,25.91,24.61,21.74
2001-12-11,30.18,28.24,26.29,24.93,21.82
2001-12-12,30.1,28.13,26.37,24.86,22.3
2001-12-13,30.04,28.22,26.15,24.47,22.43
2001-12-14,30.02,28.43,25.87,24.3,22.55
2001-12-15,29.93,28.32,25.71,24.28,22.64
2001-12-16,29.93,27.8,25.73,24.32,22.55
2001-12-17,29.9,27.73,25.77,24.32,22.37
2001-12-18,29.83,27.86,25.82,24.52,22.59
2001-12-19,29.75,27.92,25.93,24.6,23.5
2001-12-20,29.72,28.12,26.27,24.63,23.91
2001-12-21,29.74,28.11,26.16,24.79,24.64
2001-12-22,29.73,28.13,26.19,24.95,24.84
2001-12-23,29.87,28.17,26.21,24.95,24.55
2001-12-24,29.69,28.11,26.28,24.91,24.17
2001-12-25,29.63,28.16,26.34,24.96,23.63
2001-12-26,29.7,28.24,26.37,24.96,23.04
2001-12-27,29.86,28.39,26.42,24.94,22.09
2001-12-28,29.96,28.51,26.58,25.01,21.68
2001-12-29,30.02,28.6,26.6,25.12,21.55
2001-12-30,29.64,28.53,26.58,25.24,21.9
2001-12-31,29.65,28.46,26.6,25.38,22.49
2002-01-01,29.68,28.35,26.64,25.56,22.89
2002-01-02,29.71,28.32,26.69,25.55,23.13
2002-01-03,29.64,28.37,26.78,25.45,23.02
2002-01-04,29.6,28.32,26.89,25.45,23.24
2002-01-05,29.48,28.3,26.77,25.48,23.39
2002-01-06,29.44,28.3,26.73,25.48,23.78
2002-01-07,29.3,28.25,26.75,25.47,23.68
2002-01-08,29.6,28.24,26.75,25.46,23.91
2002-01-09,29.6,28.32,26.74,25.47,23.94
2002-01-10,29.66,28.33,26.76,25.62,24.48
2002-01-11,29.85,28.28,26.8,25.82,24.5
2002-01-12,30.07,28.28,26.7,26.1,24.29
2002-01-13,30.08,28.32,26.66,26.13,24.56
2002-01-14,30.19,28.53,26.64,26.09,24.51
2002-01-15,29.93,28.43,26.69,25.99,24.23
2002-01-16,30.21,28.47,26.82,25.9,24.35
2002-01-17,30.22,28.64,26.9,25.87,24.79
2002-01-18,30.03,28.75,26.95,25.86,25.1
2002-01-19,29.83,28.9,26.92,25.77,25.3
2002-01-20,29.6,28.71,26.88,25.78,25.4
2002-01-21,29.86,28.78,26.76,25.76,25.44
2002-01-22,29.79,28.73,26.87,25.77,25.48
2002-01-23,29.67,28.59,26.81,25.75,25.31
2002-01-24,29.7,28.54,26.81,25.7,25.31
2002-01-25,29.56,28.57,26.81,25.7,25.39
2002-01-26,29.59,28.54,26.76,25.73,25.29
2002-01-27,29.57,28.53,26.8,25.72,25.25
2002-01-28,29.64,28.49,26.81,25.68,25.29
2002-01-29,29.65,28.34,26.81,25.77,25.32
2002-01-30,29.53,28.39,26.84,26.02,25.38
2002-01-31,29.63,28.34,26.92,26.02,25.48
2002-02-01,29.53,28.25,26.94,26.04,25.47
2002-02-02,29.56,28.21,26.94,26.13,25.48
2002-02-03,29.56,28.15,27.09,26.31,25.54
2002-02-04,29.76,28.21,27.21,26.23,25.68
2002-02-05,29.85,28.4,27.0,26.27,25.71
2002-02-06,29.75,28.27,26.87,26.46,25.84
2002-02-07,29.87,28.22,26.84,26.39,25.98
2002-02-08,30.06,28.14,26.98,26.2,26.12
2002-02-09,30.17,28.15,27.0,26.08,26.17
2002-02-10,30.13,28.18,27.0,25.98,26.19
2002-02-11,30.33,28.02,26.88,26.2,26.23
2002-02-12,29.83,28.23,26.78,26.29,26.23
2002-02-13,29.75,28.52,26.75,26.3,26.13
2002-02-14,29.75,28.65,26.97,26.34,26.0
2002-02-15,29.63,28.48,27.1,26.23,25.73
2002-02-16,29.59,28.31,26.77,26.18,25.61
2002-02-17,29.57,28.3,26.61,26.25,25.75
2002-02-18,29.63,28.26,26.49,26.19,25.93
2002-02-19,29.77,28.15,26.51,26.13,26.17
2002-02-20,29.75,28.17,26.6,26.06,25.86
2002-02-21,29.98,28.15,26.82,26.14,25.79
2002-02-22,29.93,28.06,26.99,26.33,26.03
2002-02-23,29.86,28.14,27.05,26.51,26.24
2002-02-24,29.94,27.99,27.05,26.63,26.51
2002-02-25,29.85,27.94,27.02,26.43,27.09
2002-02-26,29.68,28.03,27.07,26.43,27.08
2002-02-27,29.63,27.92,27.18,26.37,27.2
2002-02-28,29.53,27.94,27.21,26.35,26.99
2002-03-01,29.5,27.96,27.19,26.43,27.25
2002-03-02,29.42,27.88,27.11,26.62,27.27
2002-03-03,29.56,27.84,27.11,26.77,27.55
2002-03-04,29.49,27.87,27.06,26.76,27.59
2002-03-05,29.58,27.72,27.13,26.73,26.74
2002-03-06,29.74,27.7,27.19,26.69,26.75
2002-03-07,29.82,27.75,27.13,26.58,27.01
2002-03-08,29.63,27.88,27.17,26.51,26.96
2002-03-09,29.59,27.97,27.28,26.36,27.09
2002-03-10,29.53,27.96,27.3,26.46,27.03
2002-03-11,29.57,27.9,27.3,26.47,26.97
2002-03-12,29.59,27.84,27.26,26.55,
2002-03-13,29.84,27.94,27.21,26.51,27.26
2002-03-14,29.73,27.96,27.19,26.58,27.16
2002-03-15,29.65,28.05,27.21,26.84,26.9
2002-03-16,29.41,28.07,27.45,27.09,26.58
2002-03-17,29.72,28.12,27.54,26.95,26.69
2002-03-18,29.93,28.34,27.16,26.87,26.73
2002-03-19,30.06,28.44,27.1,26.85,26.91
2002-03-20,29.88,28.21,27.07,26.87,27.09
2002-03-21,29.59,28.18,26.99,26.8,26.74
2002-03-22,29.68,28.15,26.99,26.78,26.55
2002-03-23,29.87,28.24,26.89,26.78,26.48
2002-03-24,29.99,28.2,26.85,26.68,26.69
2002-03-25,29.81,28.31,26.89,26.54,26.71
2002-03-26,30.24,28.28,27.0,26.45,26.72
2002-03-27,29.6,28.21,27.13,26.39,27.23
2002-03-28,29.46,28.09,27.04,26.28,27.02
2002-03-29,29.75,27.97,26.97,26.24,27.33
2002-03-30,29.67,27.95,26.95,26.34,27.25
2002-03-31,29.68,27.85,26.95,26.64,27.14
2002-04-01,29.7,27.93,27.04,27.03,26.91
2002-04-02,29.88,28.14,27.27,27.3,26.9
2002-04-03,29.66,27.97,27.58,27.88,27.01
2002-04-04,29.96,27.92,27.98,28.01,27.23
2002-04-05,29.78,28.02,27.67,27.88,27.08
2002-04-06,29.71,28.12,27.83,27.79,26.74
2002-04-07,29.74,28.22,27.76,27.83,26.74
2002-04-08,30.06,28.04,27.92,27.8,27.23
2002-04-09,29.95,28.09,27.94,27.82,27.75
2002-04-10,29.75,28.34,28.03,27.77,26.89
2002-04-11,29.85,28.3,28.17,27.68,26.83
2002-04-12,29.73,28.32,28.18,27.52,27.31
2002-04-13,29.99,28.47,28.02,27.3,27.0
2002-04-14,29.5,28.58,27.95,27.2,26.91
2002-04-15,29.55,28.52,27.8,27.19,26.31
2002-04-16,29.56,28.34,27.73,27.18,26.41
2002-04-17,29.42,28.36,27.65,27.08,25.97
2002-04-18,29.83,28.42,27.71,26.97,25.44
2002-04-19,29.65,28.62,27.78,26.85,25.06
2002-04-20,30.07,28.24,27.94,26.86,24.74
2002-04-21,29.82,28.5,27.97,27.06,24.54
2002-04-22,29.91,28.47,28.04,27.11,24.59
2002-04-23,30.36,28.54,28.15,27.1,24.91
2002-04-24,30.16,28.53,27.99,27.11,24.99
2002-04-25,30.32,28.61,27.9,27.0,25.02
2002-04-26,30.16,28.72,27.78,27.04,25.01
2002-04-27,30.24,28.62,27.83,27.18,25.32
2002-04-28,30.38,28.64,27.95,27.32,25.14
2002-04-29,30.15,28.65,28.07,27.24,25.1
2002-04-30,30.26,28.64,28.15,27.07,25.37
2002-05-01,30.28,28.55,28.06,27.05,25.2
2002-05-02,30.32,28.57,27.94,27.05,25.18
2002-05-03,30.28,28.58,27.93,27.1,25.35
2002-05-04,30.29,28.61,27.94,27.13,25.48
2002-05-05,30.33,28.57,27.92,27.1,25.67
2002-05-06,30.21,28.53,27.9,27.19,25.94
2002-05-07,30.25,28.53,27.89,27.17,26.12
2002-05-08,30.3,28.5,27.89,27.19,25.76
2002-05-09,30.37,28.57,27.85,27.19,25.39
2002-05-10,30.22,28.62,27.73,27.27,25.2
2002-05-11,30.09,28.52,27.69,27.2,25.24
2002-05-12,30.01,28.52,27.54,27.1,25.37
2002-05-13,30.33,28.61,27.57,27.03,25.26
2002-05-14,30.17,28.58,27.64,27.1,25.17
2002-05-15,30.03,28.69,27.71,27.15,25.09
2002-05-16,30.05,28.72,27.86,27.19,25.14
2002-05-17,29.81,28.75,27.94,27.24,25.07
2002-05-18,30.04,28.77,28.23,27.34,24.89
2002-05-19,30.2,29.56,28.26,27.49,25.07
2002-05-20,29.88,29.44,28.42,27.48,25.18
2002-05-21,30.08,29.61,28.13,27.5,25.13
2002-05-22,29.77,29.53,28.18,27.7,25.1
2002-05-23,29.89,29.21,28.2,28.04,25.16
2002-05-24,30.13,29.3,28.35,27.71,25.33
2002-05-25,30.34,29.55,28.88,27.69,25.45
2002-05-26,30.28,29.61,28.84,27.81,25.54
2002-05-27,30.14,29.46,28.73,27.86,25.59
2002-05-28,30.01,29.52,28.7,27.81,25.76
2002-05-29,30.22,29.55,28.95,27.82,25.49
2002-05-30,30.19,29.47,28.81,27.96,26.28
2002-05-31,30.26,29.49,28.81,27.91,26.67
2002-06-01,30.17,29.47,28.92,28.0,26.82
2002-06-02,30.13,29.46,29.15,28.12,26.95
2002-06-03,30.24,29.48,29.06,28.0,26.9
2002-06-04,30.14,29.44,29.09,28.07,26.65
2002-06-05,30.09,29.54,28.97,28.12,26.44
2002-06-06,30.15,29.58,28.96,28.12,26.22
2002-06-07,29.88,29.62,,27.98,26.14
2002-06-08,30.04,29.67,29.19,27.79,26.4
2002-06-09,29.98,29.72,29.19,27.72,26.92
2002-06-10,30.04,29.67,29.03,27.87,27.12
2002-06-11,29.99,29.69,29.02,27.94,27.34
2002-06-12,30.03,29.75,29.18,27.9,27.55
2002-06-13,30.06,29.59,28.74,27.91,27.65
2002-06-14,29.99,29.55,28.56,27.87,27.34
2002-06-15,29.97,29.53,28.51,27.94,26.94
2002-06-16,30.02,29.46,28.58,27.94,26.48
2002-06-17,29.97,29.45,28.62,27.9,26.23
2002-06-18,29.99,29.43,28.54,27.8,25.98
2002-06-19,29.87,29.35,28.43,27.82,25.68
2002-06-20,29.98,29.26,28.45,27.83,25.46
2002-06-21,29.86,29.18,28.47,27.77,25.19
2002-06-22,29.74,29.27,28.45,27.69,25.06
2002-06-23,29.79,29.31,28.4,27.58,25.43
2002-06-24,29.94,29.31,28.32,27.49,25.41
2002-06-25,29.86,29.18,28.25,27.42,24.83
2002-06-26,29.91,29.15,28.29,27.56,24.57
2002-06-27,29.7,29.15,28.22,27.62,24.39
2002-06-28,29.69,29.08,28.09,27.58,24.56
2002-06-29,29.62,29.07,28.03,27.4,24.78
2002-06-30,29.69,29.15,27.95,27.28,24.84
2002-07-01,29.8,29.47,27.94,27.22,24.62
2002-07-02,29.53,29.03,28.0,27.19,24.38
2002-07-03,29.39,29.09,28.08,27.18,24.21
2002-07-04,29.28,29.01,28.07,27.1,24.12
2002-07-05,29.11,29.1,27.93,26.98,24.53
2002-07-06,29.15,29.26,27.92,26.95,25.04
2002-07-07,29.46,29.21,27.76,27.0,25.28
2002-07-08,29.91,29.37,27.75,26.84,25.85
2002-07-09,,29.36,27.73,26.74,25.89
2002-07-10,29.8,29.59,27.75,26.85,25.78
2002-07-11,29.64,29.56,28.19,26.58,24.87
2002-07-12,29.69,29.74,27.86,26.59,23.87
2002-07-13,29.73,29.67,27.86,26.55,23.25
2002-07-14,29.86,29.77,28.1,26.61,22.9
2002-07-15,29.92,30.01,28.12,26.59,23.11
2002-07-16,29.7,29.98,27.89,26.72,23.09
2002-07-17,29.64,29.73,27.88,26.64,23.41
2002-07-18,29.78,29.75,28.08,26.61,23.84
2002-07-19,29.74,29.69,28.13,26.56,23.98
2002-07-20,29.54,29.79,28.13,26.5,23.97
2002-07-21,29.45,29.83,28.15,26.42,23.58
2002-07-22,29.18,29.8,28.26,26.38,23.24
2002-07-23,29.1,29.95,28.26,26.35,23.07
2002-07-24,29.44,29.82,28.3,26.37,23.15
2002-07-25,29.23,29.9,,26.45,23.27
2002-07-26,29.25,30.02,28.39,26.59,23.49
2002-07-27,29.37,30.16,28.42,26.58,23.83
2002-07-28,29.25,30.2,28.35,26.66,23.99
2002-07-29,29.23,30.18,28.38,26.67,23.95
2002-07-30,29.0,30.16,28.5,26.59,23.45
2002-07-31,29.04,30.16,28.5,26.56,22.69
2002-08-01,29.29,30.14,28.48,26.64,22.54
2002-08-02,29.2,30.19,28.43,26.69,22.33
2002-08-03,29.39,30.19,28.4,26.69,22.09
2002-08-04,29.34,30.2,28.51,26.7,21.81
2002-08-05,29.41,30.21,28.6,26.84,21.85
2002-08-06,29.33,30.13,28.52,26.92,21.89
2002-08-07,29.32,30.09,28.43,26.99,22.27
2002-08-08,29.21,30.02,28.35,27.04,22.44
2002-08-09,29.19,30.04,28.29,27.14,22.37
2002-08-10,29.38,30.05,28.26,27.25,22.61
2002-08-11,29.27,30.05,28.21,27.32,22.94
2002-08-12,29.14,30.06,28.14,27.34,22.85
2002-08-13,29.08,30.05,28.12,27.3,22.89
2002-08-14,29.51,30.07,28.08,27.3,22.95
2002-08-15,29.68,30.06,28.25,27.32,23.05
2002-08-16,29.07,30.05,28.32,27.38,23.23
2002-08-17,29.14,30.03,28.26,27.24,23.3
2002-08-18,29.17,30.0,28.16,27.06,23.46
2002-08-19,29.19,29.92,28.14,27.03,23.43
2002-08-20,29.18,29.89,28.05,27.04,23.47
2002-08-21,29.6,29.82,28.06,27.06,23.54
2002-08-22,29.28,29.79,28.16,27.09,23.52
2002-08-23,29.57,29.89,28.28,27.04,23.41
2002-08-24,29.58,30.19,28.31,27.01,23.4
2002-08-25,29.49,30.34,28.3,26.95,23.53
2002-08-26,29.56,30.11,28.32,26.81,23.41
2002-08-27,29.99,30.24,28.44,,23.1
2002-08-28,29.62,30.16,28.64,26.87,23.09
2002-08-29,29.54,30.07,28.63,26.96,23.0
2002-08-30,29.39,30.2,28.58,26.93,23.15
2002-08-31,29.38,30.14,28.47,27.21,23.25
2002-09-01,29.24,30.09,28.5,27.24,23.22
2002-09-02,29.12,30.1,28.42,27.25,23.24
2002-09-03,29.07,30.06,28.38,27.15,23.37
2002-09-04,29.19,29.9,28.42,26.98,23.5
2002-09-05,29.28,29.68,28.4,26.77,23.47
2002-09-06,29.63,29.86,28.27,26.64,23.39
2002-09-07,29.53,29.9,28.18,26.52,23.33
2002-09-08,29.14,29.85,28.23,26.49,23.44
2002-09-09,28.93,29.82,28.26,26.65,23.57
2002-09-10,29.08,29.74,28.22,26.87,23.56
2002-09-11,29.19,29.85,28.24,26.89,23.49
2002-09-12,29.26,29.93,28.32,26.64,24.21
2002-09-13,29.22,29.99,28.35,26.56,24.69
2002-09-14,29.03,30.05,28.44,26.69,25.06
2002-09-15,29.46,29.85,28.34,26.77,25.2
2002-09-16,29.75,29.87,28.41,26.8,25.06
2002-09-17,29.44,29.95,28.43,26.89,24.42
2002-09-18,29.25,30.18,28.39,26.96,23.47
2002-09-19,29.32,29.95,28.38,27.02,23.07
2002-09-20,29.57,30.05,28.35,27.2,22.83
2002-09-21,29.49,29.95,28.51,27.3,22.59
2002-09-22,29.2,30.28,28.54,27.25,22.85
2002-09-23,29.07,29.96,28.68,27.33,22.99
2002-09-24,29.24,30.03,28.84,27.61,23.14
2002-09-25,29.34,29.75,28.99,27.45,23.35
2002-09-26,29.46,29.73,28.68,27.49,23.53
2002-09-27,29.6,29.74,28.65,27.48,23.56
2002-09-28,29.25,29.99,28.65,27.62,23.55
2002-09-29,29.15,29.94,28.72,27.72,23.58
2002-09-30,29.07,29.91,28.71,27.76,23.82
2002-10-01,29.07,29.85,28.7,27.74,23.91
2002-10-02,29.12,29.87,28.72,27.66,23.96
2002-10-03,29.21,30.16,28.81,27.37,23.92
2002-10-04,29.11,30.17,28.77,27.29,23.68
2002-10-05,29.02,30.12,28.71,27.31,23.61
2002-10-06,29.05,29.97,28.65,27.26,23.72
2002-10-07,29.16,29.82,28.61,27.14,23.81
2002-10-08,29.23,29.98,28.55,27.08,23.86
2002-10-09,28.94,29.9,28.56,26.92,23.94
2002-10-10,28.7,30.03,28.66,26.93,23.97
2002-10-11,28.73,30.01,,26.97,24.05
2002-10-12,28.71,30.12,28.73,26.97,23.98
2002-10-13,28.68,30.2,28.78,26.88,23.98
2002-10-14,28.74,30.29,28.73,27.13,23.97
2002-10-15,28.91,30.33,28.73,27.2,24.02
2002-10-16,28.76,30.2,28.72,27.12,24.02
2002-10-17,29.21,30.27,28.72,27.05,24.0
2002-10-18,29.29,30.17,28.77,27.02,24.02
2002-10-19,29.36,30.3,28.78,27.05,24.15
2002-10-20,29.4,30.44,29.09,26.99,24.22
2002-10-21,29.38,30.47,28.87,27.06,24.16
2002-10-22,29.28,30.29,28.84,27.12,24.18
2002-10-23,29.43,30.61,28.89,27.16,24.13
2002-10-24,29.54,30.79,29.06,27.16,24.2
2002-10-25,29.55,30.67,29.16,27.27,24.53
2002-10-26,29.43,30.78,29.17,27.29,24.93
2002-10-27,29.19,30.71,29.3,27.37,25.29
2002-10-28,29.26,30.75,29.33,27.42,25.41
2002-10-29,29.2,30.97,29.34,27.41,25.5
2002-10-30,29.51,30.87,29.32,27.38,25.64
2002-10-31,29.72,30.75,29.26,27.39,25.94
2002-11-01,29.99,30.71,29.23,27.39,26.1
2002-11-02,29.81,30.58,29.18,27.43,26.2
2002-11-03,29.53,30.58,29.18,27.44,26.27
2002-11-04,29.55,29.79,29.19,27.46,26.08
2002-11-05,,30.26,29.27,27.46,25.72
2002-11-06,,30.16,29.56,27.48,25.71
2002-11-07,29.9,30.2,29.5,27.47,25.87
2002-11-08,30.27,30.25,29.43,27.5,25.68
2002-11-09,30.15,30.43,29.58,27.51,25.43
2002-11-10,29.89,30.36,29.72,27.51,25.21
2002-11-11,30.07,30.51,29.65,27.63,25.03
2002-11-12,30.46,30.2,29.56,27.82,24.96
2002-11-13,30.29,30.03,29.48,27.84,24.79
2002-11-14,30.56,30.06,29.52,27.76,24.67
2002-11-15,30.16,30.14,29.67,27.71,24.64
2002-11-16,29.97,30.05,29.44,27.72,24.77
2002-11-17,30.22,29.99,29.25,27.72,24.92
2002-11-18,29.98,29.9,29.13,27.72,24.85
2002-11-19,30.11,29.92,29.05,27.74,24.84
2002-11-20,30.07,30.07,29.06,27.8,24.89
2002-11-21,30.09,30.15,28.95,27.74,25.07
2002-11-22,30.14,30.13,28.9,27.69,25.2
2002-11-23,29.97,30.13,28.82,27.71,25.25
2002-11-24,30.01,30.12,28.74,27.68,25.28
2002-11-25,29.94,30.23,28.74,27.59,25.32
2002-11-26,29.82,30.46,28.68,27.63,25.41
2002-11-27,29.7,30.65,28.64,27.67,25.49
2002-11-28,29.63,30.43,28.67,27.69,25.55
2002-11-29,29.52,30.46,28.67,27.78,25.55
2002-11-30,29.39,30.47,28.62,27.75,25.57
2002-12-01,29.24,30.42,28.63,27.6,25.64
2002-12-02,29.16,30.45,28.66,27.53,25.59
2002-12-03,29.04,30.48,28.64,27.55,25.53
2002-12-04,29.06,30.49,28.61,27.57,25.45
2002-12-05,29.49,30.61,28.52,27.57,25.31
2002-12-06,29.34,30.47,28.57,27.41,25.18
2002-12-07,29.23,30.41,28.51,27.44,25.1
2002-12-08,29.24,30.38,28.44,27.55,25.14
2002-12-09,29.26,30.37,28.48,27.53,25.09
2002-12-10,29.32,30.28,28.38,27.45,25.22
2002-12-11,29.23,30.15,28.27,27.45,25.1
2002-12-12,29.23,30.12,28.18,27.25,24.93
2002-12-13,29.24,30.11,28.24,27.3,24.98
2002-12-14,29.3,29.93,28.34,27.31,24.97
2002-12-15,29.12,30.11,28.56,27.2,25.06
2002-12-16,29.18,30.16,28.62,27.06,25.7
2002-12-17,29.26,30.3,28.64,27.01,25.94
2002-12-18,29.29,30.24,28.83,26.94,25.76
2002-12-19,29.64,30.11,28.57,26.81,25.6
2002-12-20,29.84,30.15,28.6,26.75,25.5
2002-12-21,29.58,30.16,28.67,26.75,25.55
2002-12-22,29.52,30.23,28.58,26.74,25.69
2002-12-23,29.57,30.11,28.63,26.81,25.67
2002-12-24,29.69,29.95,28.6,26.7,25.36
2002-12-25,29.72,30.01,28.58,26.67,24.73
2002-12-26,29.65,30.3,28.53,26.61,24.66
2002-12-27,29.69,30.38,28.41,26.72,24.5
2002-12-28,29.8,30.26,28.27,26.71,24.57
2002-12-29,,30.14,28.26,26.74,24.48
2002-12-30,,30.12,28.33,26.88,24.49
2002-12-31,,30.04,28.35,26.9,24.77
2003-01-01,,30.0,28.34,26.89,24.84
2003-01-02,,30.06,28.34,26.96,24.72
2003-01-03,,30.0,28.33,26.97,24.86
2003-01-04,,29.97,28.43,26.93,24.56
2003-01-05,,29.98,28.43,26.92,23.82
2003-01-06,,30.07,28.45,27.01,23.68
2003-01-07,,30.1,28.54,27.1,23.75
2003-01-08,,30.06,28.51,27.16,23.84
2003-01-09,,30.07,28.47,27.1,23.76
2003-01-10,,29.74,28.39,27.02,23.68
2003-01-11,,29.75,28.38,26.98,23.86
2003-01-12,,29.86,28.38,26.93,24.51
2003-01-13,,29.87,28.33,26.77,24.88
2003-01-14,,29.87,28.26,26.76,25.5
2003-01-15,,29.98,28.31,26.81,25.84
2003-01-16,,29.96,28.54,26.97,25.8
2003-01-17,,30.06,28.34,26.99,25.63
2003-01-18,,30.08,28.24,26.92,25.67
2003-01-19,,29.84,28.12,26.92,25.79
2003-01-20,,29.71,28.06,26.88,25.2
2003-01-21,,29.77,27.95,26.78,24.61
2003-01-22,,29.43,27.83,26.7,24.39
2003-01-23,,29.29,27.78,26.59,24.35
2003-01-24,,29.31,27.84,26.53,24.35
2003-01-25,,29.29,27.91,26.53,24.25
2003-01-26,,29.27,27.83,26.44,24.44
2003-01-27,,29.09,27.82,26.38,24.41
2003-01-28,,28.95,27.93,26.38,24.36
2003-01-29,,29.19,27.89,26.45,24.39
2003-01-30,,29.49,27.74,26.37,24.43
2003-01-31,,29.1,27.53,26.31,24.52
2003-02-01,,29.01,27.27,26.5,24.69
2003-02-02,,28.65,27.1,26.62,24.8
2003-02-03,,28.67,27.15,26.58,24.77
2003-02-04,,28.71,27.36,26.69,24.75
2003-02-05,,28.77,27.26,26.65,24.74
2003-02-06,,28.77,27.47,26.68,24.97
2003-02-07,,28.84,27.63,26.65,25.15
2003-02-08,,28.9,27.73,26.57,24.87
2003-02-09,,29.14,27.84,26.38,24.95
2003-02-10,,29.03,27.85,26.41,24.94
2003-02-11,,28.9,27.87,26.55,25.01
2003-02-12,,28.99,27.9,26.49,25.29
2003-02-13,,29.11,27.83,26.49,25.6
2003-02-14,,29.03,27.58,26.58,25.69
2003-02-15,,29.01,27.57,26.69,25.8
2003-02-16,,29.1,27.79,26.85,25.82
2003-02-17,,29.21,28.28,26.96,26.08
2003-02-18,,29.09,27.75,26.91,26.21
2003-02-19,,28.96,27.69,26.87,25.91
2003-02-20,,28.92,27.6,26.85,25.93
2003-02-21,,28.91,27.7,26.79,26.06
2003-02-22,,28.89,27.86,26.63,25.65
2003-02-23,,29.08,27.7,26.67,25.06
2003-02-24,,29.07,27.57,26.94,24.63
2003-02-25,,28.84,27.63,26.75,25.05
2003-02-26,,28.77,27.78,26.64,24.86
2003-02-27,,28.76,27.71,26.7,24.82
2003-02-28,,28.64,27.71,26.75,24.67
2003-03-01,,28.35,27.8,26.83,24.69
2003-03-02,,28.32,27.85,26.81,24.84
2003-03-03,,28.54,27.93,26.75,25.26
2003-03-04,,28.4,27.93,26.7,24.8
2003-03-05,,28.29,27.82,26.65,24.99
2003-03-06,,28.28,27.73,26.54,25.4
2003-03-07,,28.28,27.65,26.59,25.78
2003-03-08,,28.34,27.57,26.7,25.37
2003-03-09,,28.48,27.44,26.67,25.3
2003-03-10,,28.64,27.53,26.67,25.39
2003-03-11,,28.68,27.8,26.84,25.52
2003-03-12,,28.67,27.76,27.28,25.97
2003-03-13,,28.72,27.72,27.37,25.95
2003-03-14,,29.07,27.72,27.56,25.9
2003-03-15,,28.9,27.8,27.98,26.11
2003-03-16,,29.07,27.68,28.29,26.62
2003-03-17,,28.95,28.09,28.16,26.52
2003-03-18,,28.76,27.96,27.82,26.52
2003-03-19,,28.67,27.81,27.82,26.48
2003-03-20,,28.49,27.76,27.59,26.95
2003-03-21,,28.4,27.73,27.47,26.95
2003-03-22,,28.24,27.74,27.36,26.34
2003-03-23,,28.32,27.76,27.43,26.39
2003-03-24,,28.38,27.74,27.53,26.81
2003-03-25,,28.38,27.71,27.43,27.54
2003-03-26,,28.42,27.83,27.44,27.67
2003-03-27,,28.42,27.6,27.47,27.08
2003-03-28,,28.46,27.39,27.4,26.75
2003-03-29,,28.35,27.59,27.05,27.02
2003-03-30,,28.36,27.65,26.77,26.06
2003-03-31,,28.37,27.64,26.64,25.65
2003-04-01,,28.3,27.49,26.83,25.43
2003-04-02,,28.31,27.29,26.92,25.38
2003-04-03,,28.38,27.29,26.92,25.47
2003-04-04,,28.46,27.15,27.01,25.48
2003-04-05,,28.49,26.94,26.62,25.32
2003-04-06,,28.58,26.9,26.08,24.95
2003-04-07,,28.13,26.92,26.16,25.23
2003-04-08,,27.99,26.96,26.09,26.48
2003-04-09,,27.99,26.87,26.26,26.28
2003-04-10,,28.13,26.96,26.49,25.75
2003-04-11,,28.13,27.36,26.62,25.71
2003-04-12,,28.31,27.38,26.59,25.21
2003-04-13,,28.03,27.38,26.6,25.28
2003-04-14,,27.96,27.17,26.65,25.65
2003-04-15,,27.92,27.14,26.68,25.67
2003-04-16,,27.97,27.14,26.77,25.68
2003-04-17,,28.17,27.18,26.75,25.41
2003-04-18,,28.03,27.36,26.61,25.3
2003-04-19,,28.02,27.31,26.44,25.08
2003-04-20,,27.87,27.16,26.57,24.41
2003-04-21,,27.89,26.98,26.75,24.74
2003-04-22,,27.67,27.04,26.86,25.01
2003-04-23,,27.69,27.13,27.1,25.08
2003-04-24,,27.92,27.23,26.73,24.92
2003-04-25,,27.78,27.34,26.45,24.2
2003-04-26,,27.86,27.34,26.52,24.23
2003-04-27,,27.98,27.2,26.71,24.27
2003-04-28,,27.94,27.19,26.62,24.06
2003-04-29,,27.9,27.18,26.63,23.43
2003-04-30,,28.06,27.15,26.46,23.18
2003-05-01,,28.13,27.09,26.37,22.04
2003-05-02,,28.02,27.09,26.09,21.86
2003-05-03,,27.95,26.98,25.82,22.85
2003-05-04,,28.02,26.86,25.64,23.44
2003-05-05,,27.98,26.79,25.33,23.77
2003-05-06,,28.03,26.83,25.29,23.83
2003-05-07,,27.95,27.01,25.27,23.99
2003-05-08,,27.98,26.98,25.39,23.8
2003-05-09,,27.9,26.99,25.41,23.91
2003-05-10,,27.88,27.0,25.42,24.25
2003-05-11,,27.86,26.96,25.49,24.37
2003-05-12,,27.83,26.9,25.26,24.11
2003-05-13,,27.84,26.85,25.02,23.85
2003-05-14,,27.87,26.78,25.0,23.77
2003-05-15,,27.91,26.69,25.01,23.92
2003-05-16,,27.84,26.84,24.93,23.68
2003-05-17,,27.8,26.93,24.71,23.64
2003-05-18,,27.82,26.93,25.0,23.71
2003-05-19,,27.84,26.86,24.83,23.89
2003-05-20,,28.0,26.76,24.86,23.86
2003-05-21,,28.03,26.73,25.02,23.68
2003-05-22,,28.11,26.82,25.03,23.45
2003-05-23,,28.23,27.19,25.06,23.32
2003-05-24,,28.52,27.11,25.95,23.52
2003-05-25,,28.58,27.21,26.84,23.69
2003-05-26,,28.75,27.39,26.8,23.53
2003-05-27,,28.63,27.12,26.24,24.91
2003-05-28,,28.86,27.03,25.63,24.97
2003-05-29,,28.8,26.96,25.4,25.19
2003-05-30,,28.73,26.94,25.23,25.12
2003-05-31,,28.79,27.03,25.04,24.85
2003-06-01,,28.89,27.23,24.99,24.65
2003-06-02,,28.67,27.33,25.16,23.0
2003-06-03,,28.58,27.42,25.53,21.92
2003-06-04,,28.6,27.48,25.32,21.68
2003-06-05,,28.76,27.43,25.54,22.2
2003-06-06,,28.55,27.56,25.67,21.92
2003-06-07,,28.51,27.56,25.85,22.35
2003-06-08,,28.65,27.53,26.03,22.65
2003-06-09,,28.55,27.42,26.06,22.68
2003-06-10,,28.35,27.46,26.21,23.26
2003-06-11,,28.29,27.52,26.22,23.19
2003-06-12,,28.31,27.38,26.28,23.47
2003-06-13,,28.45,27.24,26.28,23.59
2003-06-14,,28.39,27.32,26.24,23.39
2003-06-15,,28.4,27.5,26.25,23.54
2003-06-16,,28.41,27.67,26.19,23.68
2003-06-17,,28.63,27.66,26.08,23.64
2003-06-18,,28.81,27.71,26.01,23.46
2003-06-19,,28.66,27.85,26.23,23.41
2003-06-20,,28.77,27.87,26.38,23.38
2003-06-21,,28.58,27.85,26.5,23.34
2003-06-22,,28.56,27.85,26.33,23.23
2003-06-23,,28.68,27.82,26.21,23.15
2003-06-24,,28.95,27.87,26.22,22.98
2003-06-25,,28.89,27.98,26.31,23.01
2003-06-26,,28.84,28.02,26.27,23.05
2003-06-27,,29.02,28.02,26.35,23.53
2003-06-28,,29.38,28.03,26.47,24.37
2003-06-29,,29.0,27.98,26.47,24.67
2003-06-30,,28.94,27.97,26.45,24.98
2003-07-01,,28.78,27.94,26.58,25.19
2003-07-02,,28.72,27.94,26.59,25.06
2003-07-03,,28.71,28.0,26.6,25.23
2003-07-04,,28.67,28.04,26.78,24.96
2003-07-05,,28.53,27.94,27.12,24.24
2003-07-06,,28.46,27.9,26.92,24.29
2003-07-07,,28.47,27.93,26.91,24.19
2003-07-08,,28.44,27.93,27.01,23.99
2003-07-09,,28.42,27.94,27.07,23.62
2003-07-10,,28.37,27.86,27.02,23.55
2003-07-11,,28.38,27.78,26.87,23.65
2003-07-12,,28.48,27.67,26.75,23.58
2003-07-13,,28.42,27.64,26.81,23.53
2003-07-14,,28.5,27.68,26.62,23.45
2003-07-15,,28.57,27.64,26.59,23.48
2003-07-16,30.09,28.63,27.56,26.57,23.76
2003-07-17,30.04,28.55,27.51,26.48,23.53
2003-07-18,30.01,28.46,27.37,26.39,23.2
2003-07-19,30.08,28.36,27.25,26.3,23.43
2003-07-20,30.17,28.24,27.14,26.2,23.82
2003-07-21,30.05,28.23,27.12,26.24,23.94
2003-07-22,30.02,28.27,27.03,26.21,23.98
2003-07-23,30.13,28.19,26.96,26.23,23.91
2003-07-24,30.21,28.11,26.79,26.35,23.88
2003-07-25,30.21,27.98,26.79,26.2,23.78
2003-07-26,30.59,27.89,26.76,26.05,23.66
2003-07-27,30.36,28.14,26.75,25.86,23.63
2003-07-28,30.1,28.53,26.65,25.64,23.7
2003-07-29,30.24,28.29,26.53,25.43,23.81
2003-07-30,30.15,28.19,26.57,25.48,23.83
2003-07-31,30.27,28.12,26.51,25.49,23.86
2003-08-01,30.54,28.0,26.44,25.51,23.83
2003-08-02,30.18,28.05,26.48,25.38,23.78
2003-08-03,30.14,28.19,26.59,25.16,23.74
2003-08-04,30.15,28.15,26.9,25.03,23.88
2003-08-05,30.27,28.15,27.02,25.26,24.08
2003-08-06,30.15,28.19,27.08,25.46,24.21
2003-08-07,30.12,28.31,27.01,25.47,24.3
2003-08-08,30.16,28.38,26.92,25.71,24.35
2003-08-09,30.2,28.4,26.88,25.71,24.42
2003-08-10,30.23,28.6,26.78,25.79,24.44
2003-08-11,30.28,28.94,26.7,25.56,24.53
2003-08-12,30.29,28.89,26.7,25.41,24.65
2003-08-13,30.36,29.16,27.15,25.56,24.61
2003-08-14,30.62,29.48,27.39,25.79,24.29
2003-08-15,30.29,28.95,27.32,25.87,
2003-08-16,30.18,28.83,27.17,26.1,
2003-08-17,30.38,28.77,26.99,25.94,
2003-08-18,30.51,28.67,27.07,25.34,
2003-08-19,30.38,28.66,27.09,25.28,
2003-08-20,30.58,28.53,26.92,25.3,
2003-08-21,30.28,28.53,26.91,25.07,
2003-08-22,30.19,28.5,26.98,24.98,
2003-08-23,30.27,28.55,26.98,24.9,
2003-08-24,30.27,28.9,27.01,24.85,
2003-08-25,30.37,28.8,27.05,24.99,
2003-08-26,30.67,28.66,27.03,25.16,
2003-08-27,30.82,28.5,27.05,25.17,
2003-08-28,30.67,28.41,27.06,25.42,
2003-08-29,30.59,28.49,27.05,25.45,
2003-08-30,30.61,28.51,27.01,25.49,
2003-08-31,30.47,28.46,27.1,25.55,
2003-09-01,30.41,28.48,27.25,25.75,
2003-09-02,30.26,28.33,27.33,25.85,
2003-09-03,30.59,28.31,27.36,25.82,
2003-09-04,30.54,28.25,27.38,25.85,
2003-09-05,30.19,28.31,27.33,25.81,
2003-09-06,30.44,28.49,27.27,25.76,
2003-09-07,30.38,28.56,27.21,25.71,
2003-09-08,30.27,28.46,27.29,25.68,
2003-09-09,30.28,28.33,27.19,25.62,
2003-09-10,30.44,28.16,27.14,25.7,
2003-09-11,30.37,28.09,27.13,25.77,
2003-09-12,30.48,28.04,27.12,25.75,
2003-09-13,30.33,27.99,27.07,25.8,
2003-09-14,30.46,28.09,27.05,25.86,
2003-09-15,30.3,28.16,27.07,25.79,
2003-09-16,30.33,28.25,27.05,25.76,
2003-09-17,30.41,28.21,27.02,25.73,
2003-09-18,30.41,28.09,27.06,25.76,
2003-09-19,30.74,28.01,27.11,25.82,
2003-09-20,30.34,28.2,27.2,,
2003-09-21,30.43,28.49,27.36,25.88,
2003-09-22,30.43,28.77,27.03,26.03,
2003-09-23,30.8,28.42,27.01,26.04,
2003-09-24,30.68,28.71,27.2,26.06,
2003-09-25,30.59,28.87,27.52,26.06,
2003-09-26,30.46,28.61,27.45,25.98,
2003-09-27,30.47,28.53,27.14,25.95,
2003-09-28,30.44,28.52,27.09,25.85,
2003-09-29,30.65,28.37,27.23,25.74,
2003-09-30,30.86,28.33,27.27,25.84,
2003-10-01,30.42,28.41,27.29,25.9,
2003-10-02,30.4,28.51,27.32,26.19,
2003-10-03,30.45,28.31,27.24,26.47,
2003-10-04,30.41,28.24,27.31,26.46,
2003-10-05,30.26,28.28,27.65,26.14,
2003-10-06,30.13,28.3,27.87,25.93,
2003-10-07,30.19,28.27,27.5,26.06,
2003-10-08,30.23,28.24,27.49,26.28,
2003-10-09,30.33,28.36,27.55,26.34,
2003-10-10,30.34,28.3,27.57,26.17,
2003-10-11,30.29,28.39,27.51,25.96,
2003-10-12,30.22,28.36,27.36,25.8,
2003-10-13,30.26,28.41,27.24,25.77,
2003-10-14,30.1,28.5,27.15,25.76,
2003-10-15,30.36,28.59,27.19,25.85,
2003-10-16,30.29,28.7,27.08,25.87,
2003-10-17,30.28,28.69,27.14,26.01,
2003-10-18,30.15,28.69,27.2,26.19,
2003-10-19,30.38,28.66,27.12,26.38,
2003-10-20,30.32,28.67,27.16,26.5,
2003-10-21,30.25,28.68,27.21,26.5,
2003-10-22,30.16,28.8,27.32,26.21,
2003-10-23,30.35,29.1,27.56,26.09,
2003-10-24,30.23,29.31,27.65,25.95,
2003-10-25,30.39,29.38,27.74,25.75,
2003-10-26,30.17,29.55,27.79,25.77,
2003-10-27,30.25,30.01,27.78,25.73,
2003-10-28,30.27,29.75,27.77,26.17,
2003-10-29,30.1,30.04,27.74,26.04,
2003-10-30,30.02,29.64,27.7,26.17,
2003-10-31,30.05,29.54,27.63,25.93,
2003-11-01,30.13,29.35,27.59,25.73,
2003-11-02,30.27,29.02,27.6,25.6,
2003-11-03,30.06,28.74,27.6,25.38,
2003-11-04,30.21,28.67,27.73,25.19,
2003-11-05,30.19,28.7,27.79,25.21,
2003-11-06,30.28,28.82,27.73,25.39,
2003-11-07,30.55,28.62,27.68,25.61,
2003-11-08,30.49,28.7,27.7,25.75,
2003-11-09,30.57,28.49,27.8,25.74,
2003-11-10,30.81,28.49,27.81,25.73,
2003-11-11,30.93,28.47,27.69,25.66,
2003-11-12,30.86,28.57,27.67,25.43,23.04
2003-11-13,30.8,28.58,27.64,25.41,22.97
2003-11-14,30.96,28.5,27.56,25.45,23.34
2003-11-15,30.93,28.45,27.47,25.44,23.1
2003-11-16,30.63,28.48,27.49,25.45,24.24
2003-11-17,30.61,28.37,27.34,25.4,24.63
2003-11-18,30.57,28.29,27.15,25.41,24.5
2003-11-19,30.57,28.26,27.07,25.44,24.52
2003-11-20,30.58,28.31,27.15,25.34,24.35
2003-11-21,30.47,28.46,27.03,25.18,24.57
2003-11-22,30.46,28.77,26.88,25.18,24.61
2003-11-23,30.46,28.72,26.85,25.57,24.38
2003-11-24,30.19,28.88,26.86,25.71,24.0
2003-11-25,30.21,28.74,26.88,25.78,23.59
2003-11-26,30.84,28.66,26.99,25.83,23.34
2003-11-27,30.5,28.62,27.19,25.99,23.12
2003-11-28,30.39,28.71,27.1,26.02,23.09
2003-11-29,30.29,28.81,27.4,26.18,23.21
2003-11-30,30.29,28.84,27.49,26.2,23.35
2003-12-01,30.27,28.8,27.6,26.12,23.66
2003-12-02,30.32,28.77,27.46,26.04,23.76
2003-12-03,30.21,28.7,27.35,25.97,23.79
2003-12-04,30.29,28.52,27.3,26.12,24.04
2003-12-05,30.23,28.51,27.3,26.13,24.84
2003-12-06,30.41,28.48,27.31,26.3,25.12
2003-12-07,30.47,28.52,27.22,26.38,24.91
2003-12-08,30.68,28.68,27.3,26.43,24.42
2003-12-09,30.57,28.57,27.26,26.51,24.45
2003-12-10,30.66,28.41,27.16,26.38,24.77
2003-12-11,30.89,28.33,27.12,26.16,24.81
2003-12-12,30.73,28.21,27.08,25.95,25.24
2003-12-13,30.62,28.23,26.98,25.77,25.8
2003-12-14,30.58,28.25,26.83,25.7,25.94
2003-12-15,30.62,28.23,26.73,25.72,25.94
2003-12-16,30.88,28.21,26.78,25.97,25.77
2003-12-17,30.07,28.25,26.83,26.26,25.26
2003-12-18,30.19,28.29,26.97,26.3,24.79
2003-12-19,30.09,28.16,27.15,26.22,24.77
2003-12-20,30.35,28.03,27.2,26.12,24.44
2003-12-21,30.39,27.88,27.15,26.02,23.42
2003-12-22,30.36,27.77,27.03,25.85,23.28
2003-12-23,30.4,27.73,26.79,25.84,23.55
2003-12-24,30.43,27.73,26.66,25.72,23.99
2003-12-25,30.48,27.7,26.45,25.79,24.2
2003-12-26,30.54,27.8,26.26,26.05,24.2
2003-12-27,30.73,28.01,26.14,26.07,24.27
2003-12-28,30.63,28.06,26.16,25.69,24.35
2003-12-29,30.47,28.1,26.16,25.3,24.41
2003-12-30,30.43,28.12,26.09,25.19,24.38
2003-12-31,30.22,28.09,25.84,25.22,24.46
2004-01-01,30.15,27.93,25.92,25.55,24.2
2004-01-02,30.08,27.7,25.87,25.7,24.35
2004-01-03,30.09,27.78,25.82,25.82,24.59
2004-01-04,30.08,27.71,25.75,25.55,24.75
2004-01-05,30.25,27.68,25.74,25.42,24.61
2004-01-06,30.12,27.67,25.63,25.6,24.53
2004-01-07,30.1,27.71,25.65,25.67,24.26
2004-01-08,30.08,27.83,26.18,25.52,24.25
2004-01-09,30.14,27.95,26.44,25.5,24.17
2004-01-10,30.23,28.12,26.3,25.61,24.15
2004-01-11,30.12,28.26,26.2,25.32,23.87
2004-01-12,30.16,28.26,26.24,25.11,23.94
2004-01-13,30.07,28.27,26.34,25.0,23.98
2004-01-14,30.3,28.4,26.48,24.91,24.21
2004-01-15,30.1,28.42,26.51,25.18,24.48
2004-01-16,30.04,28.39,26.54,25.17,24.64
2004-01-17,30.03,28.45,26.58,25.28,24.92
2004-01-18,29.97,28.44,26.51,25.31,25.24
2004-01-19,30.04,28.43,26.55,25.25,25.08
2004-01-20,30.13,28.63,26.62,25.32,25.5
2004-01-21,29.97,28.6,26.5,25.45,26.04
2004-01-22,29.89,28.57,26.62,25.59,25.77
2004-01-23,30.29,28.56,26.69,25.82,25.41
2004-01-24,29.96,28.64,26.76,25.88,25.2
2004-01-25,29.99,28.59,26.8,25.83,25.18
2004-01-26,30.16,28.6,26.8,25.72,25.05
2004-01-27,30.18,28.47,26.8,25.57,24.24
2004-01-28,30.06,28.42,26.83,25.56,24.09
2004-01-29,30.15,28.39,26.86,25.53,24.33
2004-01-30,30.09,28.22,26.87,25.56,24.48
2004-01-31,30.09,28.03,26.87,25.48,24.3
2004-02-01,30.39,27.96,26.88,25.48,24.04
2004-02-02,30.44,27.86,26.92,25.52,23.34
2004-02-03,30.15,27.67,26.98,25.53,23.47
2004-02-04,30.12,27.75,26.97,25.45,23.43
2004-02-05,30.11,27.88,26.95,25.36,23.91
2004-02-06,29.61,27.97,27.09,25.3,24.26
2004-02-07,29.81,28.01,27.06,25.41,24.18
2004-02-08,30.19,27.91,26.91,25.61,23.89
2004-02-09,30.02,27.76,26.74,25.7,23.13
2004-02-10,30.01,27.57,26.52,25.76,24.31
2004-02-11,30.27,27.38,26.55,26.19,24.95
2004-02-12,30.2,27.36,26.5,26.39,25.51
2004-02-13,30.25,27.42,26.5,26.01,25.4
2004-02-14,30.28,27.37,26.51,25.69,25.9
2004-02-15,30.21,27.35,26.3,25.73,26.61
2004-02-16,30.18,27.27,26.33,25.95,27.07
2004-02-17,30.23,27.15,26.57,25.94,27.09
2004-02-18,30.19,27.34,26.66,26.02,26.84
2004-02-19,30.18,27.43,26.75,26.11,27.07
2004-02-20,30.3,27.54,26.93,26.16,27.17
2004-02-21,30.26,27.47,26.85,26.21,27.05
2004-02-22,30.28,27.52,26.77,26.12,26.6
2004-02-23,30.56,27.4,26.76,26.04,24.76
2004-02-24,30.32,27.36,26.78,25.98,25.15
2004-02-25,30.04,27.28,26.77,25.83,25.45
2004-02-26,29.86,27.3,26.69,25.72,24.91
2004-02-27,29.92,27.33,26.69,25.52,25.26
2004-02-28,29.94,27.35,26.58,25.51,25.65
2004-02-29,29.9,27.56,26.5,25.42,25.84
2004-03-01,30.09,27.59,26.61,25.42,25.47
2004-03-02,29.89,27.62,26.75,25.68,25.45
2004-03-03,30.1,27.66,26.85,25.81,25.71
2004-03-04,29.97,27.55,26.98,25.59,26.0
2004-03-05,29.82,27.47,26.98,25.45,26.82
2004-03-06,29.72,27.44,26.79,25.56,26.61
2004-03-07,29.63,27.38,26.62,25.52,26.04
2004-03-08,29.66,27.32,26.5,25.49,26.32
2004-03-09,29.62,27.32,26.43,25.57,27.03
2004-03-10,29.48,27.32,26.26,25.68,27.42
2004-03-11,29.53,27.33,26.18,25.78,26.72
2004-03-12,29.56,27.36,26.11,25.93,27.0
2004-03-13,29.59,27.4,26.0,25.78,27.33
2004-03-14,29.46,27.35,25.98,25.61,27.56
2004-03-15,29.29,27.26,25.98,25.56,27.99
2004-03-16,29.32,27.26,26.0,25.47,28.33
2004-03-17,29.0,27.24,26.32,25.48,28.29
2004-03-18,29.11,27.21,26.76,25.42,27.99
2004-03-19,29.15,27.18,26.78,25.54,27.57
2004-03-20,29.18,27.18,26.71,25.45,27.58
2004-03-21,28.95,27.29,26.78,25.43,26.76
2004-03-22,28.92,27.28,26.7,25.48,26.52
2004-03-23,29.07,27.43,26.8,25.68,26.65
2004-03-24,29.2,27.28,27.23,25.75,26.59
2004-03-25,28.92,27.49,27.12,25.91,26.56
2004-03-26,28.85,27.73,27.03,25.89,26.82
2004-03-27,28.88,27.86,27.11,26.19,26.98
2004-03-28,28.84,28.0,27.17,26.38,27.53
2004-03-29,28.97,27.7,27.25,26.56,27.45
2004-03-30,29.21,27.56,27.27,26.46,26.15
2004-03-31,29.25,28.06,27.28,26.53,25.8
2004-04-01,29.41,27.91,27.02,26.4,26.0
2004-04-02,29.64,27.87,27.11,26.35,24.78
2004-04-03,29.46,27.75,27.15,26.42,24.91
2004-04-04,29.55,27.65,27.21,26.44,25.04
2004-04-05,29.57,27.57,27.48,26.44,25.07
2004-04-06,29.52,27.47,27.75,26.41,24.5
2004-04-07,29.55,27.5,27.77,26.4,24.54
2004-04-08,29.54,27.59,27.62,26.45,24.55
2004-04-09,29.76,27.73,27.5,26.41,24.15
2004-04-10,29.54,27.63,27.56,26.53,24.03
2004-04-11,29.6,27.63,27.52,26.84,23.78
2004-04-12,29.41,27.75,27.36,27.25,24.12
2004-04-13,29.69,27.79,27.22,27.27,24.71
2004-04-14,29.85,27.72,27.2,27.11,25.07
2004-04-15,29.69,27.62,27.14,27.04,25.35
2004-04-16,29.89,27.93,27.09,26.99,24.77
2004-04-17,29.85,27.9,26.92,27.02,24.4
2004-04-18,29.81,27.92,27.07,27.04,24.68
2004-04-19,29.66,27.79,27.05,27.49,25.2
2004-04-20,29.69,27.88,27.29,27.71,24.93
2004-04-21,29.99,27.89,27.34,27.45,25.24
2004-04-22,29.94,28.06,27.46,27.14,25.48
2004-04-23,29.88,28.11,27.41,27.15,25.3
2004-04-24,29.83,28.18,27.59,27.18,24.99
2004-04-25,29.83,28.21,27.58,27.21,24.87
2004-04-26,29.87,28.16,27.63,27.44,25.04
2004-04-27,29.98,28.27,27.48,27.26,25.24
2004-04-28,29.79,28.32,27.46,27.05,24.94
2004-04-29,29.79,28.32,27.42,27.05,24.47
2004-04-30,29.94,28.34,27.46,26.91,24.02
2004-05-01,29.95,28.31,27.51,26.97,24.3
2004-05-02,30.02,28.18,27.57,26.94,24.75
2004-05-03,30.01,28.23,27.57,27.02,24.84
2004-05-04,30.02,28.2,27.64,27.11,24.7
2004-05-05,29.93,28.16,27.7,27.2,24.54
2004-05-06,29.88,28.15,27.76,27.22,24.09
2004-05-07,29.96,28.32,27.83,27.32,24.19
2004-05-08,29.8,28.28,27.83,27.33,24.42
2004-05-09,29.87,28.23,27.79,27.31,24.5
2004-05-10,29.89,28.25,27.86,27.28,24.2
2004-05-11,29.97,28.27,27.79,27.29,24.02
2004-05-12,29.86,28.37,27.79,27.24,24.02
2004-05-13,29.85,28.32,27.75,27.12,23.93
2004-05-14,30.26,28.33,27.69,27.11,24.21
2004-05-15,30.12,28.52,27.73,27.16,24.5
2004-05-16,29.96,28.52,28.03,27.21,24.45
2004-05-17,30.05,28.48,28.1,27.31,24.64
2004-05-18,29.92,28.63,28.25,27.44,24.62
2004-05-19,30.08,28.79,28.23,27.53,24.59
2004-05-20,30.26,28.61,28.15,27.56,24.64
2004-05-21,30.05,28.59,28.03,27.59,24.55
2004-05-22,30.17,28.59,27.97,27.62,24.73
2004-05-23,30.13,28.74,27.95,27.71,24.73
2004-05-24,30.31,29.09,28.09,27.7,24.93
2004-05-25,30.3,29.06,28.44,27.64,25.02
2004-05-26,30.29,29.07,28.35,27.64,25.15
2004-05-27,30.34,28.83,28.34,27.67,25.12
2004-05-28,30.09,28.64,28.28,27.5,25.08
2004-05-29,30.25,28.55,28.24,27.4,25.08
2004-05-30,30.08,28.56,28.14,27.4,25.15
2004-05-31,30.21,28.52,28.03,27.44,25.29
2004-06-01,30.4,28.52,27.97,27.31,25.44
2004-06-02,30.64,28.57,27.99,27.09,25.59
2004-06-03,30.21,28.56,27.95,27.04,25.9
2004-06-04,30.27,28.58,27.95,27.2,25.83
2004-06-05,30.11,28.69,27.99,27.33,25.83
2004-06-06,29.79,28.7,27.95,27.37,25.84
2004-06-07,29.91,28.75,28.0,27.31,25.63
2004-06-08,30.03,28.73,28.1,27.24,24.81
2004-06-09,30.23,28.68,28.14,27.08,24.18
2004-06-10,30.27,28.75,28.11,27.03,23.95
2004-06-11,30.36,28.69,28.07,26.96,24.22
2004-06-12,30.41,28.68,27.97,26.8,24.24
2004-06-13,30.18,28.66,27.93,26.66,24.15
2004-06-14,30.26,28.7,27.89,26.55,24.09
2004-06-15,30.23,28.78,27.84,26.53,23.93
2004-06-16,30.25,28.88,27.79,26.58,23.86
2004-06-17,30.23,28.78,27.89,26.52,23.73
2004-06-18,30.05,28.74,27.87,26.32,23.91
2004-06-19,30.05,28.76,27.83,26.21,23.8
2004-06-20,30.11,28.83,27.87,26.3,23.44
2004-06-21,29.81,28.83,27.9,26.73,23.49
2004-06-22,29.82,28.72,27.86,26.78,23.36
2004-06-23,29.79,28.69,27.83,26.61,23.16
2004-06-24,29.7,28.59,27.84,26.23,22.85
2004-06-25,29.67,28.64,27.87,26.06,22.85
2004-06-26,29.54,28.69,27.74,26.06,23.1
2004-06-27,29.44,28.73,27.69,26.05,23.24
2004-06-28,29.67,28.86,27.68,26.08,23.39
2004-06-29,29.48,28.9,27.68,26.2,23.83
2004-06-30,29.48,28.89,27.64,26.13,23.12
2004-07-01,29.56,28.75,27.69,26.24,22.93
2004-07-02,,28.86,27.82,26.43,22.53
2004-07-03,,28.95,27.85,26.59,22.15
2004-07-04,,29.16,27.97,26.8,22.23
2004-07-05,,29.31,28.25,26.97,22.65
2004-07-06,,29.25,28.26,27.14,22.71
2004-07-07,,29.13,28.52,27.14,22.03
2004-07-08,,29.31,28.52,27.07,21.74
2004-07-09,,29.26,28.75,27.08,21.72
2004-07-10,,29.47,28.72,27.11,21.61
2004-07-11,,29.29,28.58,27.0,22.05
2004-07-12,,29.18,28.48,26.87,22.19
2004-07-13,,29.26,28.47,26.89,21.32
2004-07-14,,29.06,28.52,27.01,21.11
2004-07-15,,29.17,28.18,27.2,21.49
2004-07-16,,29.25,28.23,27.26,22.13
2004-07-17,,29.46,28.22,27.22,23.05
2004-07-18,,29.49,28.25,27.12,22.66
2004-07-19,,29.5,28.34,27.18,22.44
2004-07-20,,29.58,28.32,27.21,22.21
2004-07-21,,29.68,28.35,27.3,22.26
2004-07-22,,29.74,28.43,27.34,22.41
2004-07-23,,29.7,28.43,27.37,22.26
2004-07-24,29.89,29.72,28.43,27.36,21.93
2004-07-25,29.88,29.65,28.45,27.35,21.95
2004-07-26,29.85,29.58,28.47,27.36,22.06
2004-07-27,29.81,29.48,28.5,27.44,22.1
2004-07-28,29.78,29.4,28.51,27.52,22.33
2004-07-29,29.81,29.3,28.47,27.51,22.46
2004-07-30,29.88,29.27,28.48,27.57,22.28
2004-07-31,30.07,29.44,28.53,27.59,22.37
2004-08-01,29.62,29.49,28.58,27.51,22.83
2004-08-02,29.74,29.32,28.53,27.44,23.19
2004-08-03,29.81,29.28,28.49,27.48,23.24
2004-08-04,29.93,29.26,28.44,27.52,23.14
2004-08-05,30.05,29.23,28.44,27.52,22.96
2004-08-06,30.11,29.09,28.45,27.49,22.78
2004-08-07,29.95,29.07,28.42,27.48,23.1
2004-08-08,29.72,29.09,28.35,27.52,23.51
2004-08-09,29.76,29.02,28.21,27.49,23.59
2004-08-10,30.1,29.01,28.25,27.43,23.73
2004-08-11,29.52,29.02,28.12,27.32,23.72
2004-08-12,29.56,28.92,28.12,27.18,23.37
2004-08-13,29.5,28.85,28.07,27.05,23.17
2004-08-14,29.41,28.92,28.02,26.96,22.95
2004-08-15,29.44,28.88,27.91,26.94,22.73
2004-08-16,29.43,28.84,27.89,26.85,22.7
2004-08-17,29.3,28.78,27.85,26.91,22.78
2004-08-18,29.15,28.84,27.84,26.87,22.68
2004-08-19,29.45,28.82,27.71,26.72,22.53
2004-08-20,29.4,28.76,27.96,26.55,22.51
2004-08-21,29.22,28.81,27.98,26.26,22.64
2004-08-22,29.39,28.85,28.01,26.11,22.75
2004-08-23,29.65,28.93,27.96,26.11,22.96
2004-08-24,29.59,29.06,27.66,26.15,22.99
2004-08-25,29.67,29.2,27.58,26.31,22.79
2004-08-26,29.8,29.27,27.78,26.33,22.85
2004-08-27,29.76,29.26,28.07,26.23,23.07
2004-08-28,29.69,29.24,27.93,26.22,23.1
2004-08-29,29.88,29.25,27.94,26.29,23.0
2004-08-30,29.76,29.24,28.23,26.23,22.78
2004-08-31,29.9,29.19,28.13,26.2,22.53
2004-09-01,30.14,29.35,28.14,26.24,22.33
2004-09-02,29.96,29.3,28.55,26.18,22.39
2004-09-03,29.98,29.48,28.52,26.31,22.59
2004-09-04,30.01,29.57,28.52,26.47,22.75
2004-09-05,30.26,29.29,28.52,26.6,22.76
2004-09-06,30.17,29.36,28.45,26.59,22.77
2004-09-07,29.71,29.57,28.45,26.55,22.57
2004-09-08,29.87,29.29,28.39,26.62,22.5
2004-09-09,29.87,29.24,28.11,26.61,22.34
2004-09-10,29.98,29.19,27.95,26.59,22.23
2004-09-11,30.33,29.15,27.96,26.61,22.11
2004-09-12,30.55,29.24,28.02,26.71,21.93
2004-09-13,30.23,29.42,28.12,26.72,21.93
2004-09-14,30.57,29.14,28.13,26.74,23.14
2004-09-15,30.51,29.13,28.15,26.83,23.23
2004-09-16,30.6,29.21,28.2,27.04,23.26
2004-09-17,30.14,29.19,28.19,27.0,23.05
2004-09-18,30.47,29.35,28.14,26.89,23.15
2004-09-19,30.39,29.39,28.19,27.07,22.92
2004-09-20,30.53,29.23,28.14,27.14,22.81
2004-09-21,30.62,29.23,28.13,27.02,23.1
2004-09-22,30.22,29.29,28.08,26.9,24.28
2004-09-23,29.96,29.2,28.01,26.71,23.55
2004-09-24,30.07,29.19,27.99,26.64,22.49
2004-09-25,30.13,29.18,27.85,26.52,22.39
2004-09-26,29.95,29.28,27.68,26.5,22.29
2004-09-27,29.88,29.18,27.38,26.47,22.31
2004-09-28,29.94,29.05,27.46,26.42,22.37
2004-09-29,30.04,29.02,27.52,26.45,22.5
2004-09-30,30.46,28.98,27.47,26.43,22.53
2004-10-01,30.59,29.0,27.49,26.39,22.67
2004-10-02,30.59,29.01,27.63,26.22,22.88
2004-10-03,30.55,29.04,27.95,26.19,22.96
2004-10-04,30.49,28.98,27.99,26.18,22.97
2004-10-05,30.47,28.94,27.86,26.24,22.83
2004-10-06,30.49,28.95,27.79,26.34,22.85
2004-10-07,30.22,28.99,27.91,26.36,22.68
2004-10-08,30.24,29.02,27.97,26.41,22.62
2004-10-09,30.67,28.82,28.1,26.42,23.16
2004-10-10,30.26,28.81,28.01,26.33,23.47
2004-10-11,30.22,28.78,27.98,26.22,23.55
2004-10-12,30.14,28.8,28.0,26.0,23.8
2004-10-13,30.12,28.84,28.0,25.8,24.37
2004-10-14,30.48,28.83,28.15,25.71,24.72
2004-10-15,30.57,29.19,28.17,25.78,25.12
2004-10-16,30.41,29.04,28.11,25.8,24.65
2004-10-17,30.38,28.9,28.18,25.85,24.04
2004-10-18,30.6,29.02,28.12,25.87,23.89
2004-10-19,30.61,29.17,28.29,25.7,23.69
2004-10-20,30.66,29.7,28.25,25.68,23.59
2004-10-21,30.58,29.7,28.14,25.65,23.27
2004-10-22,30.45,29.64,28.16,25.73,23.03
2004-10-23,30.32,29.01,28.32,25.84,22.98
2004-10-24,30.46,28.85,28.41,25.86,23.16
2004-10-25,30.41,29.03,28.49,25.67,23.19
2004-10-26,30.44,29.33,28.41,25.63,23.19
2004-10-27,30.02,29.04,28.32,25.76,22.97
2004-10-28,29.99,28.95,28.31,25.82,22.84
2004-10-29,30.1,29.2,28.26,25.75,22.98
2004-10-30,30.25,29.17,28.23,25.75,23.23
2004-10-31,30.29,28.94,28.18,25.75,23.22
2004-11-01,30.28,28.87,28.16,25.6,23.57
2004-11-02,30.21,28.87,28.09,25.52,24.3
2004-11-03,30.04,28.95,27.98,25.5,24.9
2004-11-04,30.31,29.02,27.97,25.19,24.81
2004-11-05,30.03,29.04,27.98,24.94,23.62
2004-11-06,30.02,29.0,27.94,25.17,23.02
2004-11-07,30.14,28.82,27.9,25.4,22.46
2004-11-08,30.14,28.75,27.88,25.62,22.36
2004-11-09,30.15,28.77,27.91,25.83,22.13
2004-11-10,30.14,28.78,27.93,25.84,22.08
2004-11-11,30.1,28.77,27.96,25.96,22.33
2004-11-12,30.07,28.9,27.95,26.18,22.89
2004-11-13,29.88,29.1,27.85,26.13,23.64
2004-11-14,30.34,29.15,28.06,26.17,23.6
2004-11-15,30.19,28.98,28.09,26.43,23.76
2004-11-16,30.32,29.04,27.97,26.45,23.77
2004-11-17,30.31,29.19,27.95,26.23,
2004-11-18,30.64,29.3,27.88,26.07,
2004-11-19,30.38,29.52,27.8,25.69,
2004-11-20,30.75,29.56,27.79,25.53,
2004-11-21,30.59,29.56,27.8,25.66,
2004-11-22,30.62,29.44,28.0,25.79,
2004-11-23,30.35,29.21,27.91,25.78,
2004-11-24,30.35,29.1,27.95,25.83,
2004-11-25,30.39,29.04,27.98,25.87,
2004-11-26,30.34,28.99,27.94,25.91,
2004-11-27,30.32,28.93,27.9,25.92,
2004-11-28,30.6,28.96,27.82,25.94,
2004-11-29,30.32,29.05,27.83,25.96,
2004-11-30,30.08,28.98,27.69,26.0,
2004-12-01,30.22,29.14,27.59,26.05,
2004-12-02,30.32,29.02,27.57,25.97,
2004-12-03,30.37,29.03,27.65,26.02,
2004-12-04,30.37,29.1,27.6,26.0,
2004-12-05,30.21,29.0,27.41,26.04,
2004-12-06,30.09,28.94,27.25,26.02,
2004-12-07,30.09,28.88,27.23,25.9,
2004-12-08,30.08,28.81,27.24,25.73,
2004-12-09,30.02,28.79,27.38,25.77,
2004-12-10,29.96,28.75,27.38,25.83,
2004-12-11,29.87,28.74,27.09,25.91,
2004-12-12,29.83,28.79,27.05,25.9,
2004-12-13,29.79,28.84,27.25,26.06,
2004-12-14,29.83,28.83,27.27,25.99,
2004-12-15,29.78,28.92,27.32,25.89,
2004-12-16,30.07,28.83,27.38,25.84,
2004-12-17,29.92,28.86,27.02,25.8,
2004-12-18,30.19,29.04,26.99,25.82,
2004-12-19,29.87,29.09,26.86,25.91,
2004-12-20,30.21,29.14,26.71,25.92,
2004-12-21,30.25,29.61,26.66,26.0,
2004-12-22,30.11,29.34,26.6,26.02,
2004-12-23,30.28,29.27,26.72,26.06,
2004-12-24,30.25,29.32,26.92,26.11,
2004-12-25,30.33,29.43,26.83,26.1,
2004-12-26,30.52,29.42,26.85,26.01,
2004-12-27,30.45,29.37,26.83,25.98,
2004-12-28,30.63,29.28,26.87,25.96,
2004-12-29,30.35,29.28,26.93,25.93,
2004-12-30,30.5,29.31,26.98,25.89,
2004-12-31,30.25,29.43,26.95,25.85,
2005-01-01,30.16,29.28,26.97,25.83,
2005-01-02,30.04,29.21,26.98,25.89,
2005-01-03,29.99,29.16,26.95,25.88,
2005-01-04,30.05,29.13,26.93,25.84,
2005-01-05,30.24,29.07,26.94,25.81,
2005-01-06,30.47,29.07,26.86,25.71,
2005-01-07,30.26,29.04,26.83,25.66,
2005-01-08,30.05,28.96,26.85,25.64,
2005-01-09,29.96,28.86,26.85,25.58,
2005-01-10,30.06,28.8,26.87,25.57,
2005-01-11,30.09,28.7,26.87,25.56,
2005-01-12,30.53,28.68,26.79,25.57,
2005-01-13,30.26,28.61,26.68,26.0,
2005-01-14,30.26,28.54,26.59,26.06,
2005-01-15,30.11,28.42,26.78,26.06,
2005-01-16,30.08,28.38,26.84,26.03,
2005-01-17,30.11,28.4,26.87,26.16,
2005-01-18,30.11,28.39,26.98,26.18,
2005-01-19,30.22,28.52,27.21,26.1,
2005-01-20,30.21,28.6,27.22,26.06,
2005-01-21,30.4,28.49,27.14,26.21,
2005-01-22,30.99,28.38,26.97,26.2,
2005-01-23,30.67,28.34,26.99,26.23,
2005-01-24,30.55,28.42,26.98,26.17,
2005-01-25,30.46,28.23,27.03,25.94,
2005-01-26,30.46,28.24,27.02,25.93,
2005-01-27,30.28,28.42,26.88,25.96,
2005-01-28,30.53,28.37,26.87,25.85,
2005-01-29,30.21,28.36,27.07,25.65,
2005-01-30,30.07,28.29,27.13,25.27,
2005-01-31,30.19,28.21,27.15,25.2,
2005-02-01,30.08,28.27,27.14,25.29,
2005-02-02,30.16,28.55,27.06,25.22,
2005-02-03,30.11,28.22,27.02,25.16,
2005-02-04,30.22,28.22,26.92,25.35,
2005-02-05,30.11,28.17,26.75,25.63,24.61
2005-02-06,29.87,28.28,26.57,25.57,25.26
2005-02-07,30.04,28.22,26.48,25.4,25.75
2005-02-08,29.98,28.26,26.36,25.26,25.75
2005-02-09,30.04,28.28,26.35,25.32,25.87
2005-02-10,29.99,28.33,26.48,25.62,25.78
2005-02-11,29.97,28.44,26.71,25.72,25.35
2005-02-12,30.0,28.8,26.83,25.72,
2005-02-13,30.14,28.87,26.56,25.7,
2005-02-14,30.23,28.65,26.44,25.71,25.08
2005-02-15,30.23,28.31,26.33,25.69,25.02
2005-02-16,30.14,28.32,26.14,25.68,24.68
2005-02-17,30.01,28.38,26.1,25.68,24.82
2005-02-18,30.07,28.45,26.15,25.83,24.74
2005-02-19,30.06,28.38,26.15,25.8,24.68
2005-02-20,29.93,28.39,26.26,25.61,24.81
2005-02-21,30.1,28.45,26.28,25.6,24.74
2005-02-22,29.93,28.38,26.35,25.58,24.49
2005-02-23,29.94,28.45,26.3,25.54,24.18
2005-02-24,29.94,28.63,26.36,25.51,24.22
2005-02-25,29.91,28.55,26.35,25.49,24.09
2005-02-26,29.96,28.58,26.32,25.5,24.02
2005-02-27,29.91,28.62,26.31,25.56,23.46
2005-02-28,29.99,28.62,26.28,25.63,22.49
2005-03-01,29.97,28.93,26.34,25.54,22.67
2005-03-02,29.93,28.58,26.4,25.56,23.26
2005-03-03,29.96,28.51,26.45,25.57,25.01
2005-03-04,29.94,28.47,26.53,25.64,24.97
2005-03-05,29.8,28.52,26.57,25.71,25.55
2005-03-06,29.76,28.31,26.57,25.73,25.7
2005-03-07,29.8,28.16,26.55,25.73,26.35
2005-03-08,29.71,28.14,26.61,25.73,26.93
2005-03-09,29.66,28.09,26.62,25.81,27.31
2005-03-10,29.64,28.28,26.77,25.96,27.07
2005-03-11,29.55,28.32,26.96,26.27,26.26
2005-03-12,29.56,28.27,27.28,26.33,26.01
2005-03-13,29.82,28.21,27.19,26.25,26.04
2005-03-14,30.0,28.18,27.03,26.29,26.03
2005-03-15,29.52,28.12,27.39,26.39,26.33
2005-03-16,29.75,28.04,27.19,26.46,26.68
2005-03-17,30.01,28.07,27.17,26.3,26.82
2005-03-18,29.74,28.13,27.31,26.61,25.27
2005-03-19,29.73,28.15,27.39,26.71,24.32
2005-03-20,29.85,28.39,27.52,26.87,25.2
2005-03-21,29.77,28.28,27.56,27.16,25.59
2005-03-22,29.76,28.25,27.45,27.08,25.28
2005-03-23,29.7,28.24,27.5,27.11,25.45
2005-03-24,29.73,28.37,27.84,27.05,25.6
2005-03-25,29.74,28.51,28.04,27.19,25.32
2005-03-26,29.94,28.56,27.76,27.27,25.36
2005-03-27,29.81,28.37,27.55,27.44,25.44
2005-03-28,29.72,28.34,27.53,27.55,25.5
2005-03-29,29.78,28.37,27.47,27.52,25.71
2005-03-30,29.63,28.28,27.49,27.29,26.09
2005-03-31,29.79,28.3,27.48,27.3,26.2
2005-04-01,29.6,28.33,27.52,27.32,26.08
2005-04-02,29.49,28.34,27.51,27.38,
2005-04-03,29.68,28.27,27.53,27.4,
2005-04-04,29.71,28.34,27.53,27.4,
2005-04-05,29.84,28.36,27.59,27.25,
2005-04-06,30.08,28.18,27.55,27.18,
2005-04-07,29.88,28.02,27.47,27.06,
2005-04-08,29.63,27.86,27.35,27.16,
2005-04-09,29.73,27.8,27.29,27.32,
2005-04-10,29.68,27.73,27.39,27.32,
2005-04-11,29.49,27.7,27.24,27.24,
2005-04-12,29.44,27.68,27.15,27.17,
2005-04-13,29.78,27.81,27.31,27.17,
2005-04-14,29.97,27.95,27.35,27.14,
2005-04-15,29.83,27.88,27.18,27.14,
2005-04-16,29.81,28.01,27.16,27.25,
2005-04-17,29.45,28.0,27.32,27.38,27.43
2005-04-18,29.56,28.07,27.56,27.42,27.63
2005-04-19,29.46,28.02,27.54,27.47,27.69
2005-04-20,29.36,28.58,27.68,27.45,27.64
2005-04-21,29.39,28.38,27.89,27.39,27.46
2005-04-22,29.43,28.44,28.07,27.42,27.24
2005-04-23,29.41,28.11,28.49,27.57,27.02
2005-04-24,29.27,28.07,28.15,27.81,27.0
2005-04-25,29.25,28.21,27.97,27.88,27.1
2005-04-26,29.22,28.16,27.98,27.77,27.03
2005-04-27,29.78,28.21,28.17,27.78,27.04
2005-04-28,30.03,28.98,28.26,27.74,27.24
2005-04-29,29.99,29.2,28.25,27.69,27.37
2005-04-30,29.68,28.75,28.18,27.52,27.44
2005-05-01,29.76,28.16,28.02,27.61,27.51
2005-05-02,29.74,28.06,27.84,27.66,27.6
2005-05-03,29.74,28.14,27.69,27.48,27.66
2005-05-04,29.7,28.07,27.8,27.27,27.74
2005-05-05,29.68,28.05,27.91,27.27,27.34
2005-05-06,29.63,28.02,27.57,27.41,26.86
2005-05-07,29.64,27.98,27.39,27.35,26.73
2005-05-08,29.55,27.98,27.38,27.3,27.26
2005-05-09,29.51,27.93,27.44,27.3,27.07
2005-05-10,29.63,27.87,27.51,27.19,26.92
2005-05-11,29.85,27.97,27.41,27.53,26.65
2005-05-12,30.05,28.17,27.53,27.29,26.27
2005-05-13,29.82,28.27,27.75,27.33,26.21
2005-05-14,29.69,28.2,27.69,27.33,25.94
2005-05-15,29.68,28.48,27.64,27.4,25.77
2005-05-16,29.88,28.89,27.65,27.31,25.73
2005-05-17,30.06,28.68,27.68,27.14,26.06
2005-05-18,29.49,28.25,27.61,27.07,25.89
2005-05-19,29.75,28.64,27.64,27.04,25.7
2005-05-20,29.77,29.08,27.74,27.03,25.47
2005-05-21,29.54,29.15,27.87,27.01,25.18
2005-05-22,29.93,28.6,27.96,27.09,24.88
2005-05-23,29.52,28.8,27.98,27.1,24.97
2005-05-24,29.94,28.91,27.94,27.21,25.04
2005-05-25,29.84,28.81,28.04,27.12,25.22
2005-05-26,29.49,28.67,28.07,26.95,24.83
2005-05-27,29.52,28.42,28.1,26.87,24.2
2005-05-28,29.55,28.37,28.01,26.99,24.0
2005-05-29,29.84,28.43,27.89,26.95,24.11
2005-05-30,29.95,28.48,27.8,26.82,24.28
2005-05-31,30.13,28.47,27.81,26.71,23.82
2005-06-01,30.21,28.45,27.85,26.65,23.14
2005-06-02,30.25,28.64,28.01,26.73,23.01
2005-06-03,30.04,28.98,27.87,26.96,23.24
2005-06-04,29.98,28.56,27.91,26.97,24.11
2005-06-05,29.99,28.5,27.89,26.88,24.18
2005-06-06,29.79,28.51,27.85,26.89,23.75
2005-06-07,29.81,28.6,27.83,27.12,23.55
2005-06-08,29.8,28.61,27.92,27.37,23.49
2005-06-09,30.0,28.63,27.87,27.25,23.56
2005-06-10,30.12,28.6,27.83,27.07,23.54
2005-06-11,30.12,28.68,27.84,26.93,23.42
2005-06-12,30.08,28.69,27.86,26.87,23.72
2005-06-13,30.16,28.53,27.81,26.81,24.03
2005-06-14,30.2,28.61,27.77,26.82,23.64
2005-06-15,30.02,28.58,27.82,26.81,23.68
2005-06-16,30.12,28.62,27.82,26.83,23.74
2005-06-17,30.14,28.68,27.81,26.75,23.81
2005-06-18,30.16,28.66,27.86,26.68,25.08
2005-06-19,30.14,28.6,27.86,26.69,25.02
2005-06-20,30.18,28.62,27.87,26.72,25.11
2005-06-21,30.12,28.65,27.69,26.59,25.01
2005-06-22,30.2,28.61,27.69,26.58,24.23
2005-06-23,30.2,28.56,27.71,26.76,24.16
2005-06-24,30.07,28.6,27.55,26.89,25.29
2005-06-25,30.09,28.52,27.38,26.88,25.21
2005-06-26,29.92,28.52,27.62,27.02,25.04
2005-06-27,29.94,28.47,27.6,26.82,24.85
2005-06-28,30.07,28.41,27.72,26.58,24.88
2005-06-29,30.21,28.36,27.7,26.54,25.19
2005-06-30,30.23,28.35,27.6,26.52,25.19
2005-07-01,30.21,28.38,27.53,26.46,24.97
2005-07-02,30.2,28.48,27.54,26.37,24.64
2005-07-03,30.38,28.95,27.55,26.54,24.47
2005-07-04,30.23,28.59,27.52,26.58,24.36
2005-07-05,30.24,28.77,27.51,26.54,24.31
2005-07-06,30.25,28.61,27.53,26.39,24.22
2005-07-07,30.46,28.66,27.47,26.36,24.18
2005-07-08,30.52,28.65,27.49,26.31,24.16
2005-07-09,30.41,28.59,27.53,26.1,24.23
2005-07-10,30.09,28.55,27.56,26.06,24.28
2005-07-11,30.1,28.55,27.42,26.14,24.36
2005-07-12,30.21,28.48,27.23,26.12,24.39
2005-07-13,30.08,28.47,27.19,26.28,24.3
2005-07-14,30.06,28.46,27.18,26.13,24.18
2005-07-15,29.97,28.34,27.26,26.41,23.82
2005-07-16,30.05,28.28,27.15,27.12,23.52
2005-07-17,29.98,28.29,27.16,27.05,23.46
2005-07-18,29.89,28.29,27.26,26.65,23.78
2005-07-19,30.02,28.19,27.38,26.34,23.08
2005-07-20,,28.2,27.48,26.16,22.87
2005-07-21,30.15,28.22,27.48,25.95,23.49
2005-07-22,30.13,28.12,27.4,25.83,23.99
2005-07-23,30.13,28.01,27.33,25.71,25.06
2005-07-24,30.23,27.94,27.13,25.61,24.49
2005-07-25,30.29,27.94,26.91,25.58,23.41
2005-07-26,30.42,27.92,26.96,25.63,22.73
2005-07-27,30.31,27.85,27.11,25.61,22.2
2005-07-28,30.4,27.88,27.14,25.47,22.35
2005-07-29,30.26,27.97,26.95,25.54,22.61
2005-07-30,30.2,27.98,26.83,25.48,22.75
2005-07-31,30.29,27.9,26.69,25.38,22.72
2005-08-01,30.1,27.79,26.51,25.35,22.82
2005-08-02,30.21,27.72,26.41,25.03,22.76
2005-08-03,30.31,27.63,26.48,24.86,22.59
2005-08-04,30.17,27.71,26.49,24.88,22.44
2005-08-05,30.22,27.81,26.7,24.59,22.14
2005-08-06,30.17,27.65,26.74,24.5,21.92
2005-08-07,30.08,27.72,26.38,24.61,22.02
2005-08-08,30.13,27.82,26.08,24.81,22.26
2005-08-09,30.01,28.04,26.11,24.95,22.37
2005-08-10,30.3,28.26,26.31,24.95,22.87
2005-08-11,30.14,28.53,26.29,24.92,23.34
2005-08-12,30.07,28.73,26.39,25.15,23.97
2005-08-13,29.98,28.66,26.46,24.91,24.28
2005-08-14,29.98,28.41,26.31,25.41,24.21
2005-08-15,29.95,28.3,26.08,25.99,23.3
2005-08-16,29.98,28.28,26.08,25.5,21.49
2005-08-17,30.2,28.19,26.43,25.57,20.66
2005-08-18,30.34,28.16,26.67,26.54,21.14
2005-08-19,30.15,28.18,26.95,26.9,21.44
2005-08-20,30.08,28.13,27.42,26.86,21.41
2005-08-21,30.02,28.2,27.79,26.81,21.34
2005-08-22,30.03,28.29,27.86,26.62,22.58
2005-08-23,30.04,28.34,27.52,26.28,23.07
2005-08-24,30.05,28.41,27.7,26.08,23.3
2005-08-25,30.05,28.36,27.76,25.86,23.13
2005-08-26,30.33,28.39,27.5,25.2,22.98
2005-08-27,30.06,28.37,27.13,24.8,22.83
2005-08-28,29.98,28.44,27.03,24.95,23.4
2005-08-29,30.06,28.39,27.02,25.1,23.45
2005-08-30,30.29,28.52,26.72,25.26,22.32
2005-08-31,30.31,28.62,26.54,25.36,21.91
2005-09-01,30.44,28.47,26.54,25.35,21.76
2005-09-02,30.15,28.37,26.51,25.37,21.53
2005-09-03,30.15,28.26,26.66,25.51,21.42
2005-09-04,30.13,28.18,26.73,25.54,21.2
2005-09-05,30.16,28.1,26.75,25.51,20.92
2005-09-06,30.12,28.0,26.74,25.47,21.18
2005-09-07,30.12,27.94,26.74,25.46,21.26
2005-09-08,29.94,27.95,26.76,25.37,21.39
2005-09-09,29.98,28.05,26.86,25.31,21.64
2005-09-10,30.07,28.03,26.89,25.39,21.59
2005-09-11,30.31,27.95,26.87,25.38,21.86
2005-09-12,30.13,27.86,26.9,25.35,21.69
2005-09-13,30.03,27.71,26.8,25.32,21.42
2005-09-14,29.99,27.7,26.65,25.33,21.24
2005-09-15,29.91,27.8,26.47,25.33,21.33
2005-09-16,29.96,27.74,26.37,25.34,21.33
2005-09-17,29.92,27.81,26.44,25.26,21.27
2005-09-18,29.98,27.9,26.46,25.19,21.45
2005-09-19,29.84,28.09,26.69,25.22,21.74
2005-09-20,30.04,28.19,26.88,25.31,22.24
2005-09-21,30.24,28.12,26.88,25.37,23.23
2005-09-22,30.12,28.19,26.66,25.62,24.44
2005-09-23,30.13,28.79,26.72,25.7,24.54
2005-09-24,30.0,29.03,26.58,26.12,22.74
2005-09-25,29.66,28.57,26.27,26.6,22.13
2005-09-26,29.6,28.48,26.48,26.51,21.66
2005-09-27,30.01,28.29,26.87,26.66,20.95
2005-09-28,29.88,28.35,27.13,26.34,21.02
2005-09-29,29.97,28.29,27.13,26.2,21.42
2005-09-30,29.91,28.3,27.18,26.5,21.74
2005-10-01,30.34,28.3,26.97,26.66,21.86
2005-10-02,30.59,28.27,26.86,26.72,21.98
2005-10-03,30.4,28.17,26.83,26.6,22.19
2005-10-04,30.29,28.05,26.76,26.09,22.51
2005-10-05,30.13,28.18,26.74,25.88,22.38
2005-10-06,30.21,28.29,26.85,25.86,22.38
2005-10-07,30.09,28.13,26.92,26.15,
2005-10-08,30.07,28.13,26.91,26.14,
2005-10-09,30.13,28.18,26.98,26.11,
2005-10-10,30.13,28.25,26.97,26.11,
2005-10-11,30.11,28.28,27.04,26.13,
2005-10-12,30.2,28.11,26.96,26.14,
2005-10-13,30.17,28.01,27.01,26.12,
2005-10-14,30.08,27.94,27.01,26.03,
2005-10-15,30.14,27.84,26.96,25.89,
2005-10-16,30.15,27.75,26.89,25.67,
2005-10-17,30.45,27.69,26.88,25.6,
2005-10-18,30.38,27.8,26.99,25.42,
2005-10-19,30.23,27.91,26.94,25.32,
2005-10-20,30.23,28.02,26.84,25.32,
2005-10-21,29.9,27.94,26.57,25.37,
2005-10-22,30.03,27.83,26.24,25.38,
2005-10-23,29.88,27.88,26.39,25.45,
2005-10-24,29.95,27.94,26.62,25.52,
2005-10-25,29.76,27.95,27.03,25.64,
2005-10-26,29.91,27.91,27.11,25.7,
2005-10-27,29.62,27.78,27.07,25.5,
2005-10-28,29.72,27.83,26.96,25.46,
2005-10-29,29.89,27.86,26.62,25.39,
2005-10-30,29.91,27.94,26.31,25.3,
2005-10-31,29.84,28.05,26.0,25.14,
2005-11-01,29.78,28.01,26.16,25.1,
2005-11-02,29.56,27.93,26.29,25.25,
2005-11-03,29.53,27.85,26.51,25.32,
2005-11-04,29.62,27.84,26.61,25.16,
2005-11-05,29.54,27.75,26.49,25.0,
2005-11-06,29.54,27.59,26.33,24.97,
2005-11-07,29.67,27.54,26.19,25.06,
2005-11-08,29.74,27.48,26.17,25.01,
2005-11-09,30.0,27.4,26.19,24.99,
2005-11-10,30.09,27.41,26.24,24.89,
2005-11-11,30.3,27.43,26.2,24.84,
2005-11-12,29.84,27.6,26.3,24.88,
2005-11-13,29.8,27.48,26.37,25.05,
2005-11-14,29.88,27.45,26.45,25.06,
2005-11-15,29.87,27.45,26.47,25.08,
2005-11-16,30.0,27.55,26.53,25.31,21.8
2005-11-17,30.09,27.74,26.56,25.31,21.6
2005-11-18,29.87,27.84,26.61,25.18,21.39
2005-11-19,29.61,27.38,26.6,25.02,21.58
2005-11-20,30.04,27.26,26.48,24.97,22.2
2005-11-21,29.87,27.27,26.53,24.92,22.12
2005-11-22,29.79,27.23,26.54,24.87,22.79
2005-11-23,29.77,27.42,26.37,24.67,23.24
2005-11-24,29.64,27.36,26.22,24.47,23.49
2005-11-25,29.76,27.28,26.21,24.22,22.68
2005-11-26,29.74,27.22,26.23,23.85,21.52
2005-11-27,29.76,27.26,26.19,23.81,21.51
2005-11-28,30.29,27.44,26.06,23.95,21.64
2005-11-29,30.05,27.42,25.94,23.98,21.7
2005-11-30,29.9,27.54,25.91,23.98,21.73
2005-12-01,29.97,27.64,26.08,24.05,21.71
2005-12-02,29.9,27.67,26.13,24.45,21.82
2005-12-03,30.21,27.53,26.09,24.76,21.75
2005-12-04,30.16,27.42,26.17,24.9,21.53
2005-12-05,30.02,27.48,26.3,25.03,21.47
2005-12-06,30.05,27.43,26.33,25.04,21.72
2005-12-07,29.83,27.46,26.25,24.71,22.17
2005-12-08,29.99,27.46,25.9,24.43,22.23
2005-12-09,30.11,27.58,25.73,24.64,22.38
2005-12-10,30.1,27.44,25.7,24.74,22.38
2005-12-11,30.02,27.49,25.81,24.92,21.38
2005-12-12,30.01,27.56,25.94,24.96,20.86
2005-12-13,29.79,27.6,25.98,24.9,20.79
2005-12-14,29.7,27.65,25.99,24.88,20.83
2005-12-15,29.65,27.58,25.98,24.66,21.1
2005-12-16,29.83,27.53,25.91,24.44,21.32
2005-12-17,29.78,27.44,25.96,24.18,21.75
2005-12-18,29.61,27.3,26.01,24.48,21.85
2005-12-19,29.48,27.17,25.99,24.64,22.07
2005-12-20,29.44,26.82,25.92,24.81,22.37
2005-12-21,29.49,26.55,25.87,25.2,22.24
2005-12-22,29.45,26.66,25.82,25.36,23.01
2005-12-23,29.49,26.7,25.81,25.37,22.92
2005-12-24,29.45,26.62,25.76,25.4,23.13
2005-12-25,29.51,26.75,25.64,25.11,23.44
2005-12-26,29.38,27.08,25.5,24.71,23.98
2005-12-27,29.4,27.14,25.35,24.46,24.3
2005-12-28,29.67,27.19,25.29,24.54,24.3
2005-12-29,29.47,27.13,25.17,24.51,23.88
2005-12-30,29.64,27.06,24.84,24.75,23.5
2005-12-31,29.58,26.94,24.78,25.11,23.34
2006-01-01,29.5,26.86,24.87,24.89,23.08
2006-01-02,29.53,27.02,25.12,24.36,22.76
2006-01-03,29.49,27.08,25.08,24.09,22.89
2006-01-04,29.42,27.01,24.96,24.46,22.75
2006-01-05,29.41,26.68,24.97,24.8,23.17
2006-01-06,29.66,26.18,25.01,24.97,23.15
2006-01-07,29.64,26.18,25.15,25.31,23.18
2006-01-08,29.86,26.21,25.14,25.29,22.97
2006-01-09,29.56,26.2,25.05,24.77,23.42
2006-01-10,29.66,26.16,24.9,24.43,23.64
2006-01-11,29.53,26.03,24.82,24.59,23.41
2006-01-12,29.55,26.0,25.08,24.76,23.26
2006-01-13,29.61,26.02,25.2,24.73,23.18
2006-01-14,29.67,26.03,25.18,24.78,23.23
2006-01-15,29.52,25.98,25.07,24.85,23.06
2006-01-16,29.37,26.62,24.93,24.71,22.96
2006-01-17,29.28,26.63,24.78,,23.47
2006-01-18,29.19,26.58,24.72,23.55,24.61
2006-01-19,29.14,26.47,24.74,23.67,24.67
2006-01-20,29.05,26.21,24.75,24.03,24.36
2006-01-21,29.0,25.72,24.85,24.23,24.3
2006-01-22,28.78,25.62,24.86,24.29,23.84
2006-01-23,28.84,25.68,24.75,24.24,23.64
2006-01-24,28.75,25.8,24.78,23.96,23.34
2006-01-25,28.65,25.98,24.79,23.75,23.83
2006-01-26,28.68,26.01,24.67,23.79,24.16
2006-01-27,28.66,25.81,24.55,23.96,24.25
2006-01-28,28.64,25.82,24.62,23.61,24.67
2006-01-29,28.74,25.86,24.49,23.7,24.52
2006-01-30,28.87,25.89,24.51,24.07,24.51
2006-01-31,28.77,25.84,24.4,24.31,24.53
2006-02-01,28.54,25.74,24.3,24.23,24.55
2006-02-02,28.46,25.69,24.26,23.89,24.79
2006-02-03,28.49,25.65,24.31,23.62,24.88
2006-02-04,28.59,25.48,24.37,23.27,24.66
2006-02-05,28.41,25.44,24.29,23.52,24.23
2006-02-06,28.44,25.45,24.51,23.82,24.33
2006-02-07,28.32,25.48,24.84,23.97,25.46
2006-02-08,28.23,25.58,24.91,24.32,25.54
2006-02-09,28.24,25.76,24.91,24.64,25.42
2006-02-10,28.37,25.95,25.01,24.77,26.04
2006-02-11,28.61,26.33,25.16,25.13,26.26
2006-02-12,28.4,26.3,25.47,25.58,26.17
2006-02-13,28.09,26.39,25.5,25.47,26.45
2006-02-14,28.07,26.62,25.41,25.39,26.72
2006-02-15,28.2,26.39,25.45,25.4,26.68
2006-02-16,27.93,26.48,25.17,25.49,27.22
2006-02-17,27.86,26.52,24.99,25.08,27.09
2006-02-18,27.78,26.46,25.03,24.86,27.04
2006-02-19,28.09,26.54,25.1,25.27,26.79
2006-02-20,27.92,26.23,24.99,25.44,25.68
2006-02-21,28.07,26.08,25.12,25.38,25.64
2006-02-22,27.94,26.03,25.28,25.41,25.32
2006-02-23,28.19,26.13,25.63,25.65,25.08
2006-02-24,28.54,26.29,25.66,25.75,24.8
2006-02-25,28.33,26.44,25.72,25.57,24.07
2006-02-26,28.26,26.24,25.49,25.16,24.12
2006-02-27,28.37,26.18,25.47,24.84,24.12
2006-02-28,28.43,26.07,25.46,24.63,24.15
2006-03-01,28.32,26.04,25.41,24.53,24.23
2006-03-02,28.29,26.05,25.42,24.75,24.79
2006-03-03,28.27,26.14,25.38,24.59,25.2
2006-03-04,28.6,26.45,25.41,24.45,25.5
2006-03-05,28.48,26.82,25.48,24.65,25.2
2006-03-06,28.46,26.9,25.43,24.63,24.84
2006-03-07,28.49,26.84,25.45,24.75,24.8
2006-03-08,28.53,26.79,25.53,24.71,25.82
2006-03-09,28.7,26.75,25.58,24.73,26.19
2006-03-10,28.82,26.83,25.56,24.86,25.63
2006-03-11,29.02,26.81,25.57,24.91,25.3
2006-03-12,28.75,26.86,25.64,24.89,25.08
2006-03-13,28.93,26.87,25.72,24.65,24.68
2006-03-14,29.05,26.83,25.81,24.78,24.64
2006-03-15,28.95,26.8,25.8,25.17,24.29
2006-03-16,28.97,26.71,25.86,25.23,24.76
2006-03-17,28.97,26.55,25.96,25.32,25.08
2006-03-18,28.97,26.56,25.97,25.45,25.54
2006-03-19,28.99,26.61,26.09,25.52,25.55
2006-03-20,28.65,26.99,26.08,25.61,24.58
2006-03-21,28.56,27.14,26.09,25.61,24.87
2006-03-22,28.71,27.25,26.11,25.7,24.91
2006-03-23,28.63,27.37,26.0,25.56,24.66
2006-03-24,28.69,27.2,25.93,25.54,24.67
2006-03-25,28.7,27.27,25.87,25.6,24.46
2006-03-26,28.93,27.46,26.06,25.68,23.88
2006-03-27,28.81,27.47,26.13,25.8,23.6
2006-03-28,28.88,27.53,26.3,25.88,23.73
2006-03-29,28.77,27.49,26.4,25.85,24.13
2006-03-30,28.7,27.58,26.55,25.75,24.68
2006-03-31,28.59,27.67,26.7,25.79,24.45
2006-04-01,28.54,27.75,26.7,25.95,24.25
2006-04-02,28.52,27.6,26.63,26.21,24.23
2006-04-03,28.42,27.51,26.61,26.1,24.94
2006-04-04,28.52,27.45,26.53,26.1,25.29
2006-04-05,28.69,27.42,26.42,26.2,25.62
2006-04-06,28.75,27.37,26.44,26.46,26.05
2006-04-07,28.99,27.51,26.65,26.63,26.39
2006-04-08,28.81,27.5,26.89,26.59,26.59
2006-04-09,28.71,27.54,27.1,26.71,26.74
2006-04-10,28.85,27.41,26.96,26.79,26.15
2006-04-11,29.09,27.56,27.02,26.95,26.04
2006-04-12,29.03,27.68,26.98,27.23,27.76
2006-04-13,29.05,27.86,26.97,27.22,27.87
2006-04-14,28.9,27.56,27.05,27.45,26.81
2006-04-15,29.18,27.78,27.1,27.49,26.26
2006-04-16,29.08,27.86,27.18,27.42,25.66
2006-04-17,28.99,27.73,27.28,27.29,25.67
2006-04-18,29.03,27.8,27.26,27.16,25.76
2006-04-19,29.21,27.75,27.15,27.0,25.55
2006-04-20,29.36,27.79,27.12,26.98,25.35
2006-04-21,29.14,27.75,27.11,27.06,25.36
2006-04-22,29.22,27.81,27.22,27.09,25.44
2006-04-23,29.16,27.56,27.32,27.05,25.56
2006-04-24,29.12,27.67,27.17,27.08,25.66
2006-04-25,29.01,27.68,27.0,27.15,25.91
2006-04-26,29.05,27.85,27.07,27.1,26.51
2006-04-27,29.11,27.76,27.01,27.08,26.01
2006-04-28,29.13,27.74,27.06,27.04,25.92
2006-04-29,29.04,27.61,27.29,27.05,26.01
2006-04-30,29.32,27.62,27.16,27.04,26.02
2006-05-01,28.72,27.62,27.17,26.97,26.22
2006-05-02,28.9,27.77,27.29,26.86,25.85
2006-05-03,28.96,27.9,27.32,26.8,25.92
2006-05-04,29.3,28.1,27.4,26.73,25.98
2006-05-05,29.16,28.35,27.38,26.65,26.05
2006-05-06,29.11,28.62,27.45,26.57,26.11
2006-05-07,29.16,28.14,27.54,26.84,26.17
2006-05-08,29.53,28.12,27.55,26.95,26.13
2006-05-09,29.6,28.13,27.43,26.96,25.74
2006-05-10,29.45,28.13,27.34,26.87,25.46
2006-05-11,29.71,28.19,27.34,26.73,25.38
2006-05-12,29.67,28.32,27.26,26.64,25.33
2006-05-13,30.06,28.62,27.46,26.59,25.18
2006-05-14,29.91,28.45,27.48,26.6,25.03
2006-05-15,30.09,28.17,27.6,26.72,25.04
2006-05-16,30.18,28.25,27.49,26.81,25.18
2006-05-17,30.13,28.39,27.42,26.9,25.18
2006-05-18,29.92,28.43,27.55,27.03,25.16
2006-05-19,29.74,28.35,27.68,27.38,25.14
2006-05-20,29.78,28.34,27.65,27.53,25.15
2006-05-21,29.78,28.28,27.7,27.65,25.39
2006-05-22,29.67,28.18,27.88,27.67,25.51
2006-05-23,29.64,28.02,27.85,27.61,25.62
2006-05-24,29.63,27.99,27.74,27.67,25.67
2006-05-25,29.65,27.95,28.01,27.57,25.73
2006-05-26,29.68,28.03,28.03,,25.78
2006-05-27,29.73,28.32,27.97,,25.65
2006-05-28,29.73,28.34,28.23,,25.0
2006-05-29,29.87,28.23,28.35,,24.61
2006-05-30,30.16,28.54,28.29,,24.8
2006-05-31,30.13,28.77,28.13,,25.14
2006-06-01,29.95,28.56,27.91,,25.51
2006-06-02,30.24,28.13,27.99,,25.36
2006-06-03,30.18,28.17,28.0,,24.76
2006-06-04,30.19,28.22,28.07,,24.48
2006-06-05,30.13,28.45,28.06,,24.35
2006-06-06,29.93,28.51,28.16,,24.28
2006-06-07,30.01,28.68,,,24.32
2006-06-08,30.03,28.67,28.24,,24.36
2006-06-09,30.02,28.66,28.27,,24.31
2006-06-10,30.06,28.63,28.27,,24.12
2006-06-11,30.1,28.68,28.3,,23.98
2006-06-12,30.14,28.6,28.17,,23.98
2006-06-13,30.55,28.51,28.17,,24.08
2006-06-14,30.59,28.33,28.18,,24.07
2006-06-15,30.38,28.29,28.26,,24.21
2006-06-16,30.25,28.5,28.29,,24.19
2006-06-17,30.3,28.78,28.4,,24.17
2006-06-18,30.25,28.54,28.36,,24.25
2006-06-19,30.23,28.54,28.3,,24.28
2006-06-20,30.11,28.61,28.23,,24.27
2006-06-21,30.68,28.47,28.18,,24.18
2006-06-22,30.47,28.36,28.16,,24.16
2006-06-23,30.21,28.39,28.14,,24.22
2006-06-24,30.14,28.3,28.07,,24.18
2006-06-25,30.07,28.32,28.04,,24.26
2006-06-26,30.03,28.27,28.03,,24.27
2006-06-27,29.82,28.23,28.01,,24.19
2006-06-28,29.86,28.24,27.91,,24.09
2006-06-29,29.92,28.27,27.8,,23.65
2006-06-30,29.95,28.35,27.74,,23.71
2006-07-01,30.05,28.2,27.62,,24.15
2006-07-02,29.87,28.12,27.49,,24.21
2006-07-03,29.8,28.06,27.38,,24.0
2006-07-04,30.08,28.08,27.38,,24.07
2006-07-05,30.22,28.19,27.37,,24.18
2006-07-06,30.01,28.27,27.32,,24.14
2006-07-07,29.93,28.43,27.23,,24.12
2006-07-08,30.2,28.53,27.34,,24.45
2006-07-09,30.15,28.66,27.55,,24.57
2006-07-10,30.03,28.7,27.5,,24.68
2006-07-11,,28.62,27.56,,24.6
2006-07-12,30.09,28.68,27.54,,24.68
2006-07-13,29.75,28.71,27.43,,24.93
2006-07-14,29.73,28.73,27.45,,25.56
2006-07-15,29.87,28.75,27.42,,26.2
2006-07-16,29.7,28.71,27.43,,26.64
2006-07-17,29.8,28.73,27.4,,26.42
2006-07-18,29.86,28.81,27.33,,25.75
2006-07-19,29.94,28.75,27.28,,24.88
2006-07-20,29.96,28.68,27.22,,23.68
2006-07-21,29.85,28.67,27.27,,22.95
2006-07-22,29.87,28.88,27.3,,22.78
2006-07-23,29.74,28.86,27.35,,23.26
2006-07-24,29.92,28.65,27.38,,23.66
2006-07-25,29.92,28.77,27.4,,23.81
2006-07-26,30.03,29.09,27.52,,23.93
2006-07-27,29.9,28.98,27.6,,23.98
2006-07-28,29.86,28.92,27.6,,23.73
2006-07-29,29.91,28.94,27.5,,23.5
2006-07-30,29.77,28.93,27.46,,23.49
2006-07-31,29.68,28.9,27.46,,23.48
2006-08-01,29.76,28.78,27.45,,23.48
2006-08-02,30.15,28.75,27.41,,23.64
2006-08-03,30.04,28.66,27.42,,23.69
2006-08-04,29.73,28.59,27.46,,23.67
2006-08-05,30.01,28.6,27.48,,23.87
2006-08-06,30.09,28.63,27.53,,23.98
2006-08-07,30.0,28.63,27.54,,23.38
2006-08-08,30.03,28.61,27.51,,22.74
2006-08-09,29.72,28.56,27.58,,22.53
2006-08-10,29.76,28.52,27.72,,22.48
2006-08-11,29.63,28.54,27.72,,22.38
2006-08-12,29.65,28.6,27.63,,22.43
2006-08-13,29.68,29.01,27.72,,22.6
2006-08-14,29.55,29.22,27.76,,22.84
2006-08-15,29.54,28.83,27.65,,23.26
2006-08-16,29.38,28.67,27.6,,23.91
2006-08-17,29.56,28.6,27.59,,24.52
2006-08-18,29.57,28.75,27.59,,24.45
2006-08-19,29.51,28.98,27.64,,24.46
2006-08-20,29.25,29.48,27.62,,25.03
2006-08-21,29.38,29.3,27.58,,25.24
2006-08-22,29.21,29.14,27.56,,24.71
2006-08-23,29.67,28.93,27.54,,24.14
2006-08-24,29.68,28.93,27.47,,23.94
2006-08-25,29.52,28.98,27.52,,24.28
2006-08-26,29.24,28.96,27.63,,24.86
2006-08-27,29.31,28.98,27.62,,24.91
2006-08-28,29.56,29.03,27.65,,24.51
2006-08-29,29.82,29.07,27.67,,23.96
2006-08-30,29.96,29.16,27.66,,23.64
2006-08-31,29.86,29.16,27.71,,23.56
2006-09-01,29.96,29.22,27.73,,23.55
2006-09-02,29.95,29.17,27.71,,23.64
2006-09-03,30.06,29.21,27.7,,23.68
2006-09-04,30.07,29.23,27.66,,23.63
2006-09-05,30.48,29.25,27.61,,23.48
2006-09-06,30.09,29.34,27.84,,23.45
2006-09-07,30.24,29.36,27.84,,23.52
2006-09-08,30.0,29.23,27.72,,23.65
2006-09-09,30.13,29.24,27.68,,23.73
2006-09-10,29.82,29.27,27.61,,23.55
2006-09-11,29.9,29.21,27.55,,23.45
2006-09-12,30.02,29.19,27.58,,23.56
2006-09-13,30.11,29.16,27.72,,23.56
2006-09-14,30.22,29.18,27.79,,23.67
2006-09-15,29.86,29.17,27.75,26.37,23.76
2006-09-16,30.2,29.2,27.71,26.36,23.84
2006-09-17,30.33,29.14,27.64,26.38,23.91
2006-09-18,30.5,29.15,27.5,26.51,24.75
2006-09-19,30.42,29.11,27.46,26.63,25.24
2006-09-20,30.29,29.13,27.44,26.69,24.89
2006-09-21,30.52,29.1,27.54,26.77,25.1
2006-09-22,29.99,29.17,27.63,26.71,24.89
2006-09-23,30.05,29.12,27.67,26.61,25.07
2006-09-24,30.12,29.08,27.71,26.47,25.08
2006-09-25,30.25,29.04,27.8,26.32,24.99
2006-09-26,30.46,28.91,27.95,26.26,25.0
2006-09-27,30.46,28.79,27.98,26.53,25.16
2006-09-28,30.18,28.66,27.89,26.61,25.36
2006-09-29,29.94,28.56,27.87,26.68,25.41
2006-09-30,29.69,28.57,27.85,26.62,25.47
2006-10-01,29.96,28.56,27.76,26.35,25.73
2006-10-02,29.61,28.69,27.6,26.11,25.09
2006-10-03,29.83,28.61,27.49,25.8,24.51
2006-10-04,29.86,28.56,27.37,26.26,24.15
2006-10-05,29.65,28.55,27.38,26.68,24.07
2006-10-06,29.65,28.59,27.46,26.76,24.05
2006-10-07,29.48,28.64,27.52,26.67,24.04
2006-10-08,29.59,28.61,27.47,26.72,23.92
2006-10-09,30.0,28.74,27.64,26.8,23.92
2006-10-10,29.82,29.14,28.41,26.21,24.05
2006-10-11,29.54,29.06,28.3,26.2,24.22
2006-10-12,29.65,29.29,28.34,26.24,24.3
2006-10-13,29.58,29.36,28.35,26.32,24.38
2006-10-14,29.39,29.39,28.08,26.39,25.03
2006-10-15,29.64,29.64,28.07,26.24,25.2
2006-10-16,29.39,29.94,27.97,26.08,25.18
2006-10-17,29.53,29.96,27.77,26.12,25.0
2006-10-18,29.38,29.66,27.68,26.21,25.34
2006-10-19,29.31,29.4,27.62,26.24,25.89
2006-10-20,29.34,29.68,27.78,26.34,26.06
2006-10-21,29.25,29.12,28.0,26.41,25.9
2006-10-22,29.25,29.11,28.04,26.34,25.06
2006-10-23,29.35,29.33,28.01,26.38,25.03
2006-10-24,29.45,29.15,27.86,26.48,25.38
2006-10-25,29.47,29.1,27.81,26.66,24.93
2006-10-26,29.51,29.36,27.87,26.62,24.09
2006-10-27,29.45,29.39,27.99,26.46,24.02
2006-10-28,29.44,29.48,27.85,26.32,24.03
2006-10-29,29.54,29.2,27.72,26.21,24.06
2006-10-30,29.35,29.09,27.75,25.96,23.92
2006-10-31,29.27,29.02,27.65,25.85,23.72
2006-11-01,29.16,29.12,27.63,25.84,23.58
2006-11-02,29.28,29.17,27.67,25.97,23.68
2006-11-03,29.39,29.25,27.83,26.26,23.73
2006-11-04,29.36,29.17,27.96,26.37,23.88
2006-11-05,29.46,29.21,27.88,26.47,23.71
2006-11-06,29.52,29.4,27.95,26.55,23.58
2006-11-07,29.45,29.16,27.91,26.66,23.32
2006-11-08,29.6,29.11,27.93,26.68,22.92
2006-11-09,29.54,29.43,28.13,26.69,22.95
2006-11-10,29.32,29.46,28.1,26.76,23.03
2006-11-11,29.31,29.18,28.06,26.79,22.99
2006-11-12,29.63,29.24,28.39,26.87,23.32
2006-11-13,29.51,29.32,28.66,26.84,23.34
2006-11-14,29.53,29.76,28.54,26.99,23.36
2006-11-15,29.84,30.21,28.69,27.61,23.36
2006-11-16,29.88,29.89,28.72,27.61,23.42
2006-11-17,29.89,29.83,28.6,27.34,23.55
2006-11-18,29.64,29.75,28.22,27.06,23.59
2006-11-19,29.54,29.61,28.13,27.08,23.78
2006-11-20,29.53,29.72,28.17,27.14,24.0
2006-11-21,29.71,29.67,28.2,27.0,24.01
2006-11-22,29.91,29.72,28.24,26.91,23.97
2006-11-23,29.67,30.13,28.27,26.88,24.09
2006-11-24,29.46,30.32,28.31,26.87,24.45
2006-11-25,29.75,30.31,28.27,26.88,24.32
2006-11-26,30.01,30.26,28.35,26.9,24.51
2006-11-27,29.84,30.17,28.44,26.89,24.65
2006-11-28,29.94,30.16,28.32,26.83,24.51
2006-11-29,29.45,30.16,28.37,26.75,24.57
2006-11-30,29.69,30.16,28.36,26.76,24.77
2006-12-01,29.82,30.13,28.34,26.71,25.14
2006-12-02,29.77,30.11,28.42,26.72,25.41
2006-12-03,29.55,30.1,28.44,26.72,25.83
2006-12-04,29.69,30.01,28.43,26.73,26.0
2006-12-05,29.66,29.94,28.35,26.85,26.19
2006-12-06,29.74,29.83,28.22,27.04,26.1
2006-12-07,30.15,29.45,28.2,27.2,26.1
2006-12-08,30.21,29.66,28.18,27.21,26.15
2006-12-09,29.79,29.59,28.34,27.21,26.1
2006-12-10,30.14,29.71,28.27,27.26,26.02
2006-12-11,30.08,29.55,28.24,27.26,26.11
2006-12-12,29.99,29.53,28.32,27.24,25.87
2006-12-13,29.79,29.53,28.1,27.15,25.76
2006-12-14,29.87,29.45,28.04,27.12,25.64
2006-12-15,29.91,29.54,28.06,26.84,24.79
2006-12-16,30.0,29.69,28.12,26.63,24.4
2006-12-17,29.78,29.5,28.13,26.71,24.25
2006-12-18,29.68,29.42,28.25,26.85,24.49
2006-12-19,29.57,29.36,28.34,26.91,24.87
2006-12-20,29.52,29.34,28.29,26.68,25.07
2006-12-21,29.73,29.41,28.19,26.45,25.2
2006-12-22,29.92,29.46,28.0,26.31,25.18
2006-12-23,29.93,29.58,27.76,26.59,25.13
2006-12-24,29.86,29.43,27.86,26.78,25.19
2006-12-25,29.83,29.37,27.63,26.86,25.23
2006-12-26,29.89,29.32,27.47,26.5,25.31
2006-12-27,29.79,29.25,27.34,26.27,25.43
2006-12-28,29.86,29.17,27.25,26.22,25.47
2006-12-29,29.86,29.08,27.47,26.51,25.58
2006-12-30,29.81,28.98,27.61,26.61,25.53
2006-12-31,30.06,28.93,27.7,26.7,25.57
2007-01-01,29.91,28.88,27.73,26.85,25.58
2007-01-02,29.99,28.78,27.55,27.02,25.7
2007-01-03,30.02,28.75,27.26,27.1,25.92
2007-01-04,30.19,28.64,27.11,26.89,26.01
2007-01-05,30.04,28.48,27.04,26.65,25.77
2007-01-06,30.14,28.48,27.2,26.56,25.4
2007-01-07,30.32,28.68,27.38,26.5,25.27
2007-01-08,30.02,28.64,27.25,26.51,25.3
2007-01-09,30.04,28.72,27.11,26.5,25.3
2007-01-10,30.04,28.78,27.28,26.55,25.36
2007-01-11,30.03,28.48,27.13,26.7,25.37
2007-01-12,29.9,28.46,26.86,26.61,25.36
2007-01-13,30.01,28.28,26.88,26.34,25.43
2007-01-14,30.03,28.19,26.77,26.0,25.67
2007-01-15,30.04,28.31,26.67,25.82,25.78
2007-01-16,30.03,28.25,26.54,25.87,25.83
2007-01-17,29.94,28.12,26.38,25.97,25.71
2007-01-18,29.98,28.18,26.33,25.9,25.76
2007-01-19,30.16,28.2,26.27,25.76,25.97
2007-01-20,30.25,28.15,26.18,25.26,25.9
2007-01-21,30.06,28.15,26.22,25.11,25.43
2007-01-22,30.05,28.15,26.06,25.08,25.24
2007-01-23,30.13,28.11,26.07,25.05,25.33
2007-01-24,29.93,27.98,26.46,25.61,25.7
2007-01-25,30.0,28.0,26.49,25.52,26.43
2007-01-26,30.07,27.94,26.47,24.9,26.56
2007-01-27,30.03,27.91,26.49,24.86,26.15
2007-01-28,29.94,27.88,26.6,24.94,25.54
2007-01-29,29.92,27.89,26.68,24.54,25.45
2007-01-30,29.9,27.85,26.64,24.4,25.76
2007-01-31,29.86,27.78,26.49,24.15,25.84
2007-02-01,29.84,27.73,26.49,24.25,25.85
2007-02-02,29.73,27.69,26.38,24.59,25.79
2007-02-03,29.72,27.68,26.4,24.9,25.45
2007-02-04,29.59,27.67,26.36,24.77,24.91
2007-02-05,29.57,27.69,26.4,24.34,25.39
2007-02-06,29.65,27.67,26.49,24.12,25.53
2007-02-07,29.69,27.64,26.42,24.39,25.6
2007-02-08,29.8,27.71,26.47,24.71,25.52
2007-02-09,29.73,27.8,26.6,24.55,25.57
2007-02-10,29.66,27.87,26.71,24.31,25.16
2007-02-11,29.84,27.8,26.76,24.27,24.57
2007-02-12,29.94,27.65,26.83,24.41,24.99
2007-02-13,29.85,27.61,26.87,24.56,25.26
2007-02-14,29.98,27.64,26.74,24.67,25.18
2007-02-15,29.72,27.73,26.65,24.63,25.05
2007-02-16,29.91,27.94,26.66,24.67,24.44
2007-02-17,29.77,27.9,26.78,24.73,23.84
2007-02-18,29.85,27.78,26.86,24.87,24.29
2007-02-19,29.79,27.61,26.83,25.0,24.49
2007-02-20,29.72,27.64,26.83,24.81,24.93
2007-02-21,29.83,27.59,26.85,24.88,24.01
2007-02-22,29.71,27.64,26.92,25.38,24.2
2007-02-23,29.64,27.69,26.82,25.41,25.15
2007-02-24,29.9,27.58,26.7,25.54,25.54
2007-02-25,29.75,27.5,26.46,25.82,26.81
2007-02-26,29.95,27.4,26.33,26.0,25.61
2007-02-27,29.92,27.37,26.29,26.1,23.55
2007-02-28,29.84,27.32,26.26,26.21,22.18
2007-03-01,30.02,27.25,26.24,25.74,21.76
2007-03-02,30.05,27.16,26.41,25.63,22.84
2007-03-03,30.12,27.17,26.54,25.6,24.0
2007-03-04,30.34,27.4,26.37,25.7,24.07
2007-03-05,30.19,27.48,26.35,25.93,22.89
2007-03-06,30.22,27.6,26.36,25.93,24.11
2007-03-07,29.95,27.85,26.47,25.93,25.23
2007-03-08,29.66,28.04,26.55,25.74,25.39
2007-03-09,29.71,28.21,26.46,25.73,25.17
2007-03-10,29.91,28.05,26.45,25.71,25.56
2007-03-11,29.86,27.75,26.43,25.88,25.93
2007-03-12,29.94,27.53,26.52,26.06,26.73
2007-03-13,29.95,27.49,26.51,26.34,26.81
2007-03-14,29.67,27.45,26.52,26.57,26.59
2007-03-15,29.65,27.33,26.48,26.66,26.75
2007-03-16,29.57,27.21,26.37,26.76,25.85
2007-03-17,29.59,27.3,26.37,26.56,24.75
2007-03-18,29.53,27.4,26.45,26.53,25.09
2007-03-19,29.59,27.41,26.48,26.57,25.12
2007-03-20,29.21,27.54,26.58,26.4,24.85
2007-03-21,29.28,27.77,26.58,26.15,24.28
2007-03-22,29.3,27.89,26.5,26.07,24.46
2007-03-23,29.31,27.96,26.39,26.23,24.74
2007-03-24,29.18,27.9,26.49,26.55,24.83
2007-03-25,29.18,27.72,26.74,26.27,24.44
2007-03-26,29.19,27.6,26.86,25.91,24.23
2007-03-27,29.39,27.45,27.26,25.8,24.01
2007-03-28,29.3,27.42,27.49,26.03,23.86
2007-03-29,29.49,27.63,27.58,26.18,23.61
2007-03-30,29.32,27.65,27.57,25.93,23.46
2007-03-31,29.68,27.61,27.46,25.82,23.81
2007-04-01,29.5,27.52,27.22,25.66,23.83
2007-04-02,29.09,27.77,26.98,25.76,24.23
2007-04-03,29.21,27.73,26.9,25.84,23.96
2007-04-04,29.25,27.55,26.9,26.04,24.08
2007-04-05,29.35,27.53,27.03,26.06,24.35
2007-04-06,29.41,27.89,26.87,26.2,24.27
2007-04-07,29.54,28.03,26.97,26.37,24.52
2007-04-08,29.65,27.91,27.05,26.18,25.19
2007-04-09,29.62,28.02,27.01,26.02,25.53
2007-04-10,29.57,27.96,26.88,26.15,25.8
2007-04-11,29.87,27.98,26.8,26.1,26.35
2007-04-12,29.4,27.77,26.8,26.29,
2007-04-13,29.3,27.79,26.83,26.58,25.79
2007-04-14,29.39,27.84,26.89,26.79,25.61
2007-04-15,29.45,27.85,26.94,26.91,25.47
2007-04-16,29.38,27.91,26.98,26.89,25.25
2007-04-17,29.53,27.97,26.97,26.94,24.91
2007-04-18,29.46,27.82,27.08,26.9,24.89
2007-04-19,29.43,27.75,27.19,26.85,25.56
2007-04-20,29.45,27.75,27.1,26.76,25.48
2007-04-21,29.52,27.7,27.11,26.83,25.87
2007-04-22,29.51,27.67,27.52,27.12,26.41
2007-04-23,29.46,27.73,27.77,27.38,25.4
2007-04-24,29.45,27.72,28.02,27.27,24.97
2007-04-25,29.56,27.68,27.99,27.11,25.21
2007-04-26,29.72,27.65,27.59,27.08,26.55
2007-04-27,29.59,27.74,27.5,27.03,26.03
2007-04-28,29.5,27.78,27.66,26.98,25.65
2007-04-29,29.44,27.64,27.67,27.04,25.39
2007-04-30,29.51,27.66,27.59,27.12,25.07
2007-05-01,29.44,27.59,27.48,26.99,25.01
2007-05-02,29.37,27.54,27.31,26.84,25.23
2007-05-03,29.19,27.84,27.12,26.73,24.63
2007-05-04,29.11,27.91,27.13,26.62,24.32
2007-05-05,28.95,28.08,27.22,26.33,24.51
2007-05-06,29.33,28.05,27.17,26.1,24.75
2007-05-07,29.58,27.89,27.09,26.02,23.99
2007-05-08,29.97,27.65,26.99,26.13,24.14
2007-05-09,29.77,27.81,27.06,26.04,23.63
2007-05-10,29.65,27.82,27.02,26.16,23.67
2007-05-11,29.63,27.78,26.94,26.24,23.68
2007-05-12,29.86,27.77,26.89,26.26,23.48
2007-05-13,29.9,27.87,26.88,26.17,23.58
2007-05-14,29.76,27.97,26.94,25.93,23.72
2007-05-15,29.86,28.05,26.95,25.93,23.92
2007-05-16,29.36,28.01,26.92,25.96,23.95
2007-05-17,29.5,28.06,26.93,26.14,24.22
2007-05-18,29.59,28.16,27.02,26.21,24.58
2007-05-19,29.69,28.27,27.09,25.99,24.92
2007-05-20,29.79,28.1,27.18,25.91,25.02
2007-05-21,29.86,28.05,27.18,26.3,24.76
2007-05-22,29.81,28.15,27.11,26.55,24.69
2007-05-23,29.81,28.36,27.1,26.42,24.5
2007-05-24,29.79,28.3,27.12,26.55,24.08
2007-05-25,30.1,28.31,27.11,26.59,24.16
2007-05-26,30.24,28.43,27.18,26.57,24.3
2007-05-27,30.2,28.45,27.29,26.56,24.09
2007-05-28,29.97,28.44,27.45,26.51,23.74
2007-05-29,29.96,28.52,27.45,26.47,23.15
2007-05-30,30.01,28.68,27.5,26.38,22.98
2007-05-31,30.03,28.64,27.44,26.29,24.44
2007-06-01,29.93,28.65,27.4,26.35,24.71
2007-06-02,29.86,28.56,27.46,26.35,23.89
2007-06-03,29.85,28.63,27.52,26.36,23.34
2007-06-04,29.78,28.74,27.54,26.46,23.73
2007-06-05,29.79,28.65,27.68,26.41,24.29
2007-06-06,29.75,28.64,27.79,26.41,24.39
2007-06-07,29.7,28.66,27.82,26.82,24.67
2007-06-08,29.69,28.69,27.89,27.08,24.93
2007-06-09,29.68,28.71,27.91,26.98,25.02
2007-06-10,29.76,28.68,27.95,26.93,26.11
2007-06-11,29.74,28.72,27.98,26.71,26.53
2007-06-12,29.78,28.73,28.0,26.55,25.85
2007-06-13,29.86,28.73,28.0,26.6,24.35
2007-06-14,29.91,28.75,28.03,26.74,23.21
2007-06-15,29.97,28.73,27.95,26.59,22.86
2007-06-16,29.96,28.73,27.9,26.48,23.1
2007-06-17,30.1,28.7,27.83,26.16,22.95
2007-06-18,29.88,28.59,27.73,26.03,23.07
2007-06-19,29.74,28.5,27.68,26.11,23.06
2007-06-20,29.71,28.46,27.66,26.31,22.99
2007-06-21,29.74,28.42,27.6,26.51,23.05
2007-06-22,29.67,28.28,27.57,26.57,23.08
2007-06-23,29.66,28.21,27.51,26.57,23.2
2007-06-24,29.63,28.15,27.37,26.55,23.1
2007-06-25,29.8,28.14,27.22,26.49,22.83
2007-06-26,29.94,28.24,27.03,26.45,22.49
2007-06-27,29.95,28.26,27.05,26.1,22.48
2007-06-28,29.91,28.2,26.91,25.94,22.55
2007-06-29,29.47,28.22,27.02,25.76,22.68
2007-06-30,29.42,28.19,27.35,25.63,23.12
2007-07-01,29.54,28.12,27.42,25.49,22.84
2007-07-02,29.8,28.04,26.98,25.16,23.72
2007-07-03,29.76,28.11,26.36,24.92,24.81
2007-07-04,29.68,28.17,25.84,24.8,25.04
2007-07-05,29.56,28.17,26.0,24.79,25.19
2007-07-06,29.49,28.15,26.22,24.84,24.88
2007-07-07,29.48,28.06,26.19,25.1,24.68
2007-07-08,29.45,28.13,26.17,25.36,24.14
2007-07-09,29.88,28.31,26.4,24.95,23.7
2007-07-10,29.5,28.34,26.42,24.56,22.6
2007-07-11,29.73,28.41,26.33,24.46,22.38
2007-07-12,29.63,28.55,26.14,24.82,22.36
2007-07-13,29.58,28.5,26.12,24.96,21.99
2007-07-14,29.49,28.52,26.15,24.84,21.86
2007-07-15,29.46,28.49,26.35,25.11,22.03
2007-07-16,29.47,28.48,26.45,25.47,22.06
2007-07-17,29.57,28.42,26.45,25.34,22.0
2007-07-18,29.78,28.41,26.62,24.92,21.66
2007-07-19,29.86,28.34,26.79,24.49,21.25
2007-07-20,29.91,28.38,26.71,24.42,21.09
2007-07-21,29.82,28.62,26.85,24.73,20.53
2007-07-22,29.74,28.46,26.82,25.0,20.21
2007-07-23,29.7,28.36,26.91,25.05,20.06
2007-07-24,29.73,28.25,26.99,25.08,19.72
2007-07-25,29.63,28.3,26.98,25.31,19.65
2007-07-26,29.54,28.33,26.95,25.41,19.52
2007-07-27,29.56,28.24,26.98,25.27,19.9
2007-07-28,29.57,28.17,27.01,24.93,20.61
2007-07-29,29.7,28.05,26.83,24.65,21.01
2007-07-30,29.64,28.0,26.71,24.59,21.24
2007-07-31,29.59,27.88,26.68,24.62,21.68
2007-08-01,29.58,27.86,26.73,24.96,21.27
2007-08-02,29.55,27.8,26.79,25.33,21.67
2007-08-03,29.61,27.72,26.85,25.93,22.36
2007-08-04,29.53,27.72,26.74,26.1,22.16
2007-08-05,29.63,27.67,26.6,26.01,21.25
2007-08-06,29.68,27.73,26.42,26.28,20.68
2007-08-07,29.92,27.66,26.37,26.52,20.31
2007-08-08,29.64,27.67,26.45,26.17,20.15
2007-08-09,29.59,27.59,26.54,25.84,19.94
2007-08-10,29.66,27.56,26.49,25.25,19.88
2007-08-11,29.77,27.56,26.44,24.88,20.08
2007-08-12,29.54,27.57,26.28,24.71,20.32
2007-08-13,29.54,27.57,26.25,24.48,20.1
2007-08-14,29.67,27.47,26.15,24.42,20.06
2007-08-15,29.57,27.42,26.07,24.66,19.65
2007-08-16,29.55,27.36,26.02,25.01,19.67
2007-08-17,29.74,27.26,25.89,25.17,19.98
2007-08-18,29.58,27.23,25.88,25.2,20.11
2007-08-19,29.64,27.14,25.73,25.3,19.83
2007-08-20,29.81,27.17,25.74,25.03,19.96
2007-08-21,29.63,27.21,25.76,24.52,20.42
2007-08-22,29.6,27.4,25.8,24.2,21.09
2007-08-23,29.99,27.21,25.76,24.23,21.31
2007-08-24,30.14,27.21,25.7,24.76,21.51
2007-08-25,29.8,27.23,25.64,24.96,21.17
2007-08-26,29.77,27.14,25.66,24.75,20.75
2007-08-27,29.74,27.08,25.74,24.48,20.47
2007-08-28,29.73,27.07,25.74,24.37,19.83
2007-08-29,29.8,27.16,25.5,23.86,19.51
2007-08-30,29.85,27.16,25.37,23.67,19.64
2007-08-31,29.7,27.17,25.27,23.54,19.88
2007-09-01,29.65,27.2,25.32,23.96,19.99
2007-09-02,29.9,27.23,25.5,24.35,19.87
2007-09-03,29.92,27.18,25.66,24.45,19.76
2007-09-04,29.56,27.2,25.79,24.84,19.86
2007-09-05,29.54,27.29,25.89,25.08,20.57
2007-09-06,29.46,27.4,25.84,25.03,20.68
2007-09-07,29.42,27.45,25.77,24.63,20.75
2007-09-08,29.37,27.48,25.67,24.21,21.06
2007-09-09,29.35,27.49,25.56,24.18,21.18
2007-09-10,29.34,27.34,25.55,24.16,21.05
2007-09-11,29.28,27.0,25.61,24.25,20.95
2007-09-12,29.23,26.82,25.7,24.31,21.76
2007-09-13,29.11,26.77,25.68,24.24,22.17
2007-09-14,28.99,26.83,25.55,24.18,22.42
2007-09-15,29.06,26.84,25.42,23.86,22.99
2007-09-16,29.04,26.72,25.28,23.79,22.01
2007-09-17,28.91,26.62,25.35,23.66,20.62
2007-09-18,28.96,26.56,25.34,23.32,20.14
2007-09-19,29.09,26.5,25.02,23.1,20.19
2007-09-20,29.32,26.54,25.14,23.71,20.33
2007-09-21,29.26,26.34,25.2,23.95,20.01
2007-09-22,29.21,26.26,25.19,23.91,19.81
2007-09-23,29.39,26.15,24.97,24.25,19.85
2007-09-24,29.42,25.93,24.75,24.3,19.74
2007-09-25,29.4,25.86,24.8,24.39,19.5
2007-09-26,29.44,25.93,25.0,24.34,19.19
2007-09-27,29.32,25.86,25.29,23.72,19.98
2007-09-28,29.18,25.77,25.64,23.65,20.48
2007-09-29,28.61,25.91,25.86,23.68,21.09
2007-09-30,28.51,25.9,25.96,23.79,20.81
2007-10-01,28.62,25.91,25.68,24.12,20.37
2007-10-02,28.68,26.2,25.26,24.21,20.72
2007-10-03,28.73,26.49,24.89,24.16,21.31
2007-10-04,29.14,26.48,24.87,24.02,21.04
2007-10-05,29.14,26.36,24.76,23.76,19.81
2007-10-06,29.17,26.58,24.74,23.51,19.15
2007-10-07,28.68,26.61,24.78,23.23,19.07
2007-10-08,28.66,26.78,24.64,23.11,19.79
2007-10-09,28.96,26.76,24.54,22.69,20.06
2007-10-10,29.24,26.62,24.33,22.24,19.73
2007-10-11,29.05,26.51,24.48,22.22,20.61
2007-10-12,28.76,26.53,24.8,22.22,21.72
2007-10-13,28.85,26.56,25.05,22.08,22.08
2007-10-14,28.96,26.75,25.13,22.01,23.34
2007-10-15,29.16,26.95,24.7,22.15,22.5
2007-10-16,29.16,26.93,24.26,22.9,22.09
2007-10-17,29.33,26.82,24.12,23.65,21.47
2007-10-18,29.23,26.72,24.16,23.33,21.39
2007-10-19,29.13,26.69,24.22,23.28,22.42
2007-10-20,29.03,26.5,24.45,23.46,22.33
2007-10-21,28.98,26.4,24.83,23.3,22.12
2007-10-22,28.85,26.41,25.02,23.14,23.11
2007-10-23,28.53,26.35,25.01,23.75,24.04
2007-10-24,28.44,26.37,25.04,24.16,23.75
2007-10-25,28.16,26.43,25.02,24.13,22.7
2007-10-26,28.34,26.38,25.04,24.47,20.64
2007-10-27,28.47,26.55,24.75,24.57,19.39
2007-10-28,28.39,26.54,24.61,24.58,19.34
2007-10-29,28.2,26.47,24.57,24.56,19.85
2007-10-30,28.1,26.56,24.5,24.64,20.05
2007-10-31,27.98,26.53,24.71,24.59,19.83
2007-11-01,28.04,26.45,24.92,24.15,19.74
2007-11-02,28.11,26.26,24.92,23.82,19.39
2007-11-03,28.25,26.26,24.9,23.47,19.41
2007-11-04,28.0,26.19,24.87,23.35,19.34
2007-11-05,27.94,26.06,24.97,23.38,19.27
2007-11-06,28.1,26.16,25.06,23.57,19.27
2007-11-07,28.29,26.31,25.04,23.68,19.34
2007-11-08,28.33,26.27,24.91,23.81,19.39
2007-11-09,28.28,26.29,24.72,23.87,19.72
2007-11-10,27.97,26.22,24.91,24.03,19.82
2007-11-11,28.22,26.02,24.81,24.18,20.36
2007-11-12,28.08,25.88,24.9,24.37,20.48
2007-11-13,28.07,25.82,25.24,24.46,20.03
2007-11-14,28.14,25.76,25.37,24.52,20.82
2007-11-15,28.13,25.75,25.29,24.43,20.54
2007-11-16,28.07,25.58,24.91,24.12,19.97
2007-11-17,28.05,25.4,24.6,23.66,19.87
2007-11-18,28.04,25.22,24.66,23.31,19.68
2007-11-19,27.99,25.23,24.84,23.13,19.9
2007-11-20,28.0,25.38,24.95,23.12,20.2
2007-11-21,28.03,25.62,25.17,23.01,20.32
2007-11-22,27.96,25.61,24.9,23.16,20.26
2007-11-23,27.87,25.53,24.27,23.21,20.38
2007-11-24,27.89,25.51,24.1,23.23,20.7
2007-11-25,27.91,25.71,24.2,22.91,20.58
2007-11-26,27.94,25.74,24.12,22.62,20.79
2007-11-27,28.29,25.74,24.07,22.74,20.65
2007-11-28,28.32,25.69,24.11,22.89,20.74
2007-11-29,28.52,25.79,24.35,23.3,20.71
2007-11-30,28.7,25.9,24.56,23.47,20.54
2007-12-01,28.81,25.97,24.87,23.42,20.47
2007-12-02,28.86,26.04,24.84,23.41,20.58
2007-12-03,29.19,26.16,25.13,23.44,20.7
2007-12-04,28.93,26.01,24.93,23.3,20.81
2007-12-05,28.86,25.91,24.84,23.37,20.81
2007-12-06,28.9,25.84,24.79,23.55,20.8
2007-12-07,28.82,25.94,24.67,23.69,20.52
2007-12-08,28.81,25.96,24.79,23.62,20.27
2007-12-09,28.68,26.2,24.76,23.14,20.4
2007-12-10,28.59,25.95,24.67,22.44,20.47
2007-12-11,28.59,25.99,24.58,22.24,20.6
2007-12-12,28.68,26.02,24.48,22.26,20.61
2007-12-13,28.64,25.97,24.39,22.42,20.64
2007-12-14,28.58,25.93,24.37,22.52,20.48
2007-12-15,28.72,26.01,24.33,22.88,20.34
2007-12-16,28.76,26.02,24.34,22.92,20.53
2007-12-17,28.71,26.01,24.32,22.92,20.74
2007-12-18,28.47,26.1,24.26,22.83,20.91
2007-12-19,28.36,26.16,24.27,22.86,20.93
2007-12-20,28.28,26.26,24.38,22.95,21.31
2007-12-21,28.22,26.28,24.46,22.96,22.28
2007-12-22,28.23,26.12,24.46,23.04,22.55
2007-12-23,28.19,25.9,25.36,23.03,22.44
2007-12-24,28.12,25.84,25.58,22.94,21.74
2007-12-25,28.07,25.83,25.23,,21.86
2007-12-26,28.04,25.76,25.01,,22.29
2007-12-27,28.06,25.74,25.03,,22.38
2007-12-28,28.15,25.62,25.06,,22.63
2007-12-29,28.08,25.38,24.43,,
2007-12-30,28.0,25.27,24.15,,
2007-12-31,27.79,25.28,24.07,,23.65
2008-01-01,27.72,25.35,23.95,,22.98
2008-01-02,27.62,25.47,24.03,,22.06
2008-01-03,27.64,25.38,24.06,23.53,21.59
2008-01-04,27.71,25.27,23.98,23.67,21.48
2008-01-05,27.98,25.08,24.07,23.82,21.69
2008-01-06,28.11,24.86,24.19,23.82,21.7
2008-01-07,28.03,24.99,24.14,23.8,21.92
2008-01-08,27.89,25.08,24.25,23.67,21.89
2008-01-09,27.62,25.19,24.23,23.59,21.84
2008-01-10,28.01,25.27,24.31,23.6,22.01
2008-01-11,27.65,25.4,24.51,23.64,22.06
2008-01-12,27.63,25.53,24.49,23.58,22.16
2008-01-13,27.56,25.43,24.26,23.55,22.29
2008-01-14,27.61,25.11,24.2,23.55,22.23
2008-01-15,27.77,24.75,24.1,23.42,22.45
2008-01-16,27.94,24.45,24.06,23.07,22.5
2008-01-17,28.07,24.63,24.04,22.82,22.5
2008-01-18,27.98,24.95,24.01,22.86,22.38
2008-01-19,28.15,25.11,23.91,23.06,22.89
2008-01-20,28.03,24.9,23.79,23.32,23.1
2008-01-21,28.16,25.04,23.59,23.45,23.14
2008-01-22,28.17,25.1,23.36,23.36,23.01
2008-01-23,27.99,25.0,23.17,23.24,22.68
2008-01-24,27.74,24.93,23.1,23.04,22.96
2008-01-25,27.78,24.9,22.97,23.05,23.16
2008-01-26,27.79,24.85,22.86,23.05,23.19
2008-01-27,27.77,24.77,22.89,23.2,23.11
2008-01-28,27.76,24.71,22.92,23.71,23.06
2008-01-29,27.73,24.8,23.29,,23.04
2008-01-30,27.66,24.85,23.24,,23.17
2008-01-31,27.62,24.84,23.48,,23.92
2008-02-01,27.57,24.93,23.62,,24.5
2008-02-02,27.59,25.12,23.65,,24.83
2008-02-03,27.59,25.2,23.58,,25.4
2008-02-04,27.45,24.9,23.56,,25.56
2008-02-05,27.47,24.75,23.35,,24.7
2008-02-06,27.88,24.59,23.25,,23.85
2008-02-07,27.75,24.56,23.26,,23.47
2008-02-08,27.5,24.52,23.31,,23.16
2008-02-09,27.07,24.55,23.44,,22.95
2008-02-10,26.98,24.52,23.51,,23.03
2008-02-11,26.91,24.63,23.42,,23.45
2008-02-12,26.9,24.65,23.34,,23.49
2008-02-13,26.87,24.69,23.34,,23.6
2008-02-14,26.78,24.82,23.4,,24.28
2008-02-15,27.2,24.9,23.71,,25.37
2008-02-16,27.78,24.82,23.71,,24.87
2008-02-17,27.54,24.72,23.54,,24.76
2008-02-18,27.37,24.76,23.46,,24.75
2008-02-19,27.59,24.7,23.58,,24.46
2008-02-20,27.62,24.67,23.81,,24.34
2008-02-21,27.62,24.78,24.19,,24.4
2008-02-22,27.25,24.76,24.37,,24.6
2008-02-23,26.9,24.73,24.53,,24.73
2008-02-24,26.86,24.72,24.56,,24.97
2008-02-25,26.9,24.73,24.71,,25.55
2008-02-26,26.78,24.73,24.94,,25.46
2008-02-27,26.8,24.91,25.02,,25.84
2008-02-28,26.98,24.94,25.09,,26.36
2008-02-29,26.94,24.87,25.19,,26.44
2008-03-01,26.96,24.83,25.06,,26.41
2008-03-02,27.05,24.94,24.62,,26.5
2008-03-03,27.1,25.14,24.44,,26.52
2008-03-04,27.04,25.21,24.37,,26.81
2008-03-05,27.08,25.24,24.68,,27.11
2008-03-06,27.12,25.32,24.76,,27.37
2008-03-07,27.17,25.45,24.73,,27.12
2008-03-08,27.29,25.46,24.79,,27.19
2008-03-09,27.47,25.56,24.71,,27.29
2008-03-10,27.54,25.51,24.73,,27.38
2008-03-11,27.35,25.46,24.89,,26.86
2008-03-12,27.2,25.39,25.19,,26.49
2008-03-13,27.07,25.37,25.62,,26.2
2008-03-14,27.07,25.43,24.99,,24.88
2008-03-15,27.23,25.48,24.78,,24.94
2008-03-16,,25.51,24.72,,25.83
2008-03-17,27.35,25.53,24.62,,25.92
2008-03-18,27.24,25.49,24.65,,25.66
2008-03-19,27.17,25.36,24.73,,25.35
2008-03-20,27.07,25.37,24.99,,25.29
2008-03-21,27.05,25.52,25.17,,25.35
2008-03-22,27.02,25.56,25.01,,25.56
2008-03-23,,25.47,25.1,,25.5
2008-03-24,,25.58,25.13,,25.64
2008-03-25,,25.74,25.26,,24.97
2008-03-26,,25.86,25.28,,24.93
2008-03-27,,25.76,25.25,,25.35
2008-03-28,,25.89,25.48,,25.68
2008-03-29,,26.33,25.61,,26.2
2008-03-30,,26.63,25.36,,25.2
2008-03-31,,26.62,25.35,,25.2
2008-04-01,,26.56,25.36,,25.17
2008-04-02,,26.6,25.29,,25.23
2008-04-03,,26.54,25.27,,25.52
2008-04-04,,26.43,25.31,,25.9
2008-04-05,,26.4,25.4,,25.94
2008-04-06,27.87,26.44,25.71,,25.81
2008-04-07,27.89,26.62,25.91,,25.89
2008-04-08,27.78,26.75,25.54,,26.43
2008-04-09,27.83,26.86,25.6,,27.33
2008-04-10,27.73,26.58,25.55,,27.86
2008-04-11,27.69,26.47,25.48,,27.96
2008-04-12,27.7,26.41,25.41,,27.69
2008-04-13,27.73,26.36,25.39,,28.08
2008-04-14,27.67,26.32,25.47,,28.05
2008-04-15,27.75,26.34,25.56,,27.57
2008-04-16,27.8,26.39,25.66,,27.05
2008-04-17,,26.62,25.73,,26.83
2008-04-18,,26.47,25.79,,26.35
2008-04-19,,26.46,25.79,,26.07
2008-04-20,,26.45,25.81,,26.16
2008-04-21,,26.48,25.78,,26.28
2008-04-22,,26.51,25.78,,26.67
2008-04-23,,26.57,25.92,,26.67
2008-04-24,,26.56,26.14,,25.96
2008-04-25,,26.52,26.32,,26.27
2008-04-26,,26.55,26.51,,26.9
2008-04-27,,26.49,26.44,,27.25
2008-04-28,,26.57,26.5,,27.52
2008-04-29,,26.58,26.35,,27.07
2008-04-30,,26.59,26.34,,26.66
2008-05-01,,26.48,26.2,,26.36
2008-05-02,,26.44,26.27,,26.19
2008-05-03,,26.44,26.31,,25.86
2008-05-04,,26.45,26.27,,25.58
2008-05-05,,26.48,26.22,,25.39
2008-05-06,,26.53,26.29,,25.56
2008-05-07,,26.51,26.37,,25.61
2008-05-08,,26.53,26.33,,25.69
2008-05-09,,26.56,26.22,,25.64
2008-05-10,,26.54,26.24,25.88,25.78
2008-05-11,,26.54,26.36,25.94,25.6
2008-05-12,,26.49,26.34,26.06,25.47
2008-05-13,,26.56,26.47,26.18,26.0
2008-05-14,,26.61,26.52,26.2,26.26
2008-05-15,,26.71,26.63,26.15,26.28
2008-05-16,,26.71,26.65,26.28,26.15
2008-05-17,,26.8,26.48,26.34,25.91
2008-05-18,,26.62,26.48,26.52,25.87
2008-05-19,,26.77,26.44,26.5,25.63
2008-05-20,,27.16,26.59,26.47,25.61
2008-05-21,,27.24,26.87,26.44,25.81
2008-05-22,,26.92,26.9,26.8,26.18
2008-05-23,,26.9,26.79,26.84,25.88
2008-05-24,,26.96,26.78,26.81,25.98
2008-05-25,,27.01,26.73,26.78,26.34
2008-05-26,,27.06,26.71,26.48,26.1
2008-05-27,,27.15,26.83,26.28,26.22
2008-05-28,,27.19,26.8,26.23,26.16
2008-05-29,,27.33,26.7,26.07,25.93
2008-05-30,,27.44,26.79,25.98,25.9
2008-05-31,,27.3,26.85,26.1,25.68
2008-06-01,,27.34,26.9,26.16,25.59
2008-06-02,,27.35,26.94,26.19,25.77
2008-06-03,,27.36,26.92,26.24,25.89
2008-06-04,,27.29,26.8,26.2,25.73
2008-06-05,,27.32,26.71,26.21,25.54
2008-06-06,,27.39,26.66,26.18,25.39
2008-06-07,,27.34,26.66,26.24,25.38
2008-06-08,,27.32,26.65,26.27,25.36
2008-06-09,,27.32,26.71,26.26,25.31
2008-06-10,,27.45,26.76,26.24,25.29
2008-06-11,,27.42,26.72,26.26,25.18
2008-06-12,,27.42,26.66,26.28,25.09
2008-06-13,,27.29,26.64,26.32,25.04
2008-06-14,,27.23,26.67,26.35,
2008-06-15,,27.19,26.66,26.3,
2008-06-16,,27.23,26.62,26.32,
2008-06-17,,27.33,26.64,26.39,
2008-06-18,,27.27,26.76,26.42,
2008-06-19,,27.23,26.91,26.47,
2008-06-20,,27.25,26.96,26.42,
2008-06-21,,27.22,26.99,26.44,
2008-06-22,,27.33,26.91,26.44,
2008-06-23,,27.45,26.72,26.43,
2008-06-24,,27.54,26.71,26.43,
2008-06-25,,27.42,26.82,26.44,
2008-06-26,,27.41,26.79,26.4,
2008-06-27,,27.43,26.87,26.4,
2008-06-28,,27.39,26.85,26.41,
2008-06-29,,27.27,26.86,26.57,
2008-06-30,,27.32,26.86,26.64,
2008-07-01,,27.3,27.03,26.54,
2008-07-02,,27.43,27.18,26.47,
2008-07-03,,27.46,27.36,26.52,25.33
2008-07-04,,27.52,27.2,26.39,25.75
2008-07-05,,27.43,27.18,26.4,26.07
2008-07-06,,27.56,27.13,26.32,26.07
2008-07-07,,27.59,27.07,26.31,25.79
2008-07-08,,27.64,26.91,26.32,25.96
2008-07-09,,27.67,26.98,26.37,26.06
2008-07-10,,27.69,26.97,26.46,25.92
2008-07-11,,27.75,27.07,26.44,25.97
2008-07-12,,27.75,27.09,26.36,26.23
2008-07-13,,27.79,27.13,26.35,26.38
2008-07-14,,27.73,27.13,26.35,26.22
2008-07-15,,27.6,27.18,26.45,26.08
2008-07-16,,27.51,27.13,26.36,25.97
2008-07-17,,27.44,27.11,26.3,25.5
2008-07-18,,27.39,27.05,26.31,24.6
2008-07-19,,27.36,26.99,26.36,23.89
2008-07-20,,27.33,26.98,26.4,23.96
2008-07-21,,27.31,26.9,26.46,24.12
2008-07-22,,27.31,26.89,26.43,24.28
2008-07-23,,27.3,26.95,26.47,24.4
2008-07-24,,27.26,26.93,26.57,24.6
2008-07-25,,27.21,26.87,26.46,24.51
2008-07-26,,27.26,26.84,26.35,24.35
2008-07-27,,27.36,26.89,26.33,24.06
2008-07-28,,27.32,26.98,26.34,23.47
2008-07-29,,27.35,27.0,26.27,23.79
2008-07-30,,27.39,26.9,26.16,23.83
2008-07-31,,27.48,26.76,26.11,24.62
2008-08-01,,27.54,26.63,26.08,25.17
2008-08-02,,27.58,26.55,26.02,24.58
2008-08-03,,27.55,26.5,25.99,24.19
2008-08-04,,27.5,26.61,25.99,25.12
2008-08-05,,27.49,26.71,26.02,25.17
2008-08-06,,27.53,26.73,26.05,24.62
2008-08-07,,27.64,26.75,26.14,23.49
2008-08-08,,27.53,27.1,26.21,23.44
2008-08-09,,27.67,27.14,26.27,23.21
2008-08-10,,27.46,26.93,26.22,24.05
2008-08-11,,27.38,26.85,26.0,24.69
2008-08-12,,27.38,26.83,25.58,22.92
2008-08-13,,27.41,26.8,25.44,23.32
2008-08-14,,27.44,26.78,26.02,23.46
2008-08-15,,27.55,26.64,26.11,23.72
2008-08-16,,27.55,26.51,25.67,23.74
2008-08-17,,27.62,26.43,25.21,23.59
2008-08-18,,27.59,26.45,25.2,23.46
2008-08-19,,27.49,26.33,25.38,23.56
2008-08-20,,27.34,26.32,25.07,23.75
2008-08-21,,27.38,26.39,24.87,23.88
2008-08-22,,27.53,26.64,25.05,23.71
2008-08-23,,27.45,26.5,25.51,23.45
2008-08-24,,27.73,26.5,25.52,23.15
2008-08-25,,27.67,26.4,25.28,23.01
2008-08-26,,27.64,26.42,25.21,23.09
2008-08-27,,27.51,26.35,25.22,23.09
2008-08-28,,27.44,26.32,25.27,24.21
2008-08-29,,27.3,26.27,25.4,24.83
2008-08-30,,27.28,26.25,25.57,25.19
2008-08-31,,27.23,26.17,25.92,24.99
2008-09-01,,27.29,26.19,26.15,25.18
2008-09-02,,27.45,26.4,26.09,24.58
2008-09-03,,27.49,26.5,25.76,24.07
2008-09-04,,27.38,26.33,25.56,23.84
2008-09-05,,27.42,26.39,25.41,24.06
2008-09-06,,27.46,26.42,25.31,23.67
2008-09-07,,27.51,26.34,25.21,23.61
2008-09-08,,27.39,26.24,25.11,23.24
2008-09-09,,27.15,26.23,25.03,23.05
2008-09-10,28.39,27.27,26.23,24.92,22.91
2008-09-11,28.7,27.38,26.28,24.83,22.62
2008-09-12,28.56,27.21,26.28,24.73,22.56
2008-09-13,28.52,27.3,26.22,24.94,22.88
2008-09-14,28.83,27.36,26.16,25.16,22.9
2008-09-15,29.04,27.37,26.09,25.19,22.93
2008-09-16,29.24,27.19,26.02,25.23,22.52
2008-09-17,29.32,27.01,26.01,25.08,22.2
2008-09-18,28.59,26.91,25.96,24.93,22.21
2008-09-19,28.61,27.07,26.07,24.88,22.46
2008-09-20,28.55,27.08,26.3,24.9,23.18
2008-09-21,28.71,26.98,26.1,24.9,25.09
2008-09-22,29.12,27.02,26.19,24.96,25.2
2008-09-23,29.08,27.06,25.96,24.97,25.02
2008-09-24,29.02,27.19,25.83,24.93,25.32
2008-09-25,28.93,27.3,25.92,24.88,25.56
2008-09-26,28.92,27.47,26.37,24.78,25.25
2008-09-27,29.26,27.32,26.26,24.67,23.9
2008-09-28,29.58,27.22,26.29,24.44,22.86
2008-09-29,29.73,27.22,26.45,24.53,22.28
2008-09-30,29.6,27.17,26.83,24.77,22.18
2008-10-01,29.04,27.28,27.13,25.08,22.32
2008-10-02,28.9,27.6,27.07,25.13,22.39
2008-10-03,28.99,27.92,27.06,24.71,22.34
2008-10-04,29.18,27.95,27.11,24.33,22.3
2008-10-05,29.36,27.92,26.96,24.24,22.29
2008-10-06,29.44,27.95,26.93,23.98,23.62
2008-10-07,29.39,27.88,26.89,24.15,23.3
2008-10-08,29.14,27.81,26.69,24.49,23.43
2008-10-09,29.12,27.73,26.63,24.77,23.22
2008-10-10,29.07,27.73,26.51,24.75,23.53
2008-10-11,29.0,27.87,26.44,24.65,23.31
2008-10-12,28.93,27.74,26.47,24.48,22.58
2008-10-13,28.97,27.87,26.44,24.45,22.36
2008-10-14,28.81,27.65,26.39,24.43,22.6
2008-10-15,28.74,27.48,26.27,24.46,22.16
2008-10-16,28.78,27.36,26.33,24.46,21.73
2008-10-17,28.75,27.35,26.22,24.37,21.82
2008-10-18,28.54,27.33,26.21,24.24,21.89
2008-10-19,28.54,27.38,26.2,24.19,23.35
2008-10-20,28.61,27.27,26.26,24.23,24.51
2008-10-21,28.74,27.22,26.38,24.27,23.43
2008-10-22,28.59,27.22,26.41,24.37,22.88
2008-10-23,28.63,27.26,26.4,24.52,22.57
2008-10-24,28.68,27.21,26.43,24.51,22.92
2008-10-25,28.8,27.16,26.53,24.6,22.44
2008-10-26,29.03,27.08,26.59,24.89,22.17
2008-10-27,28.88,27.12,26.59,25.1,22.71
2008-10-28,28.7,27.16,26.74,25.17,22.38
2008-10-29,28.65,27.12,27.11,25.13,22.03
2008-10-30,28.68,27.02,27.24,24.97,21.8
2008-10-31,28.65,27.1,27.28,24.87,21.78
2008-11-01,28.47,27.32,27.16,24.66,21.57
2008-11-02,28.36,27.5,26.79,25.13,21.66
2008-11-03,28.64,27.69,26.36,25.4,21.62
2008-11-04,28.64,27.75,26.49,25.49,21.89
2008-11-05,28.95,27.66,26.75,25.56,22.22
2008-11-06,28.79,27.76,26.92,25.63,22.46
2008-11-07,28.58,27.82,26.96,25.48,22.28
2008-11-08,28.37,27.81,27.02,25.36,22.31
2008-11-09,28.28,27.79,27.0,25.06,22.02
2008-11-10,28.37,27.53,26.94,24.83,21.96
2008-11-11,28.31,27.45,26.8,24.75,22.4
2008-11-12,28.37,27.36,26.58,24.63,22.82
2008-11-13,28.33,27.38,26.14,24.73,22.81
2008-11-14,28.26,27.36,25.87,25.07,22.58
2008-11-15,28.44,27.33,25.82,25.15,23.09
2008-11-16,28.33,27.31,25.92,25.07,24.34
2008-11-17,28.22,27.34,25.7,25.09,25.19
2008-11-18,28.17,27.31,25.35,24.93,25.17
2008-11-19,28.03,27.25,25.35,24.83,24.35
2008-11-20,28.15,27.21,25.39,25.06,23.02
2008-11-21,28.21,27.14,25.64,25.36,22.62
2008-11-22,28.28,27.07,25.85,25.52,22.65
2008-11-23,28.37,26.93,26.0,25.59,22.5
2008-11-24,28.52,26.89,26.08,25.33,22.42
2008-11-25,28.44,26.83,26.02,24.68,22.47
2008-11-26,28.35,26.67,25.94,24.51,22.49
2008-11-27,28.29,26.66,26.0,24.53,22.68
2008-11-28,28.11,26.47,26.07,24.71,22.75
2008-11-29,28.19,26.38,26.07,24.89,22.75
2008-11-30,28.25,26.67,25.97,25.11,22.7
2008-12-01,28.35,26.8,25.84,25.08,22.57
2008-12-02,28.84,26.86,25.66,25.08,22.52
2008-12-03,29.04,26.86,25.39,25.3,22.44
2008-12-04,28.85,26.71,25.25,25.28,22.45
2008-12-05,28.69,26.72,25.33,25.59,22.65
2008-12-06,28.6,26.72,25.39,25.59,23.56
2008-12-07,28.77,26.71,25.45,24.83,24.01
2008-12-08,29.01,26.65,25.58,24.07,23.97
2008-12-09,29.02,26.61,25.66,24.01,23.82
2008-12-10,28.3,26.77,25.73,24.23,23.33
2008-12-11,28.18,26.85,25.45,24.3,22.77
2008-12-12,28.14,26.72,24.93,24.22,21.99
2008-12-13,28.18,26.67,24.82,24.19,21.7
2008-12-14,28.33,26.7,25.18,24.32,21.62
2008-12-15,28.55,26.69,25.2,24.43,21.59
2008-12-16,28.51,26.64,25.24,24.6,21.49
2008-12-17,28.59,26.51,25.0,24.64,21.67
2008-12-18,28.63,26.41,24.61,24.56,21.98
2008-12-19,28.68,26.43,24.5,24.49,21.92
2008-12-20,28.78,26.4,24.57,24.31,21.62
2008-12-21,28.79,26.38,24.88,24.2,21.84
2008-12-22,28.97,26.24,24.92,23.93,22.08
2008-12-23,28.9,26.2,25.24,23.78,22.76
2008-12-24,28.75,26.3,25.0,24.21,23.0
2008-12-25,28.68,26.26,24.66,24.05,23.08
2008-12-26,28.67,26.21,24.63,23.59,23.14
2008-12-27,28.69,26.07,24.67,23.25,22.68
2008-12-28,28.87,25.82,24.82,22.99,
2008-12-29,28.54,25.71,24.72,22.95,21.11
2008-12-30,28.52,25.65,24.65,23.12,20.93
2008-12-31,28.52,25.62,24.79,23.41,21.34
2009-01-01,28.47,25.64,24.8,23.51,21.44
2009-01-02,28.59,25.75,24.83,23.78,21.83
2009-01-03,28.6,25.85,24.7,23.8,21.84
2009-01-04,29.05,25.84,24.57,24.02,22.26
2009-01-05,28.78,25.76,24.6,23.95,22.67
2009-01-06,28.74,25.69,24.59,23.93,22.84
2009-01-07,28.41,25.7,24.59,24.65,22.54
2009-01-08,28.49,25.76,24.69,24.68,23.09
2009-01-09,28.49,25.82,24.72,24.49,23.16
2009-01-10,28.48,25.89,24.7,24.24,23.21
2009-01-11,28.55,25.88,24.75,24.0,23.24
2009-01-12,28.71,25.84,24.69,23.76,23.83
2009-01-13,28.88,25.92,24.52,23.72,24.04
2009-01-14,28.75,26.03,24.43,23.62,23.99
2009-01-15,28.86,26.12,24.4,23.77,23.96
2009-01-16,28.62,26.23,24.55,24.23,24.05
2009-01-17,28.62,26.32,24.87,24.41,24.12
2009-01-18,28.6,26.37,25.04,24.52,23.94
2009-01-19,28.59,26.43,25.24,24.5,23.76
2009-01-20,28.62,26.46,25.25,24.76,24.34
2009-01-21,28.65,26.41,25.18,25.18,25.28
2009-01-22,28.78,26.2,24.95,25.44,25.57
2009-01-23,28.74,26.06,24.61,25.4,26.17
2009-01-24,28.78,25.97,24.39,25.11,26.45
2009-01-25,28.67,25.87,24.65,24.81,26.66
2009-01-26,28.55,25.79,24.97,24.65,26.61
2009-01-27,28.66,25.77,25.02,24.52,26.48
2009-01-28,28.57,25.82,25.06,24.33,26.11
2009-01-29,28.67,25.81,25.09,24.37,25.48
2009-01-30,28.55,25.71,25.15,24.38,24.89
2009-01-31,28.53,25.67,25.27,24.45,24.29
2009-02-01,28.53,25.51,25.26,24.65,23.0
2009-02-02,28.48,25.71,25.31,24.66,22.58
2009-02-03,28.43,25.9,25.36,24.74,23.07
2009-02-04,28.33,26.01,25.47,24.55,23.68
2009-02-05,28.28,26.14,25.53,24.22,23.77
2009-02-06,28.09,26.28,25.5,24.17,24.31
2009-02-07,28.08,26.21,25.42,24.29,24.88
2009-02-08,28.17,25.84,25.49,24.36,24.51
2009-02-09,28.21,25.93,25.54,24.41,24.25
2009-02-10,28.06,25.93,25.58,24.54,24.0
2009-02-11,28.18,25.99,25.76,24.64,23.91
2009-02-12,28.2,26.01,25.71,24.78,24.2
2009-02-13,28.27,25.91,25.9,24.97,24.61
2009-02-14,28.34,25.94,25.9,25.15,24.53
2009-02-15,28.28,25.91,25.83,25.25,24.78
2009-02-16,28.2,25.8,25.87,25.25,24.78
2009-02-17,28.19,25.76,25.85,25.39,24.66
2009-02-18,28.2,25.82,25.84,25.26,24.78
2009-02-19,28.16,26.03,26.01,25.08,24.69
2009-02-20,27.98,25.92,26.41,25.2,24.53
2009-02-21,27.99,26.02,26.3,25.22,24.44
2009-02-22,28.06,26.12,26.2,25.3,
2009-02-23,28.1,26.01,26.02,25.18,24.68
2009-02-24,28.23,25.92,26.03,25.2,24.32
2009-02-25,28.06,25.91,25.84,25.2,24.4
2009-02-26,27.88,26.02,25.74,25.11,24.59
2009-02-27,27.83,26.04,25.75,25.42,24.4
2009-02-28,27.78,26.17,25.81,25.64,
2009-03-01,27.91,26.11,25.87,25.8,
2009-03-02,27.83,26.06,25.91,25.74,
2009-03-03,28.02,26.12,25.8,25.78,
2009-03-04,27.96,26.09,25.68,25.76,
2009-03-05,27.9,26.32,25.78,25.55,
2009-03-06,27.9,26.46,25.79,25.16,
2009-03-07,27.87,26.18,25.86,24.91,
2009-03-08,27.88,26.42,26.02,24.97,
2009-03-09,27.9,26.52,26.01,25.08,
2009-03-10,27.95,26.51,26.23,25.24,
2009-03-11,27.97,26.44,26.21,25.42,
2009-03-12,28.13,26.52,26.34,25.28,
2009-03-13,28.24,26.51,26.21,25.19,
2009-03-14,28.21,26.48,26.02,25.04,
2009-03-15,28.14,26.42,25.9,25.14,
2009-03-16,28.06,26.51,26.04,25.12,
2009-03-17,28.03,26.56,26.12,25.07,
2009-03-18,28.1,26.62,26.13,24.98,
2009-03-19,28.11,26.74,26.1,24.86,
2009-03-20,28.19,26.6,26.2,24.83,
2009-03-21,28.37,26.59,26.37,24.97,
2009-03-22,28.47,26.75,26.38,24.96,
2009-03-23,28.36,26.73,26.34,24.97,
2009-03-24,28.58,26.77,26.31,25.3,
2009-03-25,28.56,26.98,26.41,25.34,
2009-03-26,28.8,27.24,26.68,25.39,
2009-03-27,28.85,27.23,26.68,25.66,
2009-03-28,29.12,27.09,26.45,25.83,
2009-03-29,28.94,27.32,26.48,26.05,
2009-03-30,28.91,27.43,26.49,26.1,
2009-03-31,28.95,27.19,26.49,26.06,
2009-04-01,28.89,27.12,26.49,25.94,
2009-04-02,28.69,27.13,26.53,26.01,
2009-04-03,28.74,27.19,26.65,26.05,
2009-04-04,28.84,27.15,26.63,26.05,
2009-04-05,28.88,27.17,26.81,26.1,
2009-04-06,28.89,27.16,26.94,26.26,
2009-04-07,28.93,27.24,26.78,26.38,
2009-04-08,29.26,27.28,26.68,26.48,
2009-04-09,28.95,27.29,26.8,26.37,
2009-04-10,28.9,27.23,27.0,26.31,
2009-04-11,29.04,27.51,27.12,26.52,
2009-04-12,28.95,27.63,27.06,26.75,
2009-04-13,28.9,27.53,26.91,26.53,
2009-04-14,28.95,27.48,26.87,26.4,
2009-04-15,29.05,27.5,26.9,26.56,
2009-04-16,29.09,27.5,27.05,26.62,
2009-04-17,29.0,27.48,27.06,26.69,
2009-04-18,28.87,27.48,27.06,26.77,
2009-04-19,28.79,27.5,27.01,26.85,
2009-04-20,28.81,27.58,27.04,26.75,
2009-04-21,28.72,27.81,27.0,26.62,
2009-04-22,28.77,27.72,26.92,26.59,
2009-04-23,28.87,27.67,26.92,26.6,
2009-04-24,29.14,27.72,26.94,26.6,
2009-04-25,29.32,27.76,27.2,26.74,
2009-04-26,29.04,27.83,27.33,26.9,
2009-04-27,29.71,28.04,27.32,27.01,
2009-04-28,29.47,28.39,27.93,27.01,
2009-04-29,29.65,28.42,27.77,27.19,
2009-04-30,29.25,28.37,27.42,27.23,
2009-05-01,29.52,28.58,27.56,27.29,
2009-05-02,29.51,28.26,27.66,27.06,
2009-05-03,29.59,28.0,27.56,26.9,
2009-05-04,29.63,28.03,27.62,26.86,
2009-05-05,29.65,28.09,27.79,27.05,
2009-05-06,29.58,28.12,27.8,27.21,
2009-05-07,29.74,28.25,27.94,27.2,
2009-05-08,29.49,28.32,27.99,27.12,
2009-05-09,29.75,28.31,27.97,27.05,
2009-05-10,29.63,28.21,27.94,27.25,
2009-05-11,29.66,28.04,27.94,27.38,
2009-05-12,29.74,28.12,27.96,27.34,
2009-05-13,29.53,28.24,28.06,27.33,
2009-05-14,29.54,28.39,28.0,27.39,
2009-05-15,29.75,28.35,28.11,27.12,
2009-05-16,29.62,28.53,28.0,27.02,
2009-05-17,29.62,28.57,28.15,27.17,
2009-05-18,29.61,28.27,28.22,27.2,
2009-05-19,29.66,28.42,28.18,27.23,
2009-05-20,29.55,28.26,28.11,27.29,
2009-05-21,29.57,28.14,28.11,27.44,
2009-05-22,29.39,28.16,28.0,27.4,
2009-05-23,29.89,28.17,27.97,27.2,
2009-05-24,29.59,28.26,27.94,27.05,
2009-05-25,29.39,28.5,27.92,27.03,
2009-05-26,29.43,28.4,28.0,27.06,
2009-05-27,29.41,28.33,27.94,27.05,
2009-05-28,29.43,28.24,27.81,27.09,
2009-05-29,29.48,28.26,27.68,27.07,
2009-05-30,29.55,28.2,27.63,26.91,
2009-05-31,29.91,28.18,27.62,26.79,
2009-06-01,29.72,28.4,27.57,26.96,
2009-06-02,29.83,28.95,27.54,27.12,
2009-06-03,29.8,28.47,27.59,27.16,
2009-06-04,29.76,28.65,27.61,27.2,
2009-06-05,29.73,28.54,27.59,27.3,
2009-06-06,29.96,28.53,27.59,27.2,
2009-06-07,29.39,28.58,27.66,27.16,
2009-06-08,29.71,28.52,27.7,27.26,
2009-06-09,29.67,28.67,27.7,27.34,
2009-06-10,29.8,28.77,27.85,27.48,
2009-06-11,30.26,28.65,28.0,27.52,
2009-06-12,29.99,28.75,28.06,27.51,
2009-06-13,29.93,28.87,28.24,27.51,
2009-06-14,29.76,28.78,28.22,27.53,
2009-06-15,30.15,28.65,28.09,27.37,
2009-06-16,29.76,28.71,27.97,27.28,
2009-06-17,29.79,28.76,28.01,27.27,
2009-06-18,29.83,28.82,28.15,27.39,
2009-06-19,29.9,28.9,28.61,27.57,
2009-06-20,29.96,28.96,28.59,27.89,
2009-06-21,29.99,28.87,28.28,27.78,
2009-06-22,29.81,28.91,28.22,27.61,
2009-06-23,29.82,28.93,28.31,27.67,
2009-06-24,29.79,28.91,28.21,27.81,
2009-06-25,29.86,28.88,28.24,27.8,
2009-06-26,29.89,28.92,28.29,27.8,
2009-06-27,29.76,28.95,28.4,27.83,
2009-06-28,29.74,28.89,28.41,27.74,
2009-06-29,29.9,28.96,28.31,27.61,
2009-06-30,30.0,29.24,28.29,27.58,
2009-07-01,29.91,29.08,28.24,27.55,
2009-07-02,30.27,29.21,28.27,27.45,
2009-07-03,29.94,29.08,28.17,27.43,
2009-07-04,29.92,28.88,28.15,27.46,
2009-07-05,30.01,28.86,28.11,27.44,
2009-07-06,29.82,28.98,28.12,27.25,
2009-07-07,29.72,28.93,28.15,27.21,
2009-07-08,29.72,28.89,28.13,27.37,
2009-07-09,29.69,29.06,28.1,27.32,
2009-07-10,29.63,29.08,28.07,27.24,
2009-07-11,29.78,28.9,27.95,27.21,
2009-07-12,30.03,28.74,27.86,27.21,
2009-07-13,29.85,28.69,27.84,27.18,
2009-07-14,29.77,28.7,27.9,27.12,
2009-07-15,29.7,28.64,27.88,27.08,
2009-07-16,29.67,28.52,27.87,27.13,
2009-07-17,29.91,28.47,27.86,27.18,
2009-07-18,30.07,28.54,27.86,27.19,
2009-07-19,29.65,28.5,27.88,27.19,
2009-07-20,29.69,28.43,27.9,27.23,
2009-07-21,29.7,28.48,27.82,27.09,
2009-07-22,29.46,28.56,27.87,27.01,
2009-07-23,29.42,28.5,27.94,26.88,
2009-07-24,29.81,28.48,28.04,26.87,
2009-07-25,29.99,28.46,27.87,26.75,
2009-07-26,30.21,28.46,27.63,26.55,
2009-07-27,29.77,28.29,27.59,26.46,
2009-07-28,29.72,28.21,27.36,26.37,
2009-07-29,29.74,28.23,27.35,26.19,
2009-07-30,29.84,28.23,27.29,26.12,
2009-07-31,29.58,28.21,27.19,26.24,
2009-08-01,29.28,28.25,27.31,26.36,
2009-08-02,29.69,28.25,27.37,26.56,
2009-08-03,29.59,28.33,27.34,26.55,
2009-08-04,29.64,28.3,27.44,26.64,
2009-08-05,29.65,28.38,27.65,26.57,
2009-08-06,29.65,28.39,27.84,26.24,
2009-08-07,29.76,28.41,27.73,25.99,
2009-08-08,30.25,28.45,27.52,25.79,
2009-08-09,30.08,28.51,27.49,25.59,
2009-08-10,29.65,28.53,27.45,25.85,
2009-08-11,29.83,28.62,27.46,26.01,
2009-08-12,30.09,28.72,27.6,26.22,
2009-08-13,29.47,28.68,27.48,26.33,
2009-08-14,29.75,28.82,27.54,26.34,
2009-08-15,29.72,28.8,27.59,26.47,
2009-08-16,30.13,28.91,27.7,26.45,
2009-08-17,29.74,28.95,27.58,26.33,
2009-08-18,29.66,28.81,27.55,26.21,
2009-08-19,29.99,28.75,27.49,26.26,
2009-08-20,29.72,28.68,27.62,26.33,
2009-08-21,30.06,28.69,27.55,26.38,
2009-08-22,30.14,28.93,27.47,26.39,
2009-08-23,29.84,29.2,27.5,26.36,
2009-08-24,29.81,29.29,27.51,26.4,
2009-08-25,29.77,29.13,27.56,26.57,
2009-08-26,30.13,28.76,27.67,26.51,
2009-08-27,30.14,28.71,27.7,26.59,
2009-08-28,30.45,28.66,27.69,26.94,
2009-08-29,30.22,28.68,27.72,26.88,
2009-08-30,30.54,28.65,27.86,26.84,
2009-08-31,30.19,28.62,27.86,26.91,
2009-09-01,30.1,28.63,27.87,26.93,
2009-09-02,30.25,28.67,27.9,26.9,
2009-09-03,30.04,28.7,27.9,26.84,
2009-09-04,30.07,28.64,27.88,26.59,
2009-09-05,30.03,28.63,27.85,26.61,
2009-09-06,29.99,28.7,27.83,26.62,
2009-09-07,30.52,28.73,27.78,26.63,
2009-09-08,30.74,28.77,27.63,26.6,
2009-09-09,30.71,28.73,27.71,26.55,
2009-09-10,30.33,28.7,27.82,26.57,
2009-09-11,30.17,28.63,27.92,26.55,
2009-09-12,30.15,28.66,27.89,26.54,
2009-09-13,30.2,28.64,27.75,26.58,
2009-09-14,30.21,28.64,27.63,26.71,
2009-09-15,30.29,28.69,27.6,26.66,
2009-09-16,30.35,28.68,27.73,26.81,
2009-09-17,30.25,28.62,27.88,26.96,
2009-09-18,30.46,28.55,27.85,26.83,
2009-09-19,30.24,28.45,27.85,26.78,25.3
2009-09-20,30.3,28.36,27.82,26.72,25.72
2009-09-21,30.24,28.25,27.77,26.64,25.74
2009-09-22,30.48,28.38,27.73,26.65,25.7
2009-09-23,30.46,28.49,27.78,26.74,25.48
2009-09-24,30.11,28.65,27.81,26.76,24.93
2009-09-25,30.05,28.65,27.77,26.69,24.44
2009-09-26,29.88,28.61,27.78,26.7,23.77
2009-09-27,29.65,28.56,27.66,26.65,23.43
2009-09-28,29.6,28.56,27.56,26.52,23.06
2009-09-29,29.52,28.66,27.66,26.16,23.04
2009-09-30,29.56,28.68,27.89,25.85,23.11
2009-10-01,29.71,28.71,27.85,25.98,23.15
2009-10-02,29.65,29.09,28.11,26.39,23.19
2009-10-03,29.43,29.16,27.97,25.77,23.3
2009-10-04,29.49,29.33,28.0,25.66,23.28
2009-10-05,29.54,29.74,28.04,25.59,23.27
2009-10-06,29.42,29.62,27.92,25.4,23.28
2009-10-07,29.45,29.61,27.83,25.39,23.15
2009-10-08,29.47,29.67,27.78,25.55,23.54
2009-10-09,29.87,29.66,27.88,25.83,23.89
2009-10-10,30.02,29.63,27.85,26.05,24.51
2009-10-11,30.05,30.05,27.73,26.37,24.91
2009-10-12,30.14,29.62,27.72,26.24,25.0
2009-10-13,30.35,29.53,27.67,26.03,25.17
2009-10-14,30.38,29.47,27.8,26.21,24.38
2009-10-15,30.29,29.4,28.37,26.29,23.38
2009-10-16,30.35,29.65,28.08,26.42,22.99
2009-10-17,30.41,29.61,28.0,26.53,22.83
2009-10-18,30.29,29.57,28.29,26.53,22.78
2009-10-19,30.19,29.64,28.45,26.48,22.8
2009-10-20,29.86,29.94,28.33,26.49,22.64
2009-10-21,29.63,29.76,28.48,26.61,22.45
2009-10-22,29.52,29.88,28.48,26.75,22.36
2009-10-23,29.51,29.86,28.5,27.15,23.01
2009-10-24,29.41,29.89,28.55,27.37,23.45
2009-10-25,29.49,30.12,28.51,27.14,23.64
2009-10-26,29.34,30.29,28.55,27.57,24.13
2009-10-27,29.37,30.16,28.6,27.46,24.36
2009-10-28,29.45,30.2,28.62,27.43,24.52
2009-10-29,29.57,30.25,28.96,27.48,24.54
2009-10-30,29.61,30.19,28.88,27.54,24.83
2009-10-31,29.55,29.91,29.08,27.67,24.88
2009-11-01,29.71,29.84,28.99,27.65,24.64
2009-11-02,29.88,30.02,29.13,27.71,23.81
2009-11-03,29.9,30.16,28.83,27.91,22.98
2009-11-04,29.67,29.88,28.79,28.1,22.83
2009-11-05,29.72,29.65,28.63,27.94,22.91
2009-11-06,29.7,29.6,28.43,27.66,23.13
2009-11-07,29.69,29.56,28.4,27.69,23.35
2009-11-08,29.87,29.42,28.42,27.75,23.6
2009-11-09,30.08,29.42,28.48,27.77,23.84
2009-11-10,30.04,29.48,28.56,27.75,23.98
2009-11-11,29.93,29.5,28.71,27.79,24.12
2009-11-12,30.2,29.56,28.86,27.85,24.3
2009-11-13,30.36,29.56,28.7,27.86,24.41
2009-11-14,30.3,29.53,28.53,27.84,24.48
2009-11-15,30.22,29.47,28.47,27.84,24.5
2009-11-16,30.21,29.51,28.51,27.74,24.48
2009-11-17,29.75,29.5,28.54,27.67,24.51
2009-11-18,29.84,29.63,28.58,27.66,24.53
2009-11-19,29.98,29.77,28.64,27.66,24.63
2009-11-20,30.16,29.99,28.67,27.66,24.63
2009-11-21,30.32,29.63,28.54,27.66,24.68
2009-11-22,30.17,29.53,28.47,27.65,24.78
2009-11-23,30.0,29.54,28.51,27.62,24.84
2009-11-24,29.92,29.83,28.56,27.53,24.88
2009-11-25,29.81,29.55,28.5,27.41,24.89
2009-11-26,29.94,29.57,28.49,27.41,24.93
2009-11-27,30.24,29.67,28.59,27.42,24.98
2009-11-28,29.72,29.74,28.65,27.41,25.03
2009-11-29,29.63,29.77,28.62,27.35,25.1
2009-11-30,29.68,29.79,28.64,27.31,25.16
2009-12-01,29.74,29.83,28.57,27.21,25.28
2009-12-02,29.72,29.91,28.51,27.44,25.42
2009-12-03,29.61,29.76,28.45,27.87,25.49
2009-12-04,29.49,29.73,28.49,27.99,25.44
2009-12-05,29.28,29.74,28.59,28.03,25.48
2009-12-06,29.25,29.68,28.56,28.09,25.44
2009-12-07,29.3,29.65,28.5,28.09,25.32
2009-12-08,29.29,29.55,28.42,27.95,25.22
2009-12-09,29.39,29.6,28.36,27.85,25.14
2009-12-10,29.39,29.58,28.36,27.49,25.05
2009-12-11,29.5,29.69,28.4,27.41,25.06
2009-12-12,29.49,30.0,28.29,27.45,25.1
2009-12-13,29.53,30.17,28.68,27.49,25.11
2009-12-14,29.68,30.29,28.78,27.55,25.16
2009-12-15,29.52,30.32,29.04,27.57,25.18
2009-12-16,29.42,30.63,29.28,27.46,25.29
2009-12-17,29.3,30.74,29.44,27.33,25.64
2009-12-18,29.33,30.48,29.71,27.3,25.73
2009-12-19,29.26,30.32,29.64,27.46,25.8
2009-12-20,29.24,30.18,29.36,27.32,25.88
2009-12-21,29.43,30.32,28.92,27.33,25.91
2009-12-22,29.23,30.39,28.91,27.11,26.03
2009-12-23,29.86,30.19,28.85,27.2,26.18
2009-12-24,29.86,30.07,28.9,27.46,26.38
2009-12-25,29.69,29.9,28.96,27.43,26.27
2009-12-26,29.68,29.76,29.02,27.35,26.09
2009-12-27,29.55,29.87,29.02,27.28,26.01
2009-12-28,29.41,29.9,29.02,27.22,26.24
2009-12-29,29.45,30.02,28.98,27.2,26.46
2009-12-30,29.51,30.07,28.95,27.16,26.46
2009-12-31,29.42,30.09,29.02,27.16,26.27
2010-01-01,29.55,30.04,29.1,27.17,26.11
2010-01-02,29.38,30.02,29.1,27.24,25.92
2010-01-03,29.38,29.98,29.13,27.34,25.63
2010-01-04,29.45,30.01,29.11,27.38,25.6
2010-01-05,29.43,29.94,29.03,27.42,25.6
2010-01-06,29.75,29.96,29.03,27.43,25.54
2010-01-07,29.52,30.12,29.04,27.43,25.41
2010-01-08,29.55,30.07,28.9,27.36,25.35
2010-01-09,29.63,30.03,28.8,27.33,25.66
2010-01-10,29.39,30.18,29.04,27.22,26.26
2010-01-11,29.4,29.99,28.9,27.2,26.06
2010-01-12,29.21,29.45,,27.12,25.96
2010-01-13,29.24,29.94,,27.14,26.21
2010-01-14,29.26,30.05,28.9,27.28,26.26
2010-01-15,29.21,30.09,28.74,27.37,25.91
2010-01-16,29.19,30.18,28.69,27.42,25.36
2010-01-17,29.05,30.26,28.66,27.36,25.0
2010-01-18,29.14,30.31,28.5,27.3,25.25
2010-01-19,29.1,30.5,28.36,27.16,25.36
2010-01-20,29.1,30.55,28.36,27.22,25.46
2010-01-21,29.22,30.17,28.39,27.28,25.64
2010-01-22,29.27,30.03,28.4,27.38,25.59
2010-01-23,29.4,30.12,28.37,27.38,25.48
2010-01-24,29.6,30.09,28.38,27.38,25.55
2010-01-25,29.45,30.05,28.31,27.14,25.58
2010-01-26,29.42,30.1,28.23,26.99,25.65
2010-01-27,29.47,29.92,28.29,27.08,25.63
2010-01-28,29.54,29.9,28.26,26.95,25.88
2010-01-29,29.56,29.91,28.15,27.03,25.82
2010-01-30,29.66,29.86,28.07,26.97,25.87
2010-01-31,29.55,29.79,28.33,26.76,25.8
2010-02-01,29.47,29.6,28.53,26.67,25.52
2010-02-02,29.49,29.72,28.49,26.51,25.37
2010-02-03,29.41,29.73,28.61,26.7,25.37
2010-02-04,29.39,29.84,28.56,26.75,25.44
2010-02-05,29.34,29.96,28.54,26.79,25.5
2010-02-06,29.27,30.01,28.63,26.89,25.64
2010-02-07,29.31,30.07,28.62,26.69,25.77
2010-02-08,29.27,29.83,28.54,26.82,25.77
2010-02-09,29.26,29.82,28.46,27.51,25.72
2010-02-10,29.32,29.59,28.4,27.33,25.74
2010-02-11,29.31,29.36,28.23,27.22,25.83
2010-02-12,29.33,29.66,28.23,27.16,26.3
2010-02-13,29.34,29.6,28.18,27.29,25.77
2010-02-14,29.32,29.56,28.12,27.16,25.47
2010-02-15,29.26,29.54,28.12,26.97,26.13
2010-02-16,29.31,29.51,28.22,27.06,26.42
2010-02-17,29.36,29.47,28.16,27.18,26.36
2010-02-18,29.48,29.45,28.11,27.39,26.37
2010-02-19,29.42,29.4,28.04,27.86,26.41
2010-02-20,29.43,29.28,27.99,27.88,26.38
2010-02-21,29.27,29.38,27.99,27.57,26.48
2010-02-22,29.25,29.47,28.23,27.79,26.61
2010-02-23,29.43,29.46,28.35,27.54,26.6
2010-02-24,29.22,29.44,28.36,27.57,26.52
2010-02-25,29.33,29.59,28.41,27.65,26.43
2010-02-26,29.51,29.49,28.36,27.39,26.28
2010-02-27,29.54,29.54,28.37,27.48,26.33
2010-02-28,29.56,29.49,28.3,27.52,27.28
2010-03-01,29.55,29.46,28.47,27.56,27.19
2010-03-02,29.48,29.35,28.67,27.58,27.16
2010-03-03,29.6,29.28,28.31,27.57,27.12
2010-03-04,29.95,29.38,28.21,27.77,27.14
2010-03-05,29.79,29.52,28.1,27.75,27.27
2010-03-06,29.69,29.47,28.03,27.74,27.12
2010-03-07,29.67,29.32,28.18,27.69,26.73
2010-03-08,29.78,29.22,28.48,27.68,26.6
2010-03-09,29.97,29.24,28.73,27.8,26.62
2010-03-10,29.85,29.2,28.92,28.16,26.47
2010-03-11,30.12,29.28,28.88,27.65,26.28
2010-03-12,29.97,29.24,28.98,27.86,26.28
2010-03-13,29.66,29.43,28.63,28.01,26.63
2010-03-14,29.85,29.36,28.57,28.31,27.42
2010-03-15,30.0,29.22,28.5,27.88,27.92
2010-03-16,29.77,29.17,28.56,27.89,28.1
2010-03-17,29.8,29.58,28.42,27.99,28.06
2010-03-18,29.73,29.34,28.64,27.89,28.08
2010-03-19,29.58,29.37,28.54,27.84,28.12
2010-03-20,29.48,29.42,28.5,27.88,28.11
2010-03-21,29.71,29.3,28.49,27.78,28.01
2010-03-22,29.68,29.17,28.5,27.8,27.64
2010-03-23,29.61,29.06,28.52,27.82,27.42
2010-03-24,29.48,28.84,28.52,27.8,27.51
2010-03-25,29.14,28.81,28.55,27.72,27.59
2010-03-26,29.39,28.6,28.54,27.67,27.61
2010-03-27,29.44,28.79,28.73,27.65,27.58
2010-03-28,29.36,29.25,28.68,27.81,27.72
2010-03-29,29.51,29.24,28.54,27.87,27.86
2010-03-30,29.39,29.06,28.39,28.17,28.11
2010-03-31,29.45,28.95,28.32,28.3,28.44
2010-04-01,29.47,28.94,28.41,27.95,28.64
2010-04-02,29.72,28.65,28.52,27.91,28.6
2010-04-03,30.03,29.01,28.49,28.0,28.14
2010-04-04,29.75,28.98,28.26,27.84,27.82
2010-04-05,29.76,29.08,28.44,27.62,27.75
2010-04-06,29.62,29.24,28.45,27.58,27.86
2010-04-07,29.97,29.33,28.51,27.62,28.02
2010-04-08,30.18,29.48,28.55,27.44,27.95
2010-04-09,30.48,29.44,28.6,27.39,28.31
2010-04-10,29.75,29.16,28.65,27.85,28.17
2010-04-11,29.79,28.8,28.62,27.94,28.2
2010-04-12,29.5,28.7,28.16,27.72,27.98
2010-04-13,29.29,28.69,28.08,27.48,27.77
2010-04-14,29.51,28.61,28.13,27.31,27.73
2010-04-15,29.46,29.05,28.23,27.37,27.31
2010-04-16,29.39,28.71,28.17,27.64,27.1
2010-04-17,29.35,28.65,28.34,27.55,27.3
2010-04-18,29.12,28.7,28.23,27.43,27.49
2010-04-19,29.2,28.91,28.12,27.21,27.34
2010-04-20,29.23,29.17,28.0,27.16,26.89
2010-04-21,29.15,29.13,27.93,27.24,26.53
2010-04-22,29.21,29.06,27.93,26.84,26.26
2010-04-23,29.25,29.4,27.85,26.91,26.14
2010-04-24,29.5,29.48,27.79,27.02,26.6
2010-04-25,29.78,29.33,27.78,26.75,26.6
2010-04-26,29.91,29.0,27.74,26.65,26.76
2010-04-27,29.92,28.73,27.82,26.6,26.57
2010-04-28,29.91,28.49,27.76,26.74,26.25
2010-04-29,29.3,28.5,27.56,26.54,26.15
2010-04-30,29.55,28.73,27.54,26.35,25.99
2010-05-01,29.45,28.6,27.49,26.32,26.24
2010-05-02,29.43,28.56,27.54,26.39,26.19
2010-05-03,29.5,28.45,27.47,26.43,26.53
2010-05-04,29.36,28.3,27.37,26.26,26.83
2010-05-05,29.25,28.17,27.27,26.1,26.69
2010-05-06,29.09,28.1,27.26,26.05,27.3
2010-05-07,29.21,28.16,27.26,25.91,27.99
2010-05-08,29.28,28.2,27.12,26.04,27.35
2010-05-09,29.28,28.37,27.0,25.97,26.36
2010-05-10,29.34,28.37,27.01,25.93,25.44
2010-05-11,29.21,28.49,27.05,25.96,24.98
2010-05-12,29.19,28.34,26.97,25.83,24.87
2010-05-13,29.43,28.07,26.96,25.79,24.81
2010-05-14,29.65,27.92,26.83,25.46,24.88
2010-05-15,29.54,27.93,26.69,25.5,24.81
2010-05-16,29.56,27.93,26.59,25.29,25.02
2010-05-17,29.42,27.64,26.53,25.44,24.74
2010-05-18,29.39,27.53,26.37,25.14,24.74
2010-05-19,29.42,27.49,26.27,24.9,24.85
2010-05-20,29.32,27.42,26.12,24.79,24.75
2010-05-21,29.6,27.43,26.12,24.99,24.57
2010-05-22,29.63,27.49,26.26,25.35,24.31
2010-05-23,29.42,27.61,26.54,25.85,24.38
2010-05-24,29.33,27.63,26.51,25.73,24.3
2010-05-25,29.49,27.61,26.48,25.25,24.57
2010-05-26,29.3,27.65,26.68,24.86,24.33
2010-05-27,29.36,27.61,26.85,25.22,24.06
2010-05-28,29.2,27.7,26.87,25.68,24.05
2010-05-29,29.11,27.85,26.87,25.77,23.86
2010-05-30,28.95,27.89,26.89,25.66,23.73
2010-05-31,28.91,27.85,26.84,25.54,23.73
2010-06-01,28.86,27.78,26.67,25.45,23.68
2010-06-02,29.02,27.74,26.45,25.38,23.62
2010-06-03,29.01,27.77,26.56,25.5,23.59
2010-06-04,28.92,27.74,26.65,25.65,23.4
2010-06-05,28.86,27.78,26.46,25.88,23.43
2010-06-06,28.91,27.76,26.21,26.02,23.71
2010-06-07,28.88,27.74,26.16,25.99,23.88
2010-06-08,29.1,27.77,26.24,25.53,23.7
2010-06-09,29.08,27.82,26.28,25.37,23.66
2010-06-10,29.25,27.89,26.3,25.82,23.44
2010-06-11,29.07,27.92,26.3,26.21,23.54
2010-06-12,28.93,27.8,26.16,26.5,23.4
2010-06-13,28.84,27.87,26.21,26.56,23.19
2010-06-14,28.8,27.89,26.42,26.2,23.26
2010-06-15,28.82,27.86,26.47,26.22,23.17
2010-06-16,29.07,27.76,26.32,26.32,23.39
2010-06-17,29.07,27.78,26.32,26.44,23.15
2010-06-18,28.95,27.96,26.35,26.07,22.33
2010-06-19,28.9,27.91,26.39,25.67,22.4
2010-06-20,28.79,27.95,26.31,25.26,22.82
2010-06-21,28.81,27.95,26.3,24.6,22.83
2010-06-22,28.84,27.9,26.16,24.12,22.7
2010-06-23,29.04,27.87,26.19,24.03,22.49
2010-06-24,29.04,27.78,26.24,24.07,22.21
2010-06-25,29.04,27.83,26.24,24.2,22.03
2010-06-26,28.85,27.93,26.2,24.4,22.21
2010-06-27,28.83,27.94,26.02,24.98,22.57
2010-06-28,28.91,27.8,25.95,24.97,23.4
2010-06-29,28.66,27.73,25.95,25.06,22.79
2010-06-30,28.34,27.63,25.89,25.25,22.7
2010-07-01,28.55,27.5,26.1,25.23,23.11
2010-07-02,28.49,27.61,26.28,25.18,24.44
2010-07-03,28.56,27.65,26.2,25.15,24.06
2010-07-04,28.57,27.65,26.16,24.93,22.84
2010-07-05,28.48,27.61,26.13,24.58,22.29
2010-07-06,28.39,27.48,25.98,24.43,21.74
2010-07-07,28.47,27.33,25.54,24.27,21.66
2010-07-08,28.55,27.25,25.23,24.45,21.56
2010-07-09,28.92,27.19,25.2,24.72,21.71
2010-07-10,28.83,27.29,25.5,24.63,21.59
2010-07-11,28.87,27.55,25.77,24.8,21.47
2010-07-12,28.66,27.67,26.15,24.82,21.54
2010-07-13,28.67,27.6,26.2,24.39,21.74
2010-07-14,28.66,27.52,26.16,24.03,21.83
2010-07-15,28.54,27.36,26.07,23.91,21.87
2010-07-16,28.71,27.36,25.84,23.98,21.65
2010-07-17,28.45,27.45,25.61,23.49,21.56
2010-07-18,28.37,27.49,25.43,23.2,21.82
2010-07-19,28.37,27.38,25.35,23.41,21.31
2010-07-20,28.28,27.34,25.4,23.72,20.86
2010-07-21,28.11,27.32,25.48,23.69,20.53
2010-07-22,28.02,27.25,25.25,23.73,
2010-07-23,28.12,27.19,25.33,23.87,20.56
2010-07-24,28.37,27.12,25.31,23.58,20.53
2010-07-25,28.43,27.14,25.19,23.41,20.43
2010-07-26,28.5,27.13,25.2,23.25,20.59
2010-07-27,28.32,27.16,25.19,23.16,21.49
2010-07-28,28.21,27.07,25.21,23.11,22.1
2010-07-29,28.06,27.11,25.1,23.09,23.32
2010-07-30,28.01,27.11,24.85,22.92,24.49
2010-07-31,27.9,27.05,24.76,23.25,22.75
2010-08-01,27.96,26.88,24.89,24.22,21.56
2010-08-02,28.04,26.74,25.16,24.45,20.82
2010-08-03,28.19,26.62,25.26,24.51,21.06
2010-08-04,28.07,26.65,25.19,24.84,21.27
2010-08-05,27.77,26.77,25.26,25.13,21.27
2010-08-06,27.62,26.76,25.02,25.51,21.4
2010-08-07,27.6,26.76,24.83,25.83,21.29
2010-08-08,27.53,26.84,24.65,25.82,21.7
2010-08-09,27.45,26.92,24.52,25.67,21.34
2010-08-10,27.71,26.83,24.73,25.17,20.63
2010-08-11,27.85,26.86,25.47,24.71,20.55
2010-08-12,28.09,26.78,25.66,24.29,23.06
2010-08-13,28.0,26.54,25.54,24.08,23.25
2010-08-14,28.2,26.18,25.68,24.06,22.23
2010-08-15,28.2,26.06,25.68,24.12,21.47
2010-08-16,28.22,26.08,25.56,24.08,21.24
2010-08-17,28.05,26.15,24.97,24.0,21.06
2010-08-18,28.09,25.96,24.51,23.97,20.77
2010-08-19,28.12,25.88,24.33,23.82,20.65
2010-08-20,28.02,25.63,24.25,23.69,20.55
2010-08-21,27.95,25.44,24.28,23.52,20.6
2010-08-22,27.96,25.44,24.33,23.59,20.3
2010-08-23,28.07,25.61,24.13,23.48,19.96
2010-08-24,28.13,25.63,23.93,23.48,20.12
2010-08-25,28.01,25.77,23.76,23.45,20.07
2010-08-26,28.1,25.72,23.97,23.4,20.63
2010-08-27,28.21,25.57,24.34,23.1,19.88
2010-08-28,28.28,25.61,24.07,22.77,19.38
2010-08-29,28.23,25.72,24.0,23.12,19.39
2010-08-30,28.2,25.64,24.21,23.87,19.45
2010-08-31,28.23,25.95,24.38,24.52,19.54
2010-09-01,28.23,26.31,24.69,24.95,19.38
2010-09-02,28.14,26.51,24.92,25.01,19.35
2010-09-03,28.1,26.66,24.84,24.6,19.26
2010-09-04,28.05,26.46,24.84,24.34,19.16
2010-09-05,28.03,26.39,24.84,24.61,18.97
2010-09-06,27.95,26.32,25.05,24.85,19.19
2010-09-07,27.89,26.12,25.49,24.47,19.59
2010-09-08,27.86,25.86,25.38,23.62,19.99
2010-09-09,27.96,25.67,25.18,23.08,20.15
2010-09-10,27.85,25.95,25.07,22.85,19.84
2010-09-11,27.72,26.12,24.78,22.67,19.89
2010-09-12,27.77,26.12,24.51,22.67,19.69
2010-09-13,27.85,26.24,24.42,22.87,19.52
2010-09-14,27.96,26.63,24.37,23.11,19.9
2010-09-15,27.92,26.57,24.39,23.16,20.05
2010-09-16,27.89,26.48,24.45,23.35,19.69
2010-09-17,27.92,26.39,24.43,23.56,19.79
2010-09-18,27.96,26.44,24.47,23.68,19.88
2010-09-19,27.94,26.17,24.58,23.77,20.57
2010-09-20,28.0,25.97,24.47,23.75,20.51
2010-09-21,28.14,25.89,24.3,23.73,20.41
2010-09-22,28.28,25.89,24.11,23.51,22.05
2010-09-23,28.14,25.95,24.0,23.36,24.27
2010-09-24,28.02,26.06,24.16,23.39,24.46
2010-09-25,27.8,25.9,24.41,23.21,24.55
2010-09-26,27.93,25.87,24.42,23.19,24.38
2010-09-27,27.81,26.1,24.68,23.67,24.35
2010-09-28,27.83,26.1,25.37,23.82,23.25
2010-09-29,27.93,25.75,25.82,23.48,21.95
2010-09-30,28.05,25.27,25.66,23.34,21.13
2010-10-01,28.02,25.6,25.4,23.27,21.08
2010-10-02,27.98,25.78,24.97,23.15,20.8
2010-10-03,27.93,25.94,24.76,22.93,20.47
2010-10-04,27.97,26.07,24.68,22.8,20.42
2010-10-05,27.96,26.09,24.49,22.42,20.4
2010-10-06,27.9,26.14,24.37,22.32,20.24
2010-10-07,27.9,26.03,24.22,22.47,20.02
2010-10-08,27.84,25.89,24.17,22.45,19.87
2010-10-09,27.67,25.8,24.25,22.53,19.82
2010-10-10,27.63,25.75,24.32,22.85,19.63
2010-10-11,27.75,25.82,24.32,23.07,19.08
2010-10-12,27.77,25.95,24.53,23.23,18.71
2010-10-13,27.74,25.86,24.68,23.28,18.59
2010-10-14,27.76,25.82,24.68,23.44,18.86
2010-10-15,27.63,25.74,24.76,23.57,19.2
2010-10-16,27.65,25.49,24.88,23.55,19.33
2010-10-17,27.81,25.62,25.01,23.49,19.35
2010-10-18,27.88,25.43,25.15,23.38,19.5
2010-10-19,28.06,25.09,25.27,23.39,19.62
2010-10-20,28.03,25.23,25.15,23.44,19.75
2010-10-21,28.03,25.57,24.76,23.44,19.74
2010-10-22,28.14,25.62,24.57,23.4,19.85
2010-10-23,28.06,25.6,24.25,23.4,19.93
2010-10-24,27.9,25.67,24.27,23.27,19.89
2010-10-25,27.83,25.75,24.23,23.14,19.72
2010-10-26,27.84,26.28,24.47,23.11,19.6
2010-10-27,27.97,26.82,24.54,23.08,19.44
2010-10-28,27.92,26.89,24.3,23.18,20.27
2010-10-29,27.89,26.85,24.36,23.16,
2010-10-30,27.88,26.71,24.09,22.91,
2010-10-31,27.85,26.35,23.76,22.6,
2010-11-01,28.01,25.87,23.77,22.67,
2010-11-02,27.93,25.73,23.98,22.92,
2010-11-03,27.91,25.79,24.43,23.07,
2010-11-04,27.79,25.89,24.74,23.17,
2010-11-05,27.78,26.07,24.82,23.14,
2010-11-06,27.75,26.13,24.8,23.19,
2010-11-07,27.79,26.19,24.8,23.7,
2010-11-08,27.85,26.25,24.86,24.3,
2010-11-09,27.92,26.27,24.9,24.67,
2010-11-10,28.37,26.41,24.99,24.99,
2010-11-11,28.72,26.36,25.06,24.96,
2010-11-12,28.43,26.24,25.13,24.88,
2010-11-13,28.72,26.17,25.34,24.75,
2010-11-14,28.98,26.2,25.49,24.59,
2010-11-15,28.88,26.19,25.37,24.59,
2010-11-16,28.65,26.16,25.21,24.58,
2010-11-17,28.46,26.19,25.02,24.04,
2010-11-18,28.31,26.18,24.88,23.44,
2010-11-19,28.24,26.17,24.83,22.95,
2010-11-20,28.25,26.15,25.04,22.77,
2010-11-21,28.17,26.15,25.2,22.88,
2010-11-22,28.05,26.13,25.25,23.43,
2010-11-23,27.97,26.07,25.31,23.65,
2010-11-24,27.88,26.07,25.41,23.74,
2010-11-25,27.77,26.04,25.51,23.85,
2010-11-26,27.74,26.08,25.46,24.04,
2010-11-27,27.76,25.99,25.4,24.12,
2010-11-28,27.86,25.9,25.22,24.12,
2010-11-29,27.71,25.85,25.11,23.8,
2010-11-30,27.7,25.76,24.92,23.33,
2010-12-01,27.66,25.73,24.86,23.08,
2010-12-02,27.62,25.75,24.81,23.51,
2010-12-03,27.57,25.73,24.8,23.73,
2010-12-04,27.55,25.68,24.69,23.66,
2010-12-05,27.54,25.65,24.43,23.57,
2010-12-06,27.62,25.57,24.34,23.52,
2010-12-07,27.53,25.56,24.16,23.15,
2010-12-08,27.44,25.53,23.99,22.8,
2010-12-09,27.46,25.54,24.18,22.6,
2010-12-10,27.42,25.53,24.56,22.44,
2010-12-11,27.48,25.53,24.71,22.96,
2010-12-12,27.48,25.63,24.82,23.52,
2010-12-13,27.5,25.55,24.87,23.69,
2010-12-14,27.54,25.56,24.7,23.83,
2010-12-15,27.6,25.53,24.56,23.93,
2010-12-16,27.7,25.61,24.54,23.82,
2010-12-17,27.65,25.69,24.79,23.67,
2010-12-18,27.62,25.75,24.82,23.53,
2010-12-19,27.87,25.64,24.89,23.87,
2010-12-20,28.13,25.65,24.88,24.28,
2010-12-21,28.1,25.67,24.93,24.26,
2010-12-22,27.51,25.63,24.83,24.38,
2010-12-23,27.4,25.73,24.72,24.08,
2010-12-24,27.35,25.85,24.61,23.68,
2010-12-25,27.3,25.96,24.53,23.14,
2010-12-26,27.29,25.88,24.39,23.03,
2010-12-27,27.36,25.79,24.4,22.93,
2010-12-28,27.51,25.7,24.56,23.36,
2010-12-29,27.49,25.42,24.75,23.64,
2010-12-30,27.48,25.21,25.0,23.76,
2010-12-31,27.27,25.19,25.13,23.77,
2011-01-01,27.24,25.34,25.04,23.7,
2011-01-02,27.31,25.48,24.8,23.32,
2011-01-03,27.43,25.52,24.53,22.77,
2011-01-04,27.65,25.49,24.07,23.2,
2011-01-05,27.66,25.5,24.01,23.71,
2011-01-06,27.92,25.51,23.95,23.87,
2011-01-07,27.79,25.32,23.93,24.25,
2011-01-08,27.81,25.21,23.93,24.35,
2011-01-09,27.87,25.21,23.85,24.38,
2011-01-10,27.95,25.34,23.67,23.93,
2011-01-11,27.89,25.62,23.43,23.3,
2011-01-12,27.81,25.79,23.37,22.36,
2011-01-13,27.64,25.89,23.38,22.88,
2011-01-14,27.48,25.74,23.45,23.18,
2011-01-15,27.3,25.38,23.51,23.64,
2011-01-16,27.18,25.25,23.91,23.98,
2011-01-17,27.3,25.3,24.11,24.05,
2011-01-18,27.53,25.48,24.1,23.96,
2011-01-19,27.77,25.47,24.26,23.74,
2011-01-20,27.76,25.4,24.36,23.95,
2011-01-21,28.06,25.43,24.64,24.26,
2011-01-22,28.12,25.58,24.87,24.05,
2011-01-23,28.19,25.61,24.65,23.67,
2011-01-24,28.48,25.63,24.43,23.48,
2011-01-25,28.5,25.37,24.29,23.45,
2011-01-26,28.16,25.26,24.18,23.66,
2011-01-27,28.47,25.24,24.24,23.72,
2011-01-28,28.35,25.24,24.25,23.7,
2011-01-29,28.31,25.31,24.16,23.95,
2011-01-30,28.23,25.36,24.29,24.26,
2011-01-31,28.16,25.49,24.34,24.54,
2011-02-01,27.91,25.53,24.36,24.78,
2011-02-02,27.67,25.6,24.57,25.03,
2011-02-03,27.74,25.67,24.66,25.14,
2011-02-04,27.57,25.77,24.68,25.4,
2011-02-05,27.53,,24.61,25.6,
2011-02-06,27.56,25.81,24.57,25.98,
2011-02-07,27.51,25.81,24.7,25.93,
2011-02-08,27.47,25.81,24.69,25.29,
2011-02-09,27.49,25.87,24.78,24.54,
2011-02-10,27.45,25.88,24.95,24.43,
2011-02-11,27.89,25.91,24.87,24.41,
2011-02-12,28.04,25.95,24.95,24.39,
2011-02-13,27.9,26.02,24.98,24.26,
2011-02-14,28.0,25.94,25.14,24.1,
2011-02-15,27.78,25.93,25.14,23.97,
2011-02-16,28.39,25.95,25.14,24.03,
2011-02-17,28.55,25.95,25.17,23.95,
2011-02-18,28.19,25.97,25.19,23.88,
2011-02-19,28.11,25.93,25.23,23.99,
2011-02-20,28.31,25.91,25.16,23.9,
2011-02-21,28.01,25.94,25.1,23.98,
2011-02-22,28.0,26.02,25.11,24.27,
2011-02-23,27.94,26.02,25.2,24.57,
2011-02-24,27.94,26.07,25.17,24.34,
2011-02-25,27.94,26.22,25.09,24.33,
2011-02-26,27.96,26.21,25.04,24.53,
2011-02-27,27.96,26.25,25.0,24.67,
2011-02-28,27.91,26.25,24.97,24.79,
2011-03-01,,26.25,25.0,24.56,
2011-03-02,27.91,26.25,24.97,24.43,
2011-03-03,27.9,26.23,25.0,24.49,
2011-03-04,27.87,26.28,25.12,24.61,
2011-03-05,27.93,26.4,25.39,24.73,
2011-03-06,28.05,26.58,25.4,24.91,
2011-03-07,28.04,26.77,25.42,25.02,
2011-03-08,28.01,26.64,25.51,25.01,
2011-03-09,28.0,26.59,25.56,24.97,
2011-03-10,27.98,26.65,25.44,25.01,
2011-03-11,28.05,26.61,25.45,25.15,
2011-03-12,28.06,26.66,25.56,25.09,
2011-03-13,28.06,26.65,25.59,25.47,
2011-03-14,28.01,26.68,25.59,25.68,
2011-03-15,27.98,26.67,25.7,25.19,
2011-03-16,27.91,26.7,25.84,25.26,
2011-03-17,27.91,26.73,25.84,25.36,
2011-03-18,27.94,26.79,25.85,25.31,
2011-03-19,27.99,26.8,25.85,25.24,
2011-03-20,27.93,26.84,25.73,25.22,
2011-03-21,27.97,26.79,25.75,25.29,
2011-03-22,28.05,26.72,25.82,25.38,
2011-03-23,28.13,26.72,25.92,25.46,
2011-03-24,28.13,26.72,26.07,25.41,
2011-03-25,28.12,26.8,26.1,25.44,
2011-03-26,28.04,26.8,26.16,25.51,
2011-03-27,28.03,26.82,26.21,25.66,
2011-03-28,28.01,26.76,26.3,25.66,
2011-03-29,27.97,26.8,26.46,25.7,
2011-03-30,28.02,26.9,26.48,25.71,
2011-03-31,28.03,26.87,26.53,25.77,
2011-04-01,28.05,26.9,26.4,26.19,
2011-04-02,28.15,27.02,26.47,26.31,
2011-04-03,28.14,27.12,26.52,26.57,
2011-04-04,28.13,27.21,26.41,26.79,
2011-04-05,28.21,27.22,26.58,26.52,
2011-04-06,28.21,27.36,26.67,26.3,
2011-04-07,28.29,27.44,26.74,26.31,
2011-04-08,28.52,27.36,26.74,26.51,
2011-04-09,28.73,27.23,26.83,26.52,
2011-04-10,29.04,27.26,26.87,26.39,
2011-04-11,29.08,27.26,26.77,26.23,
2011-04-12,28.8,27.18,26.77,26.26,
2011-04-13,28.8,27.16,26.69,25.99,
2011-04-14,28.81,27.17,26.75,26.28,
2011-04-15,28.78,27.09,26.82,26.41,
2011-04-16,28.82,27.08,26.81,26.5,
2011-04-17,28.91,27.14,26.8,26.62,
2011-04-18,28.95,27.19,26.83,27.04,
2011-04-19,28.81,27.21,26.91,26.87,
2011-04-20,28.84,27.26,26.94,26.76,
2011-04-21,29.03,27.22,26.89,26.6,
2011-04-22,28.89,27.25,26.81,26.58,
2011-04-23,28.94,27.33,26.82,26.59,
2011-04-24,28.73,27.28,26.9,26.71,
2011-04-25,28.82,27.29,26.94,26.75,
2011-04-26,28.83,27.28,26.95,26.57,
2011-04-27,28.77,27.3,26.98,26.46,
2011-04-28,28.68,27.35,26.99,26.76,
2011-04-29,28.64,27.39,27.01,26.74,
2011-04-30,28.62,27.43,27.02,26.72,
2011-05-01,28.71,27.47,26.93,26.7,
2011-05-02,28.95,27.47,26.92,26.88,
2011-05-03,28.69,27.48,26.98,26.99,
2011-05-04,28.68,27.53,27.06,27.25,
2011-05-05,28.66,27.51,26.99,26.95,
2011-05-06,28.63,27.55,27.04,26.88,
2011-05-07,28.93,27.58,27.09,26.89,
2011-05-08,28.84,27.68,27.19,26.81,
2011-05-09,28.84,27.71,27.14,26.79,
2011-05-10,29.03,27.83,27.09,26.8,
2011-05-11,28.85,27.61,27.1,26.78,
2011-05-12,28.9,27.64,27.27,26.87,
2011-05-13,29.17,27.73,27.3,26.84,
2011-05-14,29.31,27.83,27.29,26.91,
2011-05-15,29.09,27.89,27.37,27.04,
2011-05-16,29.07,27.81,27.47,27.6,
2011-05-17,29.15,27.77,27.38,27.48,
2011-05-18,29.1,27.75,27.36,27.2,
2011-05-19,29.08,27.86,27.37,27.04,
2011-05-20,29.03,27.83,27.37,27.15,
2011-05-21,29.07,27.82,27.38,27.12,
2011-05-22,29.07,27.79,27.38,27.18,
2011-05-23,29.09,27.8,27.37,27.11,
2011-05-24,29.02,27.78,27.24,26.99,
2011-05-25,28.99,27.77,27.2,27.02,
2011-05-26,29.03,27.76,27.15,27.0,
2011-05-27,29.03,27.77,27.21,26.9,
2011-05-28,29.18,27.8,27.27,26.86,
2011-05-29,29.13,27.78,27.3,27.03,
2011-05-30,29.13,27.89,27.52,26.99,
2011-05-31,29.08,27.88,27.48,26.87,
2011-06-01,29.08,27.89,27.48,26.74,
2011-06-02,29.11,27.93,27.53,26.75,
2011-06-03,29.1,27.94,27.54,26.8,
2011-06-04,29.13,28.08,27.58,26.96,
2011-06-05,29.07,28.03,27.59,27.03,
2011-06-06,29.14,28.03,27.58,26.98,
2011-06-07,29.07,28.04,27.59,26.88,
2011-06-08,29.05,28.04,27.69,26.83,
2011-06-09,29.06,28.04,27.58,26.74,
2011-06-10,29.07,28.05,27.44,26.67,
2011-06-11,29.23,28.14,27.42,26.62,
2011-06-12,29.05,28.08,27.48,26.61,
2011-06-13,29.13,27.94,27.49,26.75,
2011-06-14,29.05,27.91,27.44,27.11,
2011-06-15,29.0,27.94,27.47,27.06,
2011-06-16,29.01,28.02,27.55,26.91,
2011-06-17,28.94,28.02,27.49,26.75,
2011-06-18,28.97,28.0,27.43,26.63,
2011-06-19,28.92,28.01,27.38,26.58,
2011-06-20,28.94,27.96,27.4,26.47,
2011-06-21,28.9,27.96,27.41,26.48,
2011-06-22,28.91,27.96,27.41,26.52,
2011-06-23,28.94,27.96,27.37,26.45,
2011-06-24,29.17,27.93,27.34,26.41,
2011-06-25,29.19,27.94,27.27,26.43,
2011-06-26,28.91,28.03,27.13,26.53,
2011-06-27,29.19,28.1,27.13,26.46,
2011-06-28,29.23,28.08,27.21,26.38,
2011-06-29,29.51,28.07,27.15,26.36,
2011-06-30,29.28,28.06,27.13,26.22,
2011-07-01,29.36,28.05,27.11,26.08,
2011-07-02,29.4,28.02,27.14,26.15,
2011-07-03,29.39,27.96,27.07,26.21,
2011-07-04,29.38,27.93,27.14,26.23,
2011-07-05,29.42,27.91,27.28,26.31,
2011-07-06,29.74,27.94,27.28,26.18,
2011-07-07,29.49,27.94,27.33,25.86,
2011-07-08,29.41,27.99,27.3,25.81,
2011-07-09,29.51,28.07,27.25,25.84,
2011-07-10,29.47,28.07,27.38,25.99,
2011-07-11,29.47,27.97,27.35,26.18,
2011-07-12,29.45,27.97,27.22,26.41,
2011-07-13,29.39,28.01,27.38,26.46,
2011-07-14,29.35,28.21,27.55,26.36,
2011-07-15,29.28,28.2,27.49,26.09,
2011-07-16,29.37,28.17,27.31,25.8,
2011-07-17,29.29,28.1,27.08,25.76,
2011-07-18,29.24,28.02,27.09,25.71,
2011-07-19,29.16,27.97,27.1,25.91,
2011-07-20,29.04,27.93,27.11,25.95,
2011-07-21,28.78,27.91,27.11,25.84,
2011-07-22,28.75,27.83,27.11,25.65,
2011-07-23,29.17,27.79,27.03,25.44,
2011-07-24,29.24,27.74,26.92,25.34,
2011-07-25,29.18,27.64,26.84,25.32,
2011-07-26,29.11,27.67,26.77,25.31,
2011-07-27,29.36,27.79,26.72,25.48,
2011-07-28,29.33,27.78,26.68,25.61,
2011-07-29,29.49,27.81,26.54,26.05,
2011-07-30,29.46,27.73,26.42,26.53,
2011-07-31,29.61,27.64,26.31,26.59,
2011-08-01,29.66,27.6,26.2,26.26,
2011-08-02,29.69,27.53,26.18,25.55,
2011-08-03,29.45,27.49,26.1,25.18,22.38
2011-08-04,29.8,27.57,26.12,24.9,21.72
2011-08-05,29.67,27.65,26.08,24.76,21.66
2011-08-06,29.66,27.65,26.13,24.78,21.71
2011-08-07,29.77,27.6,26.11,24.7,21.52
2011-08-08,29.84,27.58,26.16,24.68,22.03
2011-08-09,29.77,27.64,26.11,24.69,22.27
2011-08-10,29.76,27.61,26.03,24.69,22.18
2011-08-11,29.82,27.58,26.14,24.69,22.36
2011-08-12,29.78,27.64,26.09,24.65,22.69
2011-08-13,29.8,27.68,25.99,24.57,23.13
2011-08-14,29.89,27.68,25.86,24.56,23.01
2011-08-15,29.89,27.67,25.86,24.33,22.92
2011-08-16,29.8,27.67,25.97,23.9,22.65
2011-08-17,29.79,27.66,26.12,23.52,21.72
2011-08-18,29.84,27.68,26.24,23.06,21.44
2011-08-19,30.02,27.72,26.33,22.92,21.65
2011-08-20,29.89,27.7,26.41,23.18,21.66
2011-08-21,29.89,27.67,26.5,23.19,21.7
2011-08-22,29.8,27.68,26.62,23.12,21.43
2011-08-23,29.73,27.75,26.6,23.27,21.46
2011-08-24,29.66,27.8,26.46,23.3,21.76
2011-08-25,29.63,27.83,26.38,23.36,21.66
2011-08-26,29.55,27.76,26.2,23.53,21.52
2011-08-27,29.51,27.71,26.23,24.86,21.27
2011-08-28,29.57,27.71,26.63,24.92,21.11
2011-08-29,29.56,27.74,26.66,23.7,21.33
2011-08-30,29.54,27.76,26.57,23.27,21.72
2011-08-31,29.53,27.71,26.57,23.07,21.86
2011-09-01,29.46,27.69,26.64,,21.59
2011-09-02,29.42,27.68,26.69,23.89,21.09
2011-09-03,29.26,27.73,26.61,24.03,20.63
2011-09-04,29.27,27.77,26.41,24.43,20.76
2011-09-05,29.19,27.73,26.43,24.53,20.89
2011-09-06,29.27,27.71,26.55,24.88,20.84
2011-09-07,29.38,27.7,26.6,25.15,20.58
2011-09-08,29.41,27.66,26.71,25.31,20.47
2011-09-09,29.26,27.66,26.78,25.54,20.45
2011-09-10,29.24,27.61,26.63,25.52,20.42
2011-09-11,29.07,27.49,26.54,25.38,20.68
2011-09-12,29.2,27.54,26.36,24.67,20.83
2011-09-13,29.08,27.52,26.12,24.6,21.03
2011-09-14,29.43,27.53,26.09,25.0,21.65
2011-09-15,29.18,27.58,26.11,25.43,21.33
2011-09-16,29.1,27.46,26.12,25.48,21.4
2011-09-17,29.03,27.35,25.97,25.23,21.68
2011-09-18,28.95,27.37,25.71,24.82,21.91
2011-09-19,28.93,27.39,25.55,24.06,21.74
2011-09-20,29.05,27.16,25.53,23.6,21.5
2011-09-21,28.92,26.86,25.47,23.86,21.27
2011-09-22,28.71,26.71,25.49,24.73,20.61
2011-09-23,28.7,26.71,25.43,25.14,20.89
2011-09-24,28.56,26.6,25.39,25.26,21.09
2011-09-25,28.47,26.59,25.38,25.37,21.49
2011-09-26,28.39,26.64,25.36,25.29,21.66
2011-09-27,28.23,26.85,25.27,25.28,22.5
2011-09-28,28.26,26.84,25.8,25.07,22.66
2011-09-29,28.31,26.87,25.99,24.51,22.23
2011-09-30,28.36,26.8,26.31,24.32,22.65
2011-10-01,28.17,26.8,26.21,24.23,22.91
2011-10-02,28.14,26.71,26.05,24.12,22.22
2011-10-03,28.16,26.64,25.95,23.73,21.94
2011-10-04,28.33,26.54,25.8,23.76,21.8
2011-10-05,28.36,26.44,25.71,23.94,21.57
2011-10-06,28.38,26.53,25.6,24.51,21.23
2011-10-07,28.3,26.57,25.74,24.77,20.87
2011-10-08,28.34,26.76,25.82,24.84,21.01
2011-10-09,28.36,26.71,25.89,24.84,21.26
2011-10-10,28.52,26.66,25.84,24.51,21.0
2011-10-11,28.64,26.84,25.81,24.12,20.83
2011-10-12,28.59,26.98,25.7,23.75,20.77
2011-10-13,28.55,26.86,25.57,23.66,20.93
2011-10-14,28.79,26.86,25.34,24.24,20.69
2011-10-15,28.76,27.0,25.28,25.46,20.67
2011-10-16,28.81,27.24,25.61,25.84,20.72
2011-10-17,29.18,27.25,25.73,25.38,20.83
2011-10-18,29.2,27.26,25.72,24.43,21.3
2011-10-19,29.54,27.17,25.15,24.4,21.25
2011-10-20,29.29,27.02,24.78,24.3,20.8
2011-10-21,29.23,27.03,24.8,23.59,20.28
2011-10-22,29.0,26.93,24.93,23.47,20.24
2011-10-23,28.78,26.89,24.88,23.54,20.78
2011-10-24,28.87,26.98,24.91,23.67,20.92
2011-10-25,29.11,27.12,24.91,23.81,20.43
2011-10-26,28.94,27.16,25.29,23.96,20.17
2011-10-27,28.91,26.99,25.57,23.83,20.61
2011-10-28,28.7,27.05,25.48,23.6,20.85
2011-10-29,28.8,26.98,25.37,23.74,20.83
2011-10-30,28.69,26.96,25.33,23.94,20.17
2011-10-31,28.61,27.04,25.52,24.13,19.59
2011-11-01,28.52,27.01,25.61,24.39,19.52
2011-11-02,28.52,27.1,25.53,24.51,19.29
2011-11-03,28.42,27.24,25.44,24.24,19.61
2011-11-04,28.48,27.31,25.44,23.96,19.86
2011-11-05,28.49,27.27,25.42,23.69,19.95
2011-11-06,28.75,27.32,25.36,23.6,20.07
2011-11-07,28.88,27.29,25.29,23.65,20.09
2011-11-08,28.97,27.26,25.28,23.66,19.74
2011-11-09,28.72,27.26,25.25,23.76,19.76
2011-11-10,28.77,27.25,25.31,23.77,20.12
2011-11-11,29.17,27.14,25.4,23.84,20.74
2011-11-12,,27.01,25.39,23.88,20.78
2011-11-13,,26.9,25.48,23.89,20.9
2011-11-14,29.18,26.84,25.64,23.9,20.64
2011-11-15,29.49,26.92,25.87,23.77,20.29
2011-11-16,29.35,27.08,25.85,23.63,20.34
2011-11-17,29.41,27.26,25.69,23.8,20.56
2011-11-18,29.19,27.26,25.43,23.84,20.27
2011-11-19,29.25,27.15,25.2,24.59,19.79
2011-11-20,29.34,27.15,25.08,24.98,20.55
2011-11-21,,27.19,25.25,24.31,20.69
2011-11-22,29.01,27.2,25.42,24.17,20.36
2011-11-23,28.88,27.17,25.57,24.46,20.19
2011-11-24,,27.17,25.37,24.45,20.56
2011-11-25,,27.1,25.38,24.24,20.18
2011-11-26,,27.06,25.44,24.14,19.69
2011-11-27,,26.97,25.33,24.15,20.37
2011-11-28,,26.94,25.14,24.23,20.67
2011-11-29,,26.97,25.28,24.23,20.46
2011-11-30,,26.98,25.28,24.31,20.23
2011-12-01,,26.96,25.27,24.3,20.95
2011-12-02,,26.94,25.29,24.26,20.87
2011-12-03,,26.92,25.21,24.19,20.97
2011-12-04,,26.85,25.21,24.29,20.83
2011-12-05,,26.79,25.29,24.38,20.96
2011-12-06,,26.69,25.4,24.37,21.26
2011-12-07,,26.58,25.46,24.42,21.59
2011-12-08,,26.34,25.51,24.57,21.62
2011-12-09,,26.15,25.67,24.52,21.81
2011-12-10,,26.14,25.46,24.37,21.94
2011-12-11,,26.24,25.3,24.23,22.0
2011-12-12,,26.14,25.3,24.23,22.34
2011-12-13,,26.16,25.36,24.26,22.66
2011-12-14,,26.27,25.4,24.3,22.5
2011-12-15,,26.28,25.39,24.42,22.03
2011-12-16,,26.22,25.32,24.57,22.25
2011-12-17,,26.2,25.28,24.66,23.07
2011-12-18,,26.21,25.21,24.68,23.14
2011-12-19,,26.33,25.26,24.66,22.9
2011-12-20,,26.2,25.27,24.54,22.6
2011-12-21,,26.09,25.22,24.32,22.35
2011-12-22,,25.95,25.06,24.19,22.18
2011-12-23,,25.8,24.89,24.4,21.88
2011-12-24,,25.59,24.72,24.75,21.87
2011-12-25,,25.5,24.79,25.14,21.67
2011-12-26,,25.5,25.04,25.68,21.79
2011-12-27,,25.63,25.32,25.7,21.54
2011-12-28,,25.71,25.45,25.31,21.82
2011-12-29,,25.72,25.32,24.79,22.01
2011-12-30,,25.72,25.19,24.23,22.14
2011-12-31,,26.09,25.32,24.02,22.3
2012-01-01,,26.25,25.49,24.13,22.68
2012-01-02,,26.35,25.29,24.53,22.89
2012-01-03,,26.32,25.13,24.64,23.02
2012-01-04,,26.23,25.03,24.77,23.16
2012-01-05,,26.1,25.0,24.92,22.7
2012-01-06,,25.93,24.94,24.98,23.24
2012-01-07,,25.84,25.11,24.92,23.63
2012-01-08,,25.8,25.09,24.75,23.92
2012-01-09,,25.73,25.0,24.66,23.98
2012-01-10,,25.75,24.88,24.63,23.73
2012-01-11,,25.94,24.73,24.5,23.39
2012-01-12,,26.24,24.56,24.36,23.62
2012-01-13,,26.43,24.36,24.0,23.37
2012-01-14,,26.56,24.28,23.87,23.32
2012-01-15,,26.77,24.16,23.61,22.75
2012-01-16,,26.61,24.01,23.59,22.76
2012-01-17,,26.22,23.99,23.86,23.03
2012-01-18,,26.12,23.84,24.19,23.29
2012-01-19,,26.03,23.81,24.32,23.49
2012-01-20,,25.92,23.8,24.65,23.59
2012-01-21,,25.9,24.05,24.85,23.89
2012-01-22,,25.85,24.11,24.8,23.93
2012-01-23,,25.87,24.14,24.57,24.11
2012-01-24,,25.86,24.21,23.86,24.05
2012-01-25,,25.87,24.27,23.54,24.32
2012-01-26,,25.8,24.27,23.75,24.13
2012-01-27,,25.71,24.33,24.07,23.98
2012-01-28,,25.71,24.16,24.16,23.75
2012-01-29,,25.73,24.51,24.3,24.27
2012-01-30,,25.72,24.74,24.23,24.04
2012-01-31,,25.69,24.77,24.21,23.98
2012-02-01,,25.73,24.92,24.25,23.85
2012-02-02,,25.72,25.11,23.99,23.49
2012-02-03,,25.83,24.99,23.77,23.53
2012-02-04,,25.85,24.85,23.55,23.7
2012-02-05,,25.92,24.82,23.54,23.78
2012-02-06,,25.92,24.75,23.48,24.44
2012-02-07,,25.91,24.73,23.45,26.0
2012-02-08,,25.91,24.87,23.81,26.15
2012-02-09,,25.83,24.9,24.24,26.59
2012-02-10,,25.88,25.17,24.34,
2012-02-11,,25.87,25.41,24.65,
2012-02-12,,25.95,25.58,24.82,27.03
2012-02-13,,26.04,25.59,24.51,26.99
2012-02-14,,26.03,25.64,24.6,26.91
2012-02-15,,26.04,25.58,24.79,26.82
2012-02-16,,26.08,25.52,24.84,26.74
2012-02-17,,26.1,25.56,24.85,26.82
2012-02-18,,26.27,25.56,25.04,27.01
2012-02-19,,26.24,25.59,24.97,27.16
2012-02-20,,26.3,25.66,24.88,27.46
2012-02-21,,26.24,25.65,25.13,27.3
2012-02-22,,26.32,25.71,25.43,27.17
2012-02-23,,26.32,25.83,25.23,27.45
2012-02-24,,26.3,25.82,25.07,27.43
2012-02-25,,26.4,25.8,25.03,27.43
2012-02-26,,26.4,25.81,25.22,27.64
2012-02-27,,26.45,25.9,25.27,28.13
2012-02-28,,26.45,25.96,25.4,28.01
2012-02-29,,26.5,26.06,25.43,27.98
2012-03-01,,26.44,26.09,25.26,27.95
2012-03-02,,26.52,26.08,25.2,28.02
2012-03-03,,26.48,25.96,25.43,27.86
2012-03-04,,26.45,25.91,25.47,27.93
2012-03-05,,26.44,25.8,25.49,27.8
2012-03-06,,26.46,25.82,25.19,27.4
2012-03-07,,26.53,25.94,25.16,27.01
2012-03-08,,26.66,26.09,25.29,26.8
2012-03-09,,26.68,26.08,25.37,26.52
2012-03-10,,26.68,26.0,25.37,26.4
2012-03-11,,26.78,26.05,25.33,26.4
2012-03-12,,26.75,25.9,25.49,26.25
2012-03-13,,26.87,25.95,25.55,26.25
2012-03-14,,27.1,26.06,25.69,26.31
2012-03-15,,27.15,26.07,25.65,26.37
2012-03-16,,27.08,25.99,25.6,26.4
2012-03-17,,26.96,25.91,25.48,26.84
2012-03-18,,26.9,25.94,25.55,26.82
2012-03-19,,26.87,25.95,25.46,27.47
2012-03-20,,26.76,26.01,25.32,26.76
2012-03-21,,26.72,26.03,25.34,27.02
2012-03-22,,26.7,26.16,25.59,27.46
2012-03-23,,26.78,26.27,26.01,27.71
2012-03-24,,26.55,26.26,26.13,27.84
2012-03-25,,26.51,26.3,26.08,27.69
2012-03-26,,26.46,26.33,25.86,27.52
2012-03-27,,26.47,26.3,25.92,27.23
2012-03-28,,26.49,26.22,25.94,27.18
2012-03-29,,26.5,26.26,26.04,27.42
2012-03-30,,26.63,26.24,26.09,27.24
2012-03-31,,26.81,26.2,25.98,26.12
2012-04-01,,26.82,26.25,25.89,26.56
2012-04-02,,26.9,26.22,26.03,25.93
2012-04-03,,27.01,26.21,26.24,26.61
2012-04-04,,27.03,26.39,26.31,27.06
2012-04-05,,27.11,26.44,26.48,27.09
2012-04-06,,27.46,26.44,26.38,27.72
2012-04-07,,27.82,26.56,26.31,28.2
2012-04-08,,27.41,26.55,26.38,27.58
2012-04-09,,,26.86,26.45,27.85
2012-04-10,,,27.22,26.44,27.95
2012-04-11,,27.45,27.01,26.27,27.85
2012-04-12,,,26.97,26.14,28.5
2012-04-13,,,27.01,26.29,27.74
2012-04-14,,,27.02,26.3,26.66
2012-04-15,,,26.85,26.59,26.54
2012-04-16,,,26.86,26.74,26.67
2012-04-17,,,26.97,26.59,26.9
2012-04-18,,,27.02,26.66,26.71
2012-04-19,,,26.98,26.66,26.63
2012-04-20,,,27.03,26.65,26.32
2012-04-21,,,26.98,26.72,26.4
2012-04-22,,,26.86,26.7,26.03
2012-04-23,,,26.88,26.73,25.66
2012-04-24,,,26.92,26.9,25.58
2012-04-25,,,26.86,27.13,25.62
2012-04-26,,,26.94,27.21,25.95
2012-04-27,,,26.8,27.05,26.42
2012-04-28,,,26.72,27.04,25.63
2012-04-29,,,26.75,27.16,25.51
2012-04-30,,,26.88,27.14,25.36
2012-05-01,,,27.11,27.12,25.15
2012-05-02,,,27.17,27.14,
2012-05-03,,,27.18,27.06,
2012-05-04,,,27.19,27.11,
2012-05-05,,,27.12,27.05,
2012-05-06,,,27.11,27.14,
2012-05-07,,,27.09,27.12,
2012-05-08,,,27.07,27.07,
2012-05-09,,,27.33,27.07,
2012-05-10,,,27.37,27.02,
2012-05-11,,,27.31,27.09,
2012-05-12,,,27.33,27.08,
2012-05-13,,,27.37,27.08,
2012-05-14,,,27.39,27.12,
2012-05-15,,,27.39,27.11,
2012-05-16,,,27.39,27.14,
2012-05-17,,27.72,27.37,27.26,
2012-05-18,,27.75,27.42,27.23,
2012-05-19,,27.80487,27.42,27.17,
2012-05-20,,27.77988,27.44,27.19,
2012-05-21,,27.948427,27.51,27.22,
2012-05-22,,28.075056,27.58,27.16,
2012-05-23,,28.116161,27.61,27.08,
2012-05-24,,28.08524,27.58,27.07,
2012-05-25,,28.00018,27.6,27.06,
2012-05-26,,27.97335,27.57,27.13,
2012-05-27,,28.054857,27.48,27.22,
2012-05-28,,28.067791,27.39,27.38,
2012-05-29,,28.121367,27.44,27.55,
2012-05-30,,28.088732,27.46,27.69,
2012-05-31,,28.067337,27.46,27.68,
2012-06-01,,28.093758,27.48,27.47,
2012-06-02,,28.1176,27.42,27.42,
2012-06-03,,28.107084,27.37,27.38,
2012-06-04,,28.103935,27.38,27.16,
2012-06-05,,28.0875,27.41,27.05,
2012-06-06,,28.075928,27.4,27.13,
2012-06-07,,28.032816,27.44,27.08,
2012-06-08,,27.956413,27.51,27.11,
2012-06-09,,27.909561,27.59,27.08,
2012-06-10,,28.017086,27.75,27.08,
2012-06-11,,28.073416,28.09,27.09,
2012-06-12,,27.919666,27.912754,27.15,
2012-06-13,,27.81825,27.90819,27.12,
2012-06-14,,27.762997,27.799772,27.17,
2012-06-15,,27.728313,27.746847,27.33,
2012-06-16,,27.82546,27.726759,27.38,
2012-06-17,,27.810041,,27.99,
2012-06-18,,28.001846,,27.38,
2012-06-19,,28.164356,,27.28,
2012-06-20,,28.354828,,27.47,
2012-06-21,,28.62108,,27.47,
2012-06-22,,28.6672,,27.7,
2012-06-23,,28.435549,,27.89,
2012-06-24,,28.25684,,28.06,
2012-06-25,,28.235918,,27.79,
2012-06-26,,28.302612,,27.73,
2012-06-27,,28.284021,,27.64,
2012-06-28,,28.261929,,27.57,
2012-06-29,,28.312098,,27.55,
2012-06-30,,28.246017,,27.57,
2012-07-01,,28.177206,,27.45,
2012-07-02,,28.118399,,27.38,
2012-07-03,,28.087687,,27.29,
2012-07-04,,28.074759,,27.22,
2012-07-05,,28.151274,,27.09,
2012-07-06,,28.1474,,26.95,
2012-07-07,,28.179087,,26.77,
2012-07-08,,28.300291,,26.75,
2012-07-09,,28.164999,,26.77,
2012-07-10,,28.36528,,26.74,
2012-07-11,,28.274082,,26.6,
2012-07-12,,28.273006,,26.65,
2012-07-13,,28.351616,,26.72,
2012-07-14,,28.412537,,26.75,
2012-07-15,,28.39293,,26.79,
2012-07-16,,28.343433,,27.02,
2012-07-17,,28.266762,,27.04,
2012-07-18,,28.258326,,26.84,
2012-07-19,,28.390451,,26.76,
2012-07-20,,28.322853,,26.8,
2012-07-21,,28.274487,,26.93,
2012-07-22,,28.203453,,26.89,
2012-07-23,,28.266521,,26.83,
2012-07-24,,28.323133,,26.78,
2012-07-25,,28.407017,,26.73,
2012-07-26,,28.386248,,26.76,
2012-07-27,,28.313835,,26.72,
2012-07-28,,28.337223,,26.66,
2012-07-29,,28.348879,,26.62,
2012-07-30,,28.307085,,26.6,
2012-07-31,,28.352795,,26.56,
2012-08-01,,28.429764,,26.5,
2012-08-02,,28.49,,26.55,
2012-08-03,,28.465746,,26.6,
2012-08-04,,28.523087,,26.6,
2012-08-05,,28.455486,,26.61,
2012-08-06,,28.584322,,26.63,
2012-08-07,,28.803852,,26.68,
2012-08-08,,28.825485,,26.63,
2012-08-09,,28.679722,,26.57,
2012-08-10,,28.609724,,27.15,
2012-08-11,,28.535336,,27.69,
2012-08-12,,28.482498,,27.88,
2012-08-13,,28.459797,,27.78,
2012-08-14,,28.500921,,27.45,
2012-08-15,,28.651499,,27.44,
2012-08-16,,28.884188,,27.49,
2012-08-17,,28.748825,,27.25,
2012-08-18,,28.678642,,27.19,
2012-08-19,,28.595407,,27.09,
2012-08-20,,28.654966,,26.95,
2012-08-21,,28.561047,,26.83,
2012-08-22,,28.602173,,26.69,
2012-08-23,,28.576485,,26.59,
2012-08-24,,28.552347,,26.46,
2012-08-25,,28.59659,,26.49,
2012-08-26,,28.599276,,26.66,
2012-08-27,,28.62295,,26.72,
2012-08-28,,28.595604,,26.85,
2012-08-29,,28.593801,,26.83,
2012-08-30,,28.533978,,26.78,
2012-08-31,,28.487333,,26.72,
2012-09-01,,28.438631,,26.66,
2012-09-02,,28.34949,,26.58,
2012-09-03,,28.326231,,26.48,
2012-09-04,,28.307625,,26.45,
2012-09-05,,28.220427,,26.56,
2012-09-06,,28.23624,,26.65,
2012-09-07,,28.288204,,26.63,
2012-09-08,,28.472826,,26.62,
2012-09-09,,28.501976,,26.2,
2012-09-10,,28.410751,,25.94,
2012-09-11,,28.389856,,25.89,
2012-09-12,,28.345207,,25.97,
2012-09-13,,28.329548,,26.12,
2012-09-14,,28.240702,,26.37,
2012-09-15,,28.28596,,26.53,
2012-09-16,,28.314993,,26.49,
2012-09-17,,28.262411,,26.41,
2012-09-18,,28.25311,,26.41,
2012-09-19,,28.286158,,26.38,
2012-09-20,,28.28118,,26.44,
2012-09-21,,28.137274,,26.4,
2012-09-22,,28.022236,,26.14,
2012-09-23,,28.060959,,25.94,
2012-09-24,,28.161255,,25.79,
2012-09-25,,28.273077,,25.67,
2012-09-26,,28.211567,,25.45,
2012-09-27,,28.179846,,25.45,
2012-09-28,,28.130617,,25.41,
2012-09-29,,28.17165,,25.39,
2012-09-30,,28.311666,,25.44,
2012-10-01,,28.327965,,25.41,
2012-10-02,,28.312315,,25.17,
2012-10-03,,28.340353,,24.84,
2012-10-04,,28.329102,,25.39,
2012-10-05,,28.310936,,26.01,
2012-10-06,,28.35931,,26.0,
2012-10-07,,28.447466,,25.86,
2012-10-08,,28.456495,,25.81,
2012-10-09,,28.401566,,25.16,
2012-10-10,,28.437075,,24.75,
2012-10-11,,28.54138,,24.81,
2012-10-12,,28.777168,,24.94,
2012-10-13,,28.685284,,25.29,
2012-10-14,,28.624878,,25.43,
2012-10-15,,28.483057,,25.49,
2012-10-16,,28.54278,,25.62,
2012-10-17,,28.553694,,25.78,
2012-10-18,,28.693615,,25.78,
2012-10-19,,28.788708,,25.82,
2012-10-20,,28.789629,,25.9,
2012-10-21,,28.83453,,25.89,
2012-10-22,,28.794935,,25.88,
2012-10-23,,28.701874,,25.71,
2012-10-24,,28.648256,,25.3,
2012-10-25,,28.597586,,25.33,
2012-10-26,,28.661694,,25.58,
2012-10-27,,28.651152,,25.99,
2012-10-28,,28.668203,,25.99,
2012-10-29,,28.820004,,25.78,
2012-10-30,,29.030548,,25.81,
2012-10-31,,28.77428,,25.83,
2012-11-01,,28.691612,,25.78,
2012-11-02,,28.751337,,25.61,
2012-11-03,,28.41624,,25.7,
2012-11-04,,28.281664,,25.74,
2012-11-05,,28.291538,,25.61,
2012-11-06,,28.264782,,25.54,
2012-11-07,,28.263674,,25.44,
2012-11-08,,28.418837,,25.34,
2012-11-09,,28.482983,,25.44,
2012-11-10,,28.591333,,25.46,
2012-11-11,,28.555471,,25.44,
2012-11-12,,28.538364,,25.6,
2012-11-13,,28.232405,,25.76,
2012-11-14,,27.937666,,25.83,
2012-11-15,,27.85878,,25.82,
2012-11-16,,27.86633,,25.71,
2012-11-17,,27.807281,,25.64,
2012-11-18,,27.825329,,26.09,
2012-11-19,,27.750591,,26.31,
2012-11-20,,27.752022,,26.09,
2012-11-21,,27.811726,,25.89,
2012-11-22,,27.743435,,25.78,
2012-11-23,,27.642769,,25.66,
2012-11-24,,27.697868,,25.59,
2012-11-25,,27.854897,,25.53,
2012-11-26,,27.974697,,25.56,
2012-11-27,,28.18815,,25.53,
2012-11-28,,28.168425,,25.52,
2012-11-29,,28.007746,,25.5,
2012-11-30,,27.94662,,25.56,
2012-12-01,,28.004375,,25.6,
2012-12-02,,27.911219,,25.58,
2012-12-03,,27.833689,,25.59,
2012-12-04,,27.738668,,25.47,
2012-12-05,,27.769798,,25.53,
2012-12-06,,27.707205,,25.7,
2012-12-07,,27.73599,,25.68,
2012-12-08,,27.912315,,25.73,
2012-12-09,,27.897032,,25.91,
2012-12-10,,28.237597,,25.72,
2012-12-11,,28.184566,,25.14,
2012-12-12,,28.254005,,24.95,
2012-12-13,,28.32739,,24.99,
2012-12-14,,28.084728,,25.09,
2012-12-15,,27.772758,,25.27,
2012-12-16,,27.684458,,25.38,
2012-12-17,,27.672447,,25.28,
2012-12-18,,27.587215,,25.07,
2012-12-19,,27.580029,,24.83,
2012-12-20,,27.684748,,24.97,
2012-12-21,,27.501446,,25.3,
2012-12-22,,27.45712,,25.44,
2012-12-23,,27.475084,,25.49,
2012-12-24,,27.34849,,25.72,
2012-12-25,,27.3193,,25.94,
2012-12-26,,27.443201,,25.71,
2012-12-27,,27.557459,,25.08,
2012-12-28,,27.731377,,24.5,
2012-12-29,,27.930513,,24.33,
2012-12-30,,28.004803,,24.58,
2012-12-31,,28.073593,,24.76,
2013-01-01,,27.737337,,24.95,
2013-01-02,,27.482885,,25.02,
2013-01-03,,27.4825,,25.09,
2013-01-04,,27.182056,,24.96,
2013-01-05,,27.247002,,24.7,
2013-01-06,,27.368177,,24.5,
2013-01-07,,27.327497,,24.48,
2013-01-08,,27.308403,,24.48,
2013-01-09,,27.337467,,24.67,
2013-01-10,,27.420872,,24.82,
2013-01-11,,27.40669,,24.75,
2013-01-12,,27.382227,,24.64,
2013-01-13,,27.257929,,24.57,
2013-01-14,,27.112055,,24.43,
2013-01-15,,26.952215,,24.45,
2013-01-16,,27.019434,,24.2,
2013-01-17,,27.173615,,23.88,
2013-01-18,,27.226173,,23.89,
2013-01-19,,27.233885,,24.11,
2013-01-20,,27.406717,,24.13,
2013-01-21,,27.361824,,24.57,
2013-01-22,,27.209019,,25.36,
2013-01-23,,27.136587,,25.96,
2013-01-24,,27.406168,,25.99,
2013-01-25,,27.71169,,25.56,
2013-01-26,,27.842161,,25.46,
2013-01-27,,27.771143,,25.45,
2013-01-28,,27.34973,,25.35,
2013-01-29,,27.180782,,24.97,
2013-01-30,,27.081072,,24.53,
2013-01-31,,26.982761,,24.6,
2013-02-01,,27.021734,,24.6,
2013-02-02,,27.201775,,24.53,
2013-02-03,,27.363476,,24.73,
2013-02-04,,27.208971,,25.21,
2013-02-05,,27.239697,,25.45,
2013-02-06,,27.18449,,25.44,
2013-02-07,,27.29187,,24.93,
2013-02-08,,27.136208,,24.67,
2013-02-09,,27.176098,,24.73,
2013-02-10,,27.202747,,24.98,
2013-02-11,,27.117706,,24.64,
2013-02-12,,26.940004,,24.59,
2013-02-13,,26.936964,,24.58,
2013-02-14,,26.941387,,24.58,
2013-02-15,,26.841454,,24.66,
2013-02-16,,26.581478,,24.7,
2013-02-17,,26.701195,,24.83,
2013-02-18,,26.780787,,24.88,
2013-02-19,,26.795395,,24.91,
2013-02-20,,26.678736,,25.13,
2013-02-21,,26.50633,,25.09,
2013-02-22,,26.47327,,25.32,
2013-02-23,,26.638094,,25.45,
2013-02-24,,26.601093,,25.43,
2013-02-25,,26.50589,,25.73,
2013-02-26,,26.4641,,25.88,
2013-02-27,,26.419643,,26.15,
2013-02-28,,26.450415,,26.39,
2013-03-01,,26.493,,26.59,
2013-03-02,,26.492285,,26.57,
2013-03-03,,26.583866,,26.65,
2013-03-04,,26.874691,,26.48,
2013-03-05,,27.261538,,26.34,
2013-03-06,,27.376724,,26.13,
2013-03-07,,27.294127,,25.97,
2013-03-08,,27.26105,,26.05,
2013-03-09,,27.170706,,26.17,
2013-03-10,,27.016775,,25.79,
2013-03-11,,26.892818,,25.9,
2013-03-12,,26.93393,,26.29,
2013-03-13,,26.90411,,26.46,
2013-03-14,,26.796217,,26.5,
2013-03-15,,26.730518,,26.56,
2013-03-16,,26.902212,,26.7,
2013-03-17,,27.000101,,27.14,
2013-03-18,,26.978569,,27.61,
2013-03-19,,26.996124,,27.42,
2013-03-20,,26.881453,,27.28,
2013-03-21,,26.888186,,27.0,
2013-03-22,,27.0334,,26.81,
2013-03-23,,26.861835,,26.74,
2013-03-24,,27.019106,,26.69,
2013-03-25,,27.019957,,26.79,
2013-03-26,,27.023272,,26.85,
2013-03-27,,27.159508,,26.82,
2013-03-28,,27.027855,,26.91,
2013-03-29,,27.108887,,26.81,27.02
2013-03-30,,27.140501,,26.87,26.75
2013-03-31,,27.235039,,26.92,26.69
2013-04-01,,27.43541,,26.87,26.73
2013-04-02,,27.550632,,26.85,26.56
2013-04-03,,27.392239,,26.72,26.64
2013-04-04,,27.505093,,26.58,26.71
2013-04-05,,27.42431,,26.47,26.58
2013-04-06,,27.423231,,26.39,26.31
2013-04-07,,27.370022,,26.32,25.99
2013-04-08,,27.420177,,26.4,25.94
2013-04-09,,27.463984,,26.47,25.98
2013-04-10,,27.522076,,26.46,25.95
2013-04-11,,27.435545,,26.51,26.18
2013-04-12,,27.381231,,26.53,26.72
2013-04-13,,27.397102,,26.59,26.88
2013-04-14,,27.338655,,26.62,26.55
2013-04-15,,27.35218,,26.63,26.38
2013-04-16,,27.380228,,26.68,25.9
2013-04-17,,27.375097,,26.69,25.79
2013-04-18,,27.331232,,26.75,25.81
2013-04-19,,27.319162,,26.8,25.74
2013-04-20,,27.379332,,26.87,25.83
2013-04-21,,27.3455,,27.07,25.46
2013-04-22,,27.407137,,26.99,25.58
2013-04-23,,27.540794,,26.83,25.69
2013-04-24,,27.556744,,26.79,25.7
2013-04-25,,27.550411,,26.69,25.28
2013-04-26,,27.524685,,26.71,24.76
2013-04-27,,27.545364,,26.65,24.86
2013-04-28,,27.864809,,26.63,24.84
2013-04-29,,27.736145,,26.74,24.62
2013-04-30,,27.716316,,26.74,24.37
2013-05-01,,27.835478,,26.52,24.02
2013-05-02,,28.13015,,26.78,23.92
2013-05-03,,28.688286,,26.91,23.88
2013-05-04,,28.679173,,26.8,23.92
2013-05-05,,28.580296,,26.61,24.06
2013-05-06,,28.50032,,26.36,24.18
2013-05-07,,28.370167,,26.14,24.02
2013-05-08,,28.446728,,25.99,23.67
2013-05-09,,28.440239,,25.86,23.15
2013-05-10,,28.283972,,25.73,23.16
2013-05-11,,28.193737,,25.77,23.6
2013-05-12,,28.183691,,25.86,23.56
2013-05-13,,28.071712,,26.12,23.76
2013-05-14,,28.02337,,26.08,23.63
2013-05-15,,28.002981,,26.14,23.46
2013-05-16,,27.97208,,26.35,23.49
2013-05-17,,27.987844,,26.44,23.54
2013-05-18,,28.024925,,26.55,23.44
2013-05-19,,28.073952,,26.56,23.17
2013-05-20,,28.022194,,26.57,23.3
2013-05-21,,28.075457,,26.42,23.5
2013-05-22,,28.020836,,26.59,23.57
2013-05-23,,28.088583,,26.48,23.38
2013-05-24,,28.22536,,26.52,23.16
2013-05-25,,28.252312,,26.48,23.27
2013-05-26,,28.523338,,26.55,23.23
2013-05-27,,28.527632,,26.6,22.98
2013-05-28,,28.64369,,26.67,22.95
2013-05-29,,28.332521,,26.66,23.34
2013-05-30,,28.192493,,26.59,23.2
2013-05-31,,28.189318,,26.52,23.09
2013-06-01,,28.188341,,26.51,23.26
2013-06-02,,28.310457,,26.43,23.4
2013-06-03,,28.194115,,26.42,23.27
2013-06-04,,28.145271,,26.47,23.1
2013-06-05,,28.155313,,26.47,23.29
2013-06-06,,28.367723,,26.35,23.43
2013-06-07,,28.519863,,26.25,23.31
2013-06-08,,28.278095,,26.32,23.38
2013-06-09,,28.13487,,26.51,23.5
2013-06-10,,28.13531,,26.46,23.75
2013-06-11,,28.085993,,26.44,23.78
2013-06-12,,28.002995,,26.46,23.79
2013-06-13,,28.013807,,26.32,23.5
2013-06-14,,27.995773,,26.16,23.17
2013-06-15,,27.970097,,26.03,23.14
2013-06-16,,27.788488,,25.99,23.32
2013-06-17,,27.693588,,25.93,23.41
2013-06-18,,27.642868,,25.84,23.5
2013-06-19,,27.662601,,25.69,23.49
2013-06-20,,27.686535,,25.75,23.63
2013-06-21,,27.77421,,25.72,23.75
2013-06-22,,27.964405,,25.66,23.61
2013-06-23,,28.162745,,25.57,23.41
2013-06-24,,28.403915,,25.7,23.8
2013-06-25,,28.30611,,25.87,23.63
2013-06-26,,28.225029,,25.94,23.97
2013-06-27,,28.097023,,26.07,24.87
2013-06-28,,28.17953,,26.14,25.01
2013-06-29,,28.23992,,26.19,25.02
2013-06-30,,28.203564,,26.43,25.4
2013-07-01,,28.176285,,26.42,25.14
2013-07-02,,28.20446,,26.04,24.76
2013-07-03,,28.598257,,25.64,23.63
2013-07-04,,28.36147,,25.14,22.5
2013-07-05,,28.127958,,24.89,22.25
2013-07-06,,27.832584,,24.88,22.49
2013-07-07,,27.820515,,25.14,22.72
2013-07-08,,27.794151,,25.17,22.81
2013-07-09,,27.78682,,25.08,22.82
2013-07-10,,27.92521,,25.09,22.81
2013-07-11,,27.755234,,25.09,22.51
2013-07-12,,27.714706,,25.12,22.31
2013-07-13,,27.67337,,,22.37
2013-07-14,,27.684275,,,22.16
2013-07-15,,27.762741,,,22.13
2013-07-16,,27.750948,,,22.27
2013-07-17,,27.84053,,,22.42
2013-07-18,,27.790218,,,22.26
2013-07-19,,27.880991,,,22.01
2013-07-20,,27.808994,,,22.24
2013-07-21,,27.75735,,,22.62
2013-07-22,,27.711449,,,22.79
2013-07-23,,27.700718,,,22.65
2013-07-24,,27.730053,,,22.48
2013-07-25,,27.837894,,,22.54
2013-07-26,,28.347023,,,22.55
2013-07-27,,28.027643,,,22.29
2013-07-28,,28.274338,,,22.52
2013-07-29,,28.51038,,,23.15
2013-07-30,,28.51767,,,22.97
2013-07-31,,28.512682,,,23.09
2013-08-01,,28.27236,,,22.91
2013-08-02,,28.11625,,,22.47
2013-08-03,,27.985685,,,22.23
2013-08-04,,27.926884,,,22.07
2013-08-05,,27.93875,,,21.91
2013-08-06,,28.011969,,,21.77
2013-08-07,,27.945015,,,21.65
2013-08-08,,27.924078,,,21.89
2013-08-09,,27.839571,,,21.86
2013-08-10,,27.781027,,,21.99
2013-08-11,,27.769875,,,22.16
2013-08-12,,27.84115,,,22.26
2013-08-13,,28.122702,,,22.41
2013-08-14,,28.396,,,22.19
2013-08-15,,28.209564,,,21.66
2013-08-16,29.6,28.256987,,,21.47
2013-08-17,29.71,28.233414,,,21.61
2013-08-18,29.69,28.287958,,,22.26
2013-08-19,29.77,28.2525,,,22.79
2013-08-20,29.9,28.32091,,,22.96
2013-08-21,29.97,28.27529,,,22.95
2013-08-22,29.46,28.141836,,,23.05
2013-08-23,29.48,28.102468,,,22.63
2013-08-24,,28.205254,,,21.9
2013-08-25,,28.374416,,,20.83
2013-08-26,,28.455273,,,20.31
2013-08-27,,28.131718,,,20.28
2013-08-28,,28.08348,,,20.62
2013-08-29,,28.195116,,,20.91
2013-08-30,,28.229683,,,20.97
2013-08-31,,28.091963,,,21.29
2013-09-01,,28.07511,,,21.03
2013-09-02,,28.112846,,,21.05
2013-09-03,,28.221247,,,20.94
2013-09-04,,28.320194,,,20.83
2013-09-05,,28.178244,,,20.8
2013-09-06,,28.012863,,,21.15
2013-09-07,,27.951178,,,21.45
2013-09-08,,28.020908,,,21.67
2013-09-09,,27.953463,,,21.89
2013-09-10,,27.927933,,,21.62
2013-09-11,,27.910185,,,21.75
2013-09-12,,27.882204,,,21.76
2013-09-13,,27.794672,,,22.09
2013-09-14,,27.73558,,,22.27
2013-09-15,,27.784767,,,22.73
2013-09-16,,27.896423,,,21.96
2013-09-17,,27.849056,,,21.99
2013-09-18,,27.872532,,,22.21
2013-09-19,,27.852335,,,22.88
2013-09-20,,27.747786,,,22.7
2013-09-21,,27.578428,,,23.11
2013-09-22,,27.439707,,,23.63
2013-09-23,,27.269785,,,23.42
2013-09-24,,27.296793,,,23.17
2013-09-25,,27.83091,,,22.92
2013-09-26,,27.883589,,,22.28
2013-09-27,,27.842676,,,22.49
2013-09-28,,27.504114,,,22.57
2013-09-29,,27.4071,,,22.7
2013-09-30,,27.238276,,,23.05
2013-10-01,,27.251978,,,23.1
2013-10-02,,27.12471,,,23.26
2013-10-03,,27.173868,,,23.12
2013-10-04,,27.233946,,,23.07
2013-10-05,,27.327267,,,22.98
2013-10-06,,27.252836,25.598957,,23.34
2013-10-07,,27.224846,25.303782,,23.15
2013-10-08,,27.17731,25.54909,,23.14
2013-10-09,,27.137249,25.757223,,23.07
2013-10-10,,27.198269,25.650084,,22.87
2013-10-11,,27.416119,25.762976,,22.7
2013-10-12,,27.465616,25.735521,,22.51
2013-10-13,,27.464075,26.20008,,22.46
2013-10-14,,27.472649,26.420383,,22.38
2013-10-15,,27.572601,26.68132,,22.35
2013-10-16,,27.5762,26.933302,,22.22
2013-10-17,,27.64393,27.435347,,22.31
2013-10-18,,27.646835,27.497791,,22.36
2013-10-19,,27.717354,27.350437,,22.34
2013-10-20,,27.723951,27.225534,,22.6
2013-10-21,,27.73948,27.044212,,23.19
2013-10-22,,27.72887,27.061308,,23.27
2013-10-23,,27.829165,26.974792,,23.29
2013-10-24,,27.93424,26.91895,,23.38
2013-10-25,,27.917763,26.8435,,23.46
2013-10-26,,27.891401,26.753368,,23.12
2013-10-27,,27.924192,26.833292,,23.53
2013-10-28,,27.951069,27.043083,,23.66
2013-10-29,,27.924795,27.033688,,23.02
2013-10-30,,27.93862,27.085537,,22.8
2013-10-31,,27.889372,27.070267,,22.82
2013-11-01,,27.644009,27.095924,,22.71
2013-11-02,,27.800457,27.074833,,22.57
2013-11-03,,27.756622,27.099985,,22.56
2013-11-04,,28.057295,27.118555,,22.39
2013-11-05,,28.25907,27.088108,,22.11
2013-11-06,,28.441082,27.007166,,22.03
2013-11-07,,28.405632,26.967806,,22.2
2013-11-08,,28.455584,26.909725,,21.89
2013-11-09,,28.438618,26.808964,,22.3
2013-11-10,,28.53898,26.792986,,22.38
2013-11-11,,28.482561,26.79056,,22.14
2013-11-12,,28.461264,26.778084,,22.1
2013-11-13,,28.29675,26.744198,,22.38
2013-11-14,,27.8648,26.77404,,23.6
2013-11-15,,27.537874,26.923618,,23.31
2013-11-16,,27.70991,27.10981,,22.95
2013-11-17,,28.030937,27.132227,,22.7
2013-11-18,,28.110723,27.037924,,22.39
2013-11-19,,28.325844,26.884857,,22.05
2013-11-20,,28.426144,26.664425,,21.9
2013-11-21,,28.364363,26.478333,,22.05
2013-11-22,,28.347136,26.475052,,21.88
2013-11-23,,28.137285,26.676573,,21.8
2013-11-24,,27.745804,26.832972,,21.88
2013-11-25,,27.658175,26.79743,,21.97
2013-11-26,,27.58059,26.731329,,22.07
2013-11-27,,27.572067,26.705757,,22.23
2013-11-28,,27.580818,26.786367,,22.44
2013-11-29,,27.813307,26.95598,,22.5
2013-11-30,,27.84998,27.100319,,22.62
2013-12-01,,27.750965,26.882917,,22.81
2013-12-02,,27.614824,26.855349,,22.88
2013-12-03,,27.78543,26.859514,,22.87
2013-12-04,,27.924816,26.934082,,22.84
2013-12-05,,27.998745,26.728506,,22.84
2013-12-06,,28.138762,26.660826,,22.82
2013-12-07,,28.113417,26.447521,,22.8
2013-12-08,,28.092793,26.167484,,22.85
2013-12-09,,27.947428,26.03273,,23.24
2013-12-10,,27.792034,25.914942,,23.48
2013-12-11,,27.7028,25.850195,,23.56
2013-12-12,,27.820816,25.898256,,23.73
2013-12-13,,27.74152,25.95579,,24.0
2013-12-14,,27.68759,26.014126,,24.21
2013-12-15,,27.59621,25.961681,,24.34
2013-12-16,,27.513924,26.018272,,24.31
2013-12-17,,27.476088,26.114277,,24.41
2013-12-18,,27.361952,26.104946,,24.61
2013-12-19,,27.264929,26.061432,,24.29
2013-12-20,,27.233248,26.133867,,23.48
2013-12-21,,27.249388,26.369118,,22.77
2013-12-22,,27.31144,26.571087,,22.75
2013-12-23,,27.32498,26.317951,,22.82
2013-12-24,,27.45874,26.010748,,23.0
2013-12-25,,27.47534,25.827065,,23.19
2013-12-26,,27.458025,25.596972,,23.28
2013-12-27,,27.439499,25.626266,,23.25
2013-12-28,,27.295511,25.79815,,23.18
2013-12-29,,27.181486,25.829813,,23.31
2013-12-30,,27.071793,26.029104,,23.65
2013-12-31,,26.943565,26.095453,,23.52
2014-01-01,,26.796324,25.858479,,23.46
2014-01-02,,26.732763,25.604626,,23.5
2014-01-03,,26.89398,25.676252,,23.59
2014-01-04,,26.979954,25.729326,,23.77
2014-01-05,,26.907991,25.630161,,23.62
2014-01-06,,26.921768,25.517784,,23.77
2014-01-07,,27.156012,25.45789,,23.93
2014-01-08,,27.19096,25.40291,,23.95
2014-01-09,,27.169073,25.404764,,23.93
2014-01-10,,27.198935,25.3843,,23.91
2014-01-11,,27.178276,25.447039,,23.32
2014-01-12,,27.042782,25.759256,,23.11
2014-01-13,,26.88675,25.933226,,23.19
2014-01-14,,26.736706,26.001345,,23.26
2014-01-15,,26.684347,26.101181,,23.24
2014-01-16,,26.715908,26.045818,,23.49
2014-01-17,,26.728598,25.909199,,23.71
2014-01-18,,26.705236,25.833569,,23.56
2014-01-19,,26.70707,25.868034,,23.7
2014-01-20,,26.70464,25.889343,,23.81
2014-01-21,,26.801865,25.842451,,23.93
2014-01-22,,26.599024,25.877846,,24.09
2014-01-23,,26.511742,25.981098,,24.43
2014-01-24,,26.503784,25.951805,,24.74
2014-01-25,,26.56112,25.951757,,24.78
2014-01-26,,26.665348,25.9177,,24.04
2014-01-27,,26.74815,25.86225,,23.52
2014-01-28,,26.526875,25.864046,,23.11
2014-01-29,,26.298367,25.727736,,23.19
2014-01-30,,26.27797,25.552666,,23.26
2014-01-31,,26.33543,25.40086,,23.45
2014-02-01,,26.54655,25.30336,,23.71
2014-02-02,,26.27924,25.16771,,23.49
2014-02-03,,26.24036,25.019646,,23.56
2014-02-04,,26.299562,25.283348,,23.85
2014-02-05,,26.413738,25.771545,,24.1
2014-02-06,,26.585247,25.869839,,24.51
2014-02-07,,26.957602,25.928799,,24.75
2014-02-08,,27.225536,25.889854,,24.75
2014-02-09,,27.15048,25.655594,,24.99
2014-02-10,,27.172249,25.49818,,24.87
2014-02-11,,27.270912,25.509138,,24.02
2014-02-12,,27.316036,25.511713,,23.74
2014-02-13,,27.352465,25.572645,,23.44
2014-02-14,,27.27723,25.657658,,22.96
2014-02-15,,27.218924,25.62675,,22.81
2014-02-16,,27.141655,25.6,,23.24
2014-02-17,,27.173264,25.61251,,23.58
2014-02-18,,27.159258,25.731205,,23.94
2014-02-19,,27.143732,25.856298,,23.98
2014-02-20,,27.157532,25.943312,,24.31
2014-02-21,,27.164951,26.065014,,24.59
2014-02-22,,27.172194,26.080215,,24.2
2014-02-23,,27.27992,26.01309,,24.04
2014-02-24,,27.362284,26.016565,,24.01
2014-02-25,,27.521866,26.045097,,24.14
2014-02-26,,28.03613,26.114943,,23.96
2014-02-27,,27.866928,26.191965,,23.63
2014-02-28,,27.639444,26.133604,,23.46
2014-03-01,,27.477215,26.223482,,23.62
2014-03-02,,27.539385,26.337381,,23.41
2014-03-03,,27.656017,26.388275,,23.62
2014-03-04,,27.86993,26.454184,,24.32
2014-03-05,,28.057371,26.473715,,24.68
2014-03-06,,28.154562,26.596678,,24.95
2014-03-07,,28.231218,26.825657,,25.59
2014-03-08,,28.136421,26.817743,,27.6
2014-03-09,,27.978392,26.873371,,27.54
2014-03-10,,27.873821,27.075134,,27.66
2014-03-11,,27.953342,27.065432,,27.74
2014-03-12,,28.05112,26.974737,,27.82
2014-03-13,,27.995947,26.908117,,28.1
2014-03-14,,28.519747,26.857965,,28.22
2014-03-15,,28.40007,26.812151,,27.93
2014-03-16,,27.854206,26.755495,,27.8
2014-03-17,,27.858295,26.706799,,27.84
2014-03-18,,27.812334,26.658457,,28.04
2014-03-19,,27.979395,26.747396,,28.03
2014-03-20,,28.142084,26.833279,,28.0
2014-03-21,,28.120378,26.817892,,28.33
2014-03-22,,28.008156,26.765476,,28.45
2014-03-23,,28.043682,26.684978,,28.38
2014-03-24,,27.980072,26.760904,,28.22
2014-03-25,,28.297384,26.814827,,27.95
2014-03-26,,29.07167,27.014118,,27.58
2014-03-27,,29.027483,27.071321,,27.48
2014-03-28,,28.933022,27.076908,,27.49
2014-03-29,,28.787004,27.115028,,27.54
2014-03-30,,28.70548,27.167887,,27.29
2014-03-31,,28.791147,27.33096,,26.94
2014-04-01,,28.687078,27.36693,,27.03
2014-04-02,,28.530672,27.242353,,26.85
2014-04-03,,28.400982,27.205868,,26.78
2014-04-04,,28.349407,27.342346,,26.78
2014-04-05,,28.427553,27.456701,,26.71
2014-04-06,,28.901096,27.348938,,26.56
2014-04-07,,28.704975,27.540031,,26.52
2014-04-08,,28.678812,28.282715,,26.44
2014-04-09,,28.778584,28.014847,,26.45
2014-04-10,,28.687159,27.85917,,26.51
2014-04-11,,28.652662,27.67235,,26.72
2014-04-12,,28.5256,27.589556,,26.97
2014-04-13,,28.424433,27.507523,,27.27
2014-04-14,,28.48573,27.528633,,
2014-04-15,,28.444298,27.593658,,
2014-04-16,,28.285818,,,
2014-04-17,,28.192253,,,
2014-04-18,,28.208302,,,
2014-04-19,,28.342463,,,
2014-04-20,,28.354506,,,
2014-04-21,,28.440271,,,
2014-04-22,,28.645647,,,
2014-04-23,,28.716696,,,
2014-04-24,,28.591002,,,
2014-04-25,,28.599844,,,
2014-04-26,,28.72053,,,
2014-04-27,,28.91206,,,
2014-04-28,,28.953056,,,
2014-04-29,,29.08067,,,
2014-04-30,,29.175964,,,
2014-05-01,,29.149357,,,
2014-05-02,,29.281187,,,
2014-05-03,,29.160154,,,
2014-05-04,,29.495531,,,
2014-05-05,,29.652105,,,
2014-05-06,,29.823404,,,
2014-05-07,,29.952635,,,
2014-05-08,,29.801607,,,
2014-05-09,,29.564814,,,
2014-05-10,,29.50515,,,
2014-05-11,,29.467934,,,
2014-05-12,,29.439734,,,
2014-05-13,,29.47687,,,
2014-05-14,,29.45772,,,
2014-05-15,,29.643932,,,
2014-05-16,,29.587048,,,
2014-05-17,,29.571112,,,
2014-05-18,,29.521307,,,
2014-05-19,,29.535864,,,
2014-05-20,,29.434307,,,
2014-05-21,,29.534016,,,
2014-05-22,,29.66429,,,
2014-05-23,,29.649408,,,
2014-05-24,,29.780249,,,
2014-05-25,,29.759624,,,
2014-05-26,,29.798702,,,
2014-05-27,,29.790726,,,
2014-05-28,,29.678152,,,
2014-05-29,,29.667627,,,
2014-05-30,,29.636831,,,
2014-05-31,,29.515074,,,
2014-06-01,,29.465899,,,
2014-06-02,,29.443197,,,
2014-06-03,,29.39057,,,
2014-06-04,,29.600706,,,
2014-06-05,,29.637554,,,
2014-06-06,,29.484032,,,
2014-06-07,,29.317118,,,
2014-06-08,,29.138483,,,
2014-06-09,,29.024212,,,
2014-06-10,,28.988127,,,
2014-06-11,,28.881199,,,
2014-06-12,,28.85797,,,
2014-06-13,,28.855392,,,
2014-06-14,,28.695024,,,
2014-06-15,,28.551191,,,
2014-06-16,,28.341854,,,
2014-06-17,,28.37413,,,
2014-06-18,,28.55577,,,
2014-06-19,,28.563202,,,
2014-06-20,,28.575747,,,
2014-06-21,,28.623814,,,
2014-06-22,,28.487139,,,25.771517
2014-06-23,,28.451544,,,25.42296
2014-06-24,,28.49089,,,25.468142
2014-06-25,,28.477043,,,25.71237
2014-06-26,,28.555788,,,25.615793
2014-06-27,,28.532839,,,25.67424
2014-06-28,,28.432207,,,25.733225
2014-06-29,,28.345573,,,25.942469
2014-06-30,,28.285015,,,26.119396
2014-07-01,,28.224539,,,26.26192
2014-07-02,,28.411604,,,26.514898
2014-07-03,,28.282667,,,26.208467
2014-07-04,,28.2314,,,25.760057
2014-07-05,,28.136541,,,24.74928
2014-07-06,,28.024973,,,24.65627
2014-07-07,,28.056232,,,24.259384
2014-07-08,,28.013498,,,24.031715
2014-07-09,,28.065355,,,24.397234
2014-07-10,,28.228874,,,25.143833
2014-07-11,,28.066042,,,25.679771
2014-07-12,,28.476202,,,25.928572
2014-07-13,,28.901783,,,26.748577
2014-07-14,,28.8901,,,27.204744
2014-07-15,,28.736116,,,27.004326
2014-07-16,,28.708605,,,26.633623
2014-07-17,,28.715212,,,26.093616
2014-07-18,,28.55476,,,24.871096
2014-07-19,,28.357933,,,24.334253
2014-07-20,,,,,24.044905
2014-07-21,,,,,23.707159
2014-07-22,,,,,23.464428
2014-07-23,,,,,23.326822
2014-07-24,,,,,23.288204
2014-07-25,,,,,23.037437
2014-07-26,,,,,22.290775
2014-07-27,,,,,21.587584
2014-07-28,,,,,21.426702
2014-07-29,,,,,21.223223
2014-07-30,,,,,21.245407
2014-07-31,,,,,21.904661
2014-08-01,,,,,21.766014
2014-08-02,,,,,21.896294
2014-08-03,,,,,21.964891
2014-08-04,,,,,21.689157
2014-08-05,,,,,23.868017
2014-08-06,,,,,25.95105
2014-08-07,,,,,25.17258
2014-08-08,,,,,23.923964
2014-08-09,,,,,23.11824
2014-08-10,,,,,22.69932
2014-08-11,,,,,21.859802
2014-08-12,,,,,21.299404
2014-08-13,,,,,21.858648
2014-08-14,,,,,22.674965
2014-08-15,,,,,22.76049
2014-08-16,,,,,22.784021
2014-08-17,,,,,22.764696
2014-08-18,,,,,22.46809
2014-08-19,,,,,22.341372
2014-08-20,,,,,22.719772
2014-08-21,,,,,22.65889
2014-08-22,,,,,22.344013
2014-08-23,,,,,22.351557
2014-08-24,,,,,22.358435
2014-08-25,,,,,22.237528
2014-08-26,,,,,22.327335
2014-08-27,,,,,22.847282
2014-08-28,,,,,23.80918
2014-08-29,,,,,25.263775
2014-08-30,,,,,25.634027
2014-08-31,,,,,25.744648
2014-09-01,,,,,25.845533
2014-09-02,,,,,25.624743
2014-09-03,,,,,25.364534
2014-09-04,,,,,24.47637
2014-09-05,,,,,23.71544
2014-09-06,,,,,23.223139
2014-09-07,,,,,22.980513
2014-09-08,,,,,22.808327
2014-09-09,,,,,22.769928
2014-09-10,,,,,22.840378
2014-09-11,,,,,23.011879
2014-09-12,,,,,22.929539
2014-09-13,,,,,23.014309
2014-09-14,,,,,23.143106
2014-09-15,,,,,23.153711
2014-09-16,,,,26.143585,22.980518
2014-09-17,,,,25.903034,22.912144
2014-09-18,,,,25.707151,23.186092
2014-09-19,,,,25.578606,23.15996
2014-09-20,,,,25.617105,23.749365
2014-09-21,,,,25.643074,24.431213
2014-09-22,,,,25.595049,24.675327
2014-09-23,,,,25.712042,24.765276
2014-09-24,,,,25.88691,24.85711
2014-09-25,,,,25.990377,24.350769
2014-09-26,,,,26.066029,24.892824
2014-09-27,,,,26.007776,24.79103
2014-09-28,,,,25.990768,24.5555
2014-09-29,,,,25.892889,24.278107
2014-09-30,,,,25.82203,23.741014
2014-10-01,,,,25.807404,23.092522
2014-10-02,,,,25.88374,23.099375
2014-10-03,,,,25.992859,23.086092
2014-10-04,,,,26.023252,23.00922
2014-10-05,,,,26.09058,23.068783
2014-10-06,,,,26.064924,23.25091
2014-10-07,,,,26.349298,23.393888
2014-10-08,,,,26.183031,23.259981
2014-10-09,,,,26.097092,23.448374
2014-10-10,,,,25.864113,23.589174
2014-10-11,,,,25.792456,23.64033
2014-10-12,,,,25.961037,23.411007
2014-10-13,,,,25.869453,23.126726
2014-10-14,,,,26.166,23.252872
2014-10-15,,28.749935,,26.174023,23.58198
2014-10-16,,29.058237,,26.12945,24.220154
2014-10-17,,28.706673,,26.272367,24.371841
2014-10-18,,28.456697,,26.356993,24.274082
2014-10-19,,28.347178,,26.606115,24.621876
2014-10-20,,28.301287,,26.437304,24.893827
2014-10-21,,28.31362,,26.308926,24.655655
2014-10-22,,28.292645,,26.335052,23.883274
2014-10-23,,28.327463,,26.333685,23.427925
2014-10-24,,28.252634,,26.305754,23.461338
2014-10-25,,28.238997,,26.128948,23.6635
2014-10-26,,28.620983,,25.968727,23.523346
2014-10-27,,28.523457,,25.891966,23.454767
2014-10-28,30.66513,28.346869,,26.011028,23.339832
2014-10-29,30.66355,28.316313,,26.15236,23.523758
2014-10-30,30.748362,28.17298,,26.213175,24.607115
2014-10-31,30.730473,28.144125,,26.2617,24.813549
2014-11-01,30.745764,28.186432,,26.336823,24.55343
2014-11-02,30.784132,28.568485,,26.412666,24.733072
2014-11-03,30.770027,28.423815,,26.458319,24.934631
2014-11-04,30.796646,28.464308,,26.462402,25.506172
2014-11-05,30.961931,28.351576,,26.578636,25.766218
2014-11-06,30.848562,28.51655,,26.586836,25.934029
2014-11-07,30.671993,28.642776,,26.522326,25.931574
2014-11-08,30.754341,28.713919,,26.43429,25.781637
2014-11-09,30.574438,28.632435,,26.374382,25.446875
2014-11-10,30.652882,28.740274,,26.342985,24.700232
2014-11-11,30.785208,28.648634,,26.346115,24.172955
2014-11-12,30.936743,28.508333,,26.260374,24.22694
2014-11-13,30.73052,28.534042,,26.24616,25.10179
2014-11-14,30.862646,28.48692,,26.27192,25.13796
2014-11-15,30.856014,28.779781,,26.260433,24.934261
2014-11-16,30.843264,28.749676,,26.293167,24.820213
2014-11-17,30.842888,28.734015,,26.471687,24.693989
2014-11-18,30.826931,28.780518,27.490059,26.79845,24.570704
2014-11-19,30.946638,28.917202,27.490208,27.026806,24.50561
2014-11-20,31.041534,28.900711,27.447395,27.059723,24.31688
2014-11-21,30.906145,28.664553,27.450779,27.165894,24.272646
2014-11-22,31.166544,28.724285,27.562744,27.20657,24.16826
2014-11-23,30.8758,29.019312,27.771173,27.397604,23.981276
2014-11-24,31.198591,28.735645,27.733978,27.498222,23.880938
2014-11-25,30.980173,28.635809,27.691021,27.332432,23.884968
2014-11-26,31.061375,28.521887,27.714167,27.2885,23.95762
2014-11-27,30.72416,28.500534,27.727652,27.312233,23.866669
2014-11-28,30.754862,28.591782,27.67847,27.293736,23.836908
2014-11-29,30.673868,28.569746,27.61486,27.221277,23.864378
2014-11-30,31.082293,28.627728,27.560608,27.016542,23.885708
2014-12-01,30.826723,28.947548,27.543139,26.571993,23.884062
2014-12-02,30.904036,28.965921,27.496284,26.39321,23.879847
2014-12-03,30.802063,29.046934,27.375038,26.381287,24.004713
2014-12-04,30.911438,28.91544,27.25143,26.556034,24.023153
2014-12-05,30.803854,28.630514,27.347202,26.755957,24.041388
2014-12-06,30.577457,28.607416,27.282953,26.789299,24.071812
2014-12-07,31.045784,28.64697,27.189049,26.818514,24.110935
2014-12-08,30.792929,28.779459,27.140043,26.751463,24.146301
2014-12-09,30.822403,29.168243,27.12347,26.574615,24.164625
2014-12-10,30.87941,28.932997,27.28043,26.285702,24.932398
2014-12-11,30.728014,28.729933,27.305029,26.122036,25.46621
2014-12-12,30.821848,28.76805,27.25548,26.228197,25.728832
2014-12-13,30.75409,28.776043,27.427223,26.248535,25.950254
2014-12-14,30.683159,28.773663,27.894457,26.280195,26.183916
2014-12-15,30.464924,28.810352,28.043772,26.37069,26.1543
2014-12-16,30.566105,28.835785,28.024487,26.157852,25.95704
2014-12-17,30.6275,28.600735,28.065653,25.974388,25.816292
2014-12-18,30.720388,28.601816,28.027216,25.764547,25.5568
2014-12-19,30.730438,28.724161,27.856937,25.734386,25.36807
2014-12-20,31.03064,28.835129,27.575937,25.95998,25.199203
2014-12-21,30.879951,28.78966,27.462427,26.1426,25.159334
2014-12-22,30.430014,28.705843,27.448938,26.249277,25.101728
2014-12-23,30.56034,28.60735,27.554817,26.251493,25.147348
2014-12-24,30.657604,28.60518,27.706507,26.263111,24.970716
2014-12-25,30.619633,28.70817,27.49716,26.309944,24.72166
2014-12-26,30.535334,28.686089,27.43802,26.268389,24.690878
2014-12-27,30.482466,28.592512,27.476032,26.290745,24.66148
2014-12-28,30.590069,28.513859,27.484903,26.248909,24.686398
2014-12-29,30.559513,28.44476,27.520388,26.210146,24.616903
2014-12-30,30.542418,28.494255,27.451382,26.16045,24.576063
2014-12-31,30.58068,28.504177,27.543015,26.068316,24.622189
2015-01-01,30.560507,28.4575,27.47121,25.951242,24.696545
2015-01-02,30.260347,28.316204,27.395996,25.788197,24.815334
2015-01-03,30.368576,28.441372,27.258715,25.831924,24.967567
2015-01-04,30.301542,,27.14371,25.981081,25.246595
2015-01-05,30.666382,,27.0425,26.098993,25.24947
2015-01-06,30.643959,,26.854458,26.105288,25.048138
2015-01-07,30.054375,,26.806652,26.095394,
2015-01-08,30.488277,,26.864431,25.983202,24.858019
2015-01-09,30.360798,,26.954142,25.782188,24.418371
2015-01-10,30.284166,,26.863327,25.749393,24.35813
2015-01-11,30.32898,,26.804638,25.761934,24.200706
2015-01-12,30.339563,,26.63243,,23.875248
2015-01-13,30.275667,,26.295876,,24.11292
2015-01-14,30.313583,,26.487015,,24.347338
2015-01-15,30.396978,,26.661316,,24.809607
2015-01-16,30.403418,,26.962034,,25.001202
2015-01-17,30.469786,,27.415264,,24.868902
2015-01-18,30.57066,,27.36292,,24.487732
2015-01-19,30.637215,,27.189522,,24.672188
2015-01-20,30.692286,29.225727,27.195076,,24.938715
2015-01-21,30.532013,,27.28033,,24.972054
2015-01-22,30.328743,,27.297949,,25.08951
2015-01-23,30.52482,28.574947,27.261536,,25.093231
2015-01-24,30.383236,28.504614,27.046932,,24.854576
2015-01-25,30.374855,28.483837,26.922848,,24.580187
2015-01-26,30.275438,28.383999,26.933237,,24.678156
2015-01-27,30.372478,28.443594,26.979149,,23.90213
2015-01-28,30.34375,28.5296,27.009005,,23.506334
2015-01-29,30.548271,28.691507,27.029299,,22.969648
2015-01-30,30.667208,28.588326,26.979702,,23.005423
2015-01-31,30.52891,28.586931,26.992563,,23.53008
2015-02-01,30.326077,28.471527,27.102766,,23.808472
2015-02-02,30.28007,28.364925,27.233368,26.281399,23.846119
2015-02-03,30.180876,28.345264,27.170778,26.243023,24.297606
2015-02-04,30.187681,28.268858,27.14357,26.195972,24.469986
2015-02-05,30.058119,28.277199,27.171038,26.182877,24.863144
2015-02-06,30.002619,28.268036,27.066826,26.139648,25.20714
2015-02-07,30.089972,28.232935,27.213894,26.200623,25.397581
2015-02-08,30.217451,28.17585,26.983624,,25.46581
2015-02-09,30.162737,28.176111,26.97175,,25.93473
2015-02-10,30.232008,28.167845,26.983395,,26.915209
2015-02-11,30.0113,28.214308,26.957058,,26.93193
2015-02-12,30.13768,28.175648,26.964264,,
2015-02-13,30.118021,,26.865582,,
2015-02-14,30.034271,,26.72943,,
2015-02-15,29.924702,,26.709105,,
2015-02-16,30.220964,,26.780708,,
2015-02-17,29.935833,,26.772367,,
2015-02-18,30.018894,,26.721506,,
2015-02-19,30.292223,,26.775492,,
2015-02-20,30.121271,,26.767405,,
2015-02-21,30.09386,,26.73914,,
2015-02-22,30.434431,28.408922,26.774239,,
2015-02-23,30.501986,,26.898737,,
2015-02-24,30.627361,,27.525806,,
2015-02-25,30.678974,,27.848217,,
2015-02-26,30.687555,,27.606281,,
2015-02-27,30.420216,,27.348354,,
2015-02-28,30.335209,,27.208641,,
2015-03-01,30.278631,,27.130285,,
2015-03-02,30.428764,,27.183294,,
2015-03-03,30.05145,28.783836,27.260656,,
2015-03-04,29.92668,,27.235437,,
2015-03-05,29.931604,28.682589,27.236269,,
2015-03-06,29.92734,,27.19813,,
2015-03-07,29.853424,,27.227764,,
2015-03-08,29.823744,,27.193027,,
2015-03-09,29.823208,,27.209558,,
2015-03-10,29.780548,,27.349522,,
2015-03-11,29.769033,,27.450476,,
2015-03-12,29.763103,,27.40443,,
2015-03-13,29.827612,,27.608076,,
2015-03-14,30.106924,,27.868235,,
2015-03-15,30.052847,,27.85387,,
2015-03-16,30.029215,,27.96216,,
2015-03-17,30.294209,,28.12246,,
2015-03-18,30.30873,28.935984,27.94131,,
2015-03-19,30.294216,29.181677,27.899027,,
2015-03-20,30.201124,29.30662,27.87281,,
2015-03-21,30.151625,,27.916338,,
2015-03-22,30.184458,,27.833221,,
2015-03-23,30.300104,,27.88893,26.572556,
2015-03-24,30.202965,29.134935,27.869343,26.693493,
2015-03-25,30.03652,29.169043,27.781042,26.812214,
2015-03-26,29.898285,,27.739822,26.88469,
2015-03-27,29.85884,29.106482,27.820465,26.964752,
2015-03-28,29.914362,,27.943445,27.039566,
2015-03-29,29.860987,,27.959942,27.051733,
2015-03-30,29.556452,,27.899569,27.141714,
2015-03-31,29.61511,,27.811884,27.195034,
2015-04-01,29.70936,,27.820362,27.253633,
2015-04-02,29.781,,27.81534,27.174515,
2015-04-03,29.734188,,27.988005,27.408268,
2015-04-04,29.816278,,28.151728,27.856287,
2015-04-05,29.76232,,28.156347,27.80225,
2015-04-06,29.721582,,28.103487,27.894035,
2015-04-07,29.760813,29.528683,28.355106,27.779516,
2015-04-08,29.636,29.545277,28.462744,27.815895,
2015-04-09,29.54725,29.763626,28.329674,27.787329,
2015-04-10,29.76052,,28.358444,27.854797,
2015-04-11,30.070354,,28.427368,27.904936,
2015-04-12,30.237965,,28.477959,27.894217,
2015-04-13,29.881666,29.594898,28.514227,27.683113,
2015-04-14,30.210417,29.816486,28.503584,28.144228,
2015-04-15,30.03766,29.687656,28.595516,28.35936,
2015-04-16,29.975195,,28.832205,28.732367,
2015-04-17,29.804214,29.733381,29.114723,28.994593,
2015-04-18,29.81427,29.98615,29.229204,28.722717,
2015-04-19,29.821777,29.916645,29.030704,28.812513,
2015-04-20,30.027958,29.985558,28.895819,28.604856,
2015-04-21,29.851944,30.086517,28.724594,28.550297,
2015-04-22,30.397028,,28.653484,28.3648,
2015-04-23,30.53811,,28.580576,28.091805,
2015-04-24,30.51227,,28.541124,27.9305,
2015-04-25,30.571798,,28.655958,27.851582,
2015-04-26,30.846798,,28.752634,27.93317,
2015-04-27,31.001112,,28.880444,27.906845,
2015-04-28,30.60966,,29.03466,28.009853,
2015-04-29,30.534445,,29.12184,27.857723,27.445559
2015-04-30,30.276472,,28.902187,27.791758,27.574598
2015-05-01,30.192827,,28.912409,27.830711,27.555132
2015-05-02,30.630924,,28.913338,27.89979,27.677864
2015-05-03,30.277687,,28.768066,27.804585,27.891191
2015-05-04,30.205534,,28.727243,27.856302,27.974695
2015-05-05,30.074291,,28.661268,27.935839,27.930847
2015-05-06,30.117445,,28.621788,27.932058,28.045406
2015-05-07,29.953278,29.91596,28.68259,27.90839,28.2175
2015-05-08,29.907438,29.881615,28.70971,27.891874,28.167656
2015-05-09,29.864813,29.75351,28.646748,27.920815,27.944206
2015-05-10,29.797798,29.75882,28.626202,27.776064,27.873802
2015-05-11,29.72418,29.95379,28.622105,27.95407,27.867983
2015-05-12,29.694258,29.851673,28.691364,28.410616,27.740015
2015-05-13,29.749979,30.009495,28.840542,28.018328,27.484385
2015-05-14,29.833055,29.858652,29.086794,28.086506,27.423615
2015-05-15,30.025486,29.790842,28.86539,28.32131,27.332422
2015-05-16,30.19505,29.775925,28.795847,28.381516,27.22859
2015-05-17,30.00893,29.903526,28.829443,28.300198,27.202723
2015-05-18,29.92868,30.047401,28.857752,28.215282,27.21216
2015-05-19,29.935444,30.039076,28.884459,28.10768,27.107077
2015-05-20,29.861368,30.016258,28.93814,28.124046,27.003643
2015-05-21,29.79393,29.960724,29.111563,28.137674,27.103186
2015-05-22,29.64961,30.065117,29.136835,28.155052,27.200706
2015-05-23,29.825375,30.190561,29.186596,28.279581,27.283455
2015-05-24,29.773945,,29.11304,28.420267,27.330376
2015-05-25,29.879917,,29.085894,28.475666,27.310596
2015-05-26,29.86416,,29.28043,28.60333,27.078003
2015-05-27,29.876812,,29.43259,28.71745,27.065847
2015-05-28,30.163195,,29.337257,28.580805,26.996035
2015-05-29,29.873083,,29.427124,28.521708,27.087927
2015-05-30,29.862202,,29.563028,28.495016,27.199652
2015-05-31,29.917131,,29.863003,28.596212,27.22027
2015-06-01,30.092749,,29.524122,28.540554,27.256872
2015-06-02,30.00093,,29.33661,28.224768,27.27473
2015-06-03,30.101715,,29.376434,28.324413,27.190468
2015-06-04,29.995167,,29.3631,28.364948,27.197893
2015-06-05,30.018871,,29.37591,28.44066,27.140457
2015-06-06,29.997562,,29.41979,28.39856,27.160854
2015-06-07,30.138758,,29.423979,28.416056,27.246025
2015-06-08,30.38652,,29.41507,28.307796,27.231203
2015-06-09,30.186049,,29.492893,28.28978,27.202103
2015-06-10,30.029625,,29.52916,28.2786,27.280092
2015-06-11,30.066889,,29.528694,28.282154,27.273798
2015-06-12,30.025806,,29.444109,28.273718,27.35781
2015-06-13,30.029778,,29.360025,28.21324,27.393745
2015-06-14,30.037542,,29.264973,28.206549,27.452677
2015-06-15,29.816639,,29.21439,28.163725,27.503164
2015-06-16,29.681313,,29.207657,28.103537,27.541672
2015-06-17,29.623035,,29.172674,28.103327,27.553593
2015-06-18,29.960056,,29.13887,28.102043,27.44394
2015-06-19,30.240452,,29.260471,28.135868,27.478413
2015-06-20,29.880938,,29.34332,28.191824,27.40022
2015-06-21,29.829369,,29.185753,28.039623,27.340189
2015-06-22,30.148222,,29.083202,28.053835,27.415499
2015-06-23,30.115396,,28.979877,28.022598,27.40282
2015-06-24,30.23048,,28.891478,28.018404,27.418924
2015-06-25,30.13982,,28.969257,27.99691,27.421164
2015-06-26,29.820826,,29.044498,27.946232,27.363459
2015-06-27,29.692362,,28.932951,27.924784,27.285446
2015-06-28,29.675194,,28.863403,27.994406,27.513815
2015-06-29,29.58,,28.82017,27.969763,27.46748
2015-06-30,29.472805,,28.788366,27.982645,27.440804
2015-07-01,29.57782,,28.943188,27.925938,27.742601
2015-07-02,29.560646,,28.78267,27.966213,27.51819
2015-07-03,29.431923,,28.80105,27.947937,27.349655
2015-07-04,29.312881,,28.811188,27.97405,27.159063
2015-07-05,29.364035,,29.029987,28.054688,26.870146
2015-07-06,29.494549,,29.031351,28.366255,26.33438
2015-07-07,29.778542,,28.961945,28.489504,26.449045
2015-07-08,29.800236,,28.997175,28.40624,26.352142
2015-07-09,29.704819,,29.096746,28.27056,26.402613
2015-07-10,29.75148,,29.125263,28.293076,26.546238
2015-07-11,29.837194,,29.147465,28.162134,26.662674
2015-07-12,29.546827,,29.20601,28.119816,26.42396
2015-07-13,29.563034,,29.486202,28.033207,26.266726
2015-07-14,29.751917,,29.467442,28.084988,26.503056
2015-07-15,29.89225,,29.4395,28.092001,26.913841
2015-07-16,29.70155,,29.318502,28.0991,27.362936
2015-07-17,29.816069,,29.270947,28.033272,27.379972
2015-07-18,30.00648,,29.279924,28.012236,26.896141
2015-07-19,29.872702,,29.282385,27.9316,26.321192
2015-07-20,29.85557,,29.02629,27.874258,26.471045
2015-07-21,29.655563,,28.886591,27.952852,26.443186
2015-07-22,29.908014,,28.8565,27.900461,26.305176
2015-07-23,29.976465,,28.858376,27.877193,25.999933
2015-07-24,29.911055,,28.88095,27.824575,25.692583
2015-07-25,29.874077,,28.68462,27.835651,25.561201
2015-07-26,29.631424,,28.889477,27.86954,25.603943
2015-07-27,29.491528,,29.096437,27.91778,25.62549
2015-07-28,29.28825,,29.199732,27.89298,25.629519
2015-07-29,29.225945,,29.187656,27.899624,25.736782
2015-07-30,29.060541,,29.148903,27.87386,25.697998
2015-07-31,28.827765,,29.016459,27.915316,25.548788
2015-08-01,28.614548,,29.062685,27.871155,25.493748
2015-08-02,28.816784,,29.127625,27.902908,25.516281
2015-08-03,28.969423,,29.114923,27.956959,25.51809
2015-08-04,29.23655,,29.19121,28.016066,25.490149
2015-08-05,29.251715,,29.183987,28.067362,25.886446
2015-08-06,29.082834,,29.24553,28.101355,25.719868
2015-08-07,29.052666,,29.217588,28.13903,25.492052
2015-08-08,28.900341,,29.291945,28.136892,25.492294
2015-08-09,28.931528,,29.265247,28.13228,25.62953
2015-08-10,28.923264,,29.202372,28.167654,25.883158
2015-08-11,28.820244,,29.167097,28.166307,26.097326
2015-08-12,28.83166,,29.261143,28.115908,26.153824
2015-08-13,28.888083,,29.307425,28.109406,26.223349
2015-08-14,29.058187,,29.144346,28.13892,26.218428
2015-08-15,29.177069,,29.12975,28.180729,26.275192
2015-08-16,29.201284,,29.207298,28.1797,26.58458
2015-08-17,29.069216,,29.304022,28.16212,26.493324
2015-08-18,29.24636,,29.350924,28.151031,26.033958
2015-08-19,29.149826,,29.461006,28.205069,25.343773
2015-08-20,29.470346,,29.508783,28.27713,24.944353
2015-08-21,29.637125,,29.83104,28.668682,24.858011
2015-08-22,29.25827,,29.425882,28.762102,24.827477
2015-08-23,29.295513,,29.379168,28.60412,24.929024
2015-08-24,29.53332,,29.429472,28.476725,25.006073
2015-08-25,29.878,,29.49705,28.525105,25.04463
2015-08-26,29.615965,,29.609833,28.54825,25.222963
2015-08-27,29.291716,,29.44714,28.434317,25.389309
2015-08-28,29.610416,,29.42275,28.45679,25.560764
2015-08-29,29.696735,,29.413836,28.445992,25.723019
2015-08-30,29.648361,,29.452484,28.41094,25.809074
2015-08-31,29.245785,,29.3782,28.367804,26.086388
2015-09-01,29.141195,,29.293503,28.369942,26.773895
2015-09-02,29.15752,,29.347752,28.363049,26.960072
2015-09-03,29.314035,,29.302937,28.396149,27.08929
2015-09-04,29.347673,,29.264343,28.48345,27.048227
2015-09-05,29.170063,,29.26802,28.443707,26.99272
2015-09-06,29.35777,,29.340757,28.45821,26.954058
2015-09-07,29.629168,,29.430693,28.346966,26.990934
2015-09-08,29.424118,,29.31286,28.51488,26.99618
2015-09-09,29.517187,,29.332798,28.58512,26.924488
2015-09-10,29.321493,,28.896448,28.574833,26.781227
2015-09-11,29.112507,,29.093763,28.487585,26.6829
2015-09-12,29.312666,,29.225182,28.470127,26.749609
2015-09-13,29.712751,,29.312258,28.54445,26.78028
2015-09-14,29.71841,,29.476583,28.576385,26.803522
2015-09-15,29.59643,,29.186552,28.602777,26.767
2015-09-16,29.390354,,29.273525,28.625225,26.741142
2015-09-17,29.286945,,29.279896,28.674688,26.928576
2015-09-18,29.26132,,29.310398,28.652456,27.151178
2015-09-19,29.139008,,29.27164,28.5832,27.30255
2015-09-20,29.08175,,29.243965,28.587406,26.907549
2015-09-21,29.213959,,29.280643,28.548206,26.932966
2015-09-22,28.991756,,29.253748,28.504503,26.894299
2015-09-23,29.023403,,29.288153,28.547571,26.79745
2015-09-24,29.090868,,29.233797,28.617104,26.561474
2015-09-25,29.159584,,29.238306,28.846672,
2015-09-26,29.041437,,29.288881,28.968365,
2015-09-27,29.026417,,29.233805,28.782173,
2015-09-28,29.017284,,29.35541,28.677727,
2015-09-29,29.167292,,29.34968,28.853378,
2015-09-30,29.628653,,29.666206,28.962778,
2015-10-01,29.76241,,29.453852,28.870567,
2015-10-02,29.64766,,29.77275,28.70779,
2015-10-03,29.493437,,29.567514,28.45256,
2015-10-04,29.583279,,29.380762,28.556747,
2015-10-05,29.736631,,29.336056,28.716795,
2015-10-06,29.649666,,29.353533,28.701242,
2015-10-07,29.50598,,29.458902,28.630531,
2015-10-08,29.659868,,29.50107,28.62724,
2015-10-09,29.602146,,29.518839,28.589039,
2015-10-10,29.605202,,29.64316,28.757294,
2015-10-11,29.481445,,29.695478,28.67538,
2015-10-12,29.421402,,29.739614,28.656872,
2015-10-13,29.392195,,29.773806,28.606174,
2015-10-14,29.490646,,29.706497,28.585814,
2015-10-15,29.619562,,29.731222,28.583557,
2015-10-16,29.606375,,29.646978,28.61345,
2015-10-17,29.607077,,29.69897,28.636915,
2015-10-18,29.71536,,29.872625,28.636059,
2015-10-19,29.766506,,30.062487,28.713186,
2015-10-20,29.878284,,29.943989,28.83919,
2015-10-21,29.862514,,29.85193,,
2015-10-22,29.959,,29.997604,,
2015-10-23,29.869722,,30.147684,,
2015-10-24,29.64652,,30.093056,,
2015-10-25,30.003471,,30.368744,,
2015-10-26,29.673923,,30.353697,,
2015-10-27,30.197784,,30.487257,,
2015-10-28,30.195854,,30.666395,,
2015-10-29,30.19416,,30.36249,,
2015-10-30,29.986397,,30.412525,,
2015-10-31,29.975534,,30.537125,,
2015-11-01,29.866695,,30.67353,,
2015-11-02,30.218555,,30.497063,,
2015-11-03,30.276327,,30.525986,,
2015-11-04,29.947222,,30.883371,,
2015-11-05,30.20004,,30.854279,,
2015-11-06,30.23573,,30.615412,,
2015-11-07,30.379152,,30.699238,,
2015-11-08,30.129765,,30.697403,,
2015-11-09,29.824257,,30.524336,,
2015-11-10,30.008465,,30.31574,,
2015-11-11,30.220549,,30.296959,,
2015-11-12,30.14661,,30.26656,,
2015-11-13,30.141695,,30.499237,,
2015-11-14,29.97109,,30.480097,,
2015-11-15,29.889715,,30.671783,,
2015-11-16,29.783756,,30.931307,,
2015-11-17,29.736513,,30.883036,,
2015-11-18,29.874556,,30.813538,,
2015-11-19,29.882292,,30.647335,,
2015-11-20,30.098555,,30.677118,,
2015-11-21,29.935139,,30.870678,,
2015-11-22,29.883694,,30.656315,,
2015-11-23,30.102993,,30.663923,,
2015-11-24,29.943377,,29.904343,,
2015-11-25,30.026903,,30.275797,,
2015-11-26,29.839146,,30.37164,,
2015-11-27,30.109459,,30.382957,,
2015-11-28,30.022285,,30.427343,,
2015-11-29,29.75841,,30.481445,,
2015-11-30,29.719534,30.473484,30.617992,,
2015-12-01,30.187737,30.555546,30.503645,,
2015-12-02,30.100702,30.638546,30.51642,,
2015-12-03,29.859827,30.736168,30.575447,,
2015-12-04,29.683584,30.588661,30.637465,,
2015-12-05,29.595041,30.571377,30.660671,,
2015-12-06,29.59359,30.372208,30.655685,,
2015-12-07,29.818916,30.677956,30.719118,,
2015-12-08,29.89541,30.702826,30.674616,,
2015-12-09,29.908709,30.884073,30.40307,,
2015-12-10,29.766611,30.75713,30.470772,,
2015-12-11,29.885424,30.798954,30.489405,,
2015-12-12,29.926569,30.871138,30.519142,,
2015-12-13,29.894426,30.808218,30.509106,,
2015-12-14,29.991861,30.698744,30.488255,,
2015-12-15,29.913965,30.622585,30.505945,,
2015-12-16,30.006779,30.782139,30.44937,,
2015-12-17,30.251896,30.52132,30.467937,,
2015-12-18,30.11243,30.51148,30.462055,,
2015-12-19,29.80159,30.431944,30.276464,,
2015-12-20,29.861542,30.420738,30.224174,,
2015-12-21,29.760056,30.246264,30.248577,,
2015-12-22,29.67857,30.28911,30.195187,,
2015-12-23,29.600618,30.219324,30.114094,,
2015-12-24,29.47082,30.256367,30.082006,,
2015-12-25,29.516222,30.302256,30.248917,,
2015-12-26,29.41541,30.2626,30.208578,,
2015-12-27,29.384848,30.270372,30.013521,,
2015-12-28,29.428833,30.14011,30.018436,,
2015-12-29,29.390709,30.36231,29.922485,,
2015-12-30,29.425875,30.39577,29.6406,,
2015-12-31,29.408417,30.253101,29.915138,,
2016-01-01,29.490427,30.24672,29.856556,,
2016-01-02,29.732056,30.357178,29.826017,,
2016-01-03,29.81986,30.244757,29.847769,,
2016-01-04,29.689945,30.071087,29.863806,,
2016-01-05,29.98289,30.006592,29.764898,,
2016-01-06,29.700632,29.994116,29.733263,,
2016-01-07,29.723452,29.98719,29.691029,,
2016-01-08,29.816399,29.93761,29.785524,,
2016-01-09,29.623299,29.80247,29.79248,,
2016-01-10,29.842854,29.66588,29.794382,,
2016-01-11,29.73041,29.606749,29.974236,,
2016-01-12,29.772633,29.525784,30.166153,,
2016-01-13,29.72975,29.497828,30.065056,,
2016-01-14,29.788479,29.691048,30.060703,,
2016-01-15,29.792347,29.585009,30.016062,,
2016-01-16,29.59527,29.57563,30.061201,,
2016-01-17,29.879278,29.51758,30.1347,,
2016-01-18,29.685055,29.60778,30.054293,,
2016-01-19,29.670013,29.382261,30.12191,,
2016-01-20,29.615166,29.545748,30.134726,,
2016-01-21,29.607,29.666552,30.039316,,
2016-01-22,29.856396,29.767813,29.974201,,
2016-01-23,30.133959,29.5062,29.977045,,
2016-01-24,29.887417,29.579638,29.94266,,
2016-01-25,29.888403,29.656689,29.909416,,
2016-01-26,29.690332,29.682362,29.829216,,
2016-01-27,29.612312,29.59496,29.897133,,
2016-01-28,29.43457,29.6375,29.993528,,
2016-01-29,29.401485,29.77212,30.028982,,
2016-01-30,29.402006,29.605558,30.046959,,
2016-01-31,29.43877,29.785442,30.05481,,
2016-02-01,29.459826,29.832132,30.014713,,
2016-02-02,29.213867,29.70073,29.916931,,
2016-02-03,29.455597,29.990334,29.935514,,
2016-02-04,29.453056,29.742056,29.93316,,
2016-02-05,29.500666,29.79405,29.957,,
2016-02-06,29.50607,29.791407,30.009176,,
2016-02-07,29.414396,29.47722,30.01613,,
2016-02-08,29.42491,29.727783,29.90027,,
2016-02-09,29.386284,29.86861,29.822598,,
2016-02-10,29.275402,30.07655,29.48567,,
2016-02-11,29.301916,30.053429,29.31889,,
2016-02-12,29.45675,30.345488,29.352585,,
2016-02-13,29.363388,30.034403,29.409132,,
2016-02-14,29.270792,30.139215,29.49939,,
2016-02-15,29.568632,30.050592,29.604195,,
2016-02-16,29.727375,29.696556,29.494392,,
2016-02-17,29.453714,29.376131,29.283583,,
2016-02-18,29.394028,29.256096,29.127113,,
2016-02-19,29.423166,29.302301,29.264427,,
2016-02-20,29.51716,29.185444,29.190779,,
2016-02-21,29.524632,29.39727,29.113794,,
2016-02-22,29.55123,29.490501,29.068792,,
2016-02-23,29.58879,29.5776,28.957056,,
2016-02-24,29.586206,29.690147,28.864624,,
2016-02-25,29.675205,29.915367,28.869652,,
2016-02-26,29.661285,29.941856,28.873468,,
2016-02-27,29.873522,29.884594,28.799837,,
2016-02-28,29.833355,29.751913,28.963383,27.904036,
2016-02-29,29.827854,29.856867,29.126894,27.699236,
2016-03-01,29.692654,29.836016,29.047836,27.861118,
2016-03-02,29.869244,29.874777,29.105986,28.238722,
2016-03-03,29.657152,29.841396,29.232006,28.161028,
2016-03-04,29.73332,29.77246,29.180683,27.718708,
2016-03-05,29.605326,29.701519,28.967117,27.670647,
2016-03-06,29.6288,29.704515,28.814617,27.70134,
2016-03-07,29.626244,29.7761,28.703182,27.774166,
2016-03-08,29.76141,29.749834,29.21409,27.800465,
2016-03-09,29.743597,29.733227,29.221823,27.74945,
2016-03-10,29.986465,29.793325,29.396225,27.642271,
2016-03-11,29.7505,29.766365,29.046312,27.725285,
2016-03-12,29.829742,29.708845,28.828241,27.832417,
2016-03-13,29.782015,29.505545,28.804127,27.655048,
2016-03-14,29.726126,29.73142,28.775278,27.421888,
2016-03-15,29.65248,29.750053,28.771748,27.55495,
2016-03-16,29.638006,29.800674,28.707876,27.383354,
2016-03-17,29.649208,29.764912,28.739395,27.281555,
2016-03-18,29.534605,29.412556,28.818298,27.326681,
2016-03-19,29.196722,29.31065,28.583431,27.491173,
2016-03-20,29.5385,29.508045,28.180119,27.731104,
2016-03-21,29.203146,29.432375,27.96586,27.93341,
2016-03-22,28.848494,29.53714,27.87616,27.925325,
2016-03-23,28.84716,29.783152,27.944067,27.692125,
2016-03-24,29.01289,29.757076,28.218554,27.382313,
2016-03-25,29.281937,29.360723,28.291716,27.163979,
2016-03-26,29.524744,29.491709,28.130325,27.26102,
2016-03-27,29.604221,29.541988,28.139437,27.450006,
2016-03-28,29.568022,29.51567,28.345535,27.873215,
2016-03-29,29.795166,29.08857,28.62402,27.705875,
2016-03-30,29.57923,28.818432,28.726892,27.682583,
2016-03-31,29.592035,28.883392,28.407791,27.645903,
2016-04-01,29.603409,29.180708,28.078783,27.86436,
2016-04-02,29.449799,29.103569,27.732805,28.207521,
2016-04-03,29.307438,28.540016,27.787327,28.086348,
2016-04-04,28.7965,28.37039,27.702627,28.229376,
2016-04-05,28.819855,28.260931,27.78379,28.466139,
2016-04-06,29.029541,28.064535,28.22668,28.38848,
2016-04-07,29.006187,27.94491,27.950045,28.309507,
2016-04-08,29.086895,28.206873,27.630606,28.485682,
2016-04-09,29.294235,28.418808,27.645605,28.737083,
2016-04-10,29.296083,28.465658,27.829096,28.633146,
2016-04-11,29.15391,28.401184,28.012165,28.953812,
2016-04-12,29.325188,28.336205,28.451279,28.775076,
2016-04-13,29.417444,28.443144,29.542774,28.243673,
2016-04-14,29.310167,28.343111,29.489298,28.353771,26.00184
2016-04-15,29.105402,28.009212,29.344284,28.268888,26.05925
2016-04-16,28.801895,27.837475,29.341919,28.229708,26.132286
2016-04-17,28.524355,28.192785,29.639313,28.23702,25.546194
2016-04-18,28.4157,28.384289,29.762373,28.607166,24.675488
2016-04-19,28.42105,29.491814,29.717148,28.758015,24.680103
2016-04-20,28.699354,29.733343,29.80677,28.335327,24.669874
2016-04-21,29.066223,29.674957,29.784027,28.41966,24.637846
2016-04-22,28.994286,29.942028,29.838175,27.866444,25.11043
2016-04-23,29.001028,29.799929,29.880062,27.775444,25.288307
2016-04-24,29.08016,29.62903,29.711876,27.887264,25.098288
2016-04-25,29.221424,29.425327,29.264181,27.586416,24.831514
2016-04-26,29.732986,29.515268,28.86773,27.14327,25.058443
2016-04-27,29.545437,29.741648,28.38539,26.99736,24.972069
2016-04-28,29.561222,29.584978,28.18543,26.958035,25.632284
2016-04-29,29.7853,29.10008,28.432062,26.837618,25.212276
2016-04-30,30.097208,29.34624,28.482683,26.762577,25.260862
2016-05-01,30.042063,29.120176,28.188501,26.843605,25.351084
2016-05-02,29.682188,28.459614,27.89077,26.506327,25.38625
2016-05-03,29.47627,28.511583,27.79603,26.558931,24.98067
2016-05-04,30.033916,28.545744,27.761507,26.972355,24.966389
2016-05-05,29.967333,28.88458,27.746347,27.35516,25.190369
2016-05-06,29.67509,29.025097,28.000835,27.890694,25.456848
2016-05-07,29.395487,29.138584,28.169119,27.840118,24.700256
2016-05-08,29.139639,29.301027,28.071764,27.822742,24.74208
2016-05-09,28.905619,28.926615,28.15443,27.66341,25.183807
2016-05-10,29.078812,28.601423,28.048353,27.45007,25.26634
2016-05-11,28.922735,28.732384,27.862236,27.17475,25.447622
2016-05-12,28.740034,28.691307,27.781393,26.382048,25.717094
2016-05-13,28.91032,28.38802,27.92952,26.029667,25.573381
2016-05-14,28.889996,28.529337,27.713236,26.156174,24.897346
2016-05-15,28.769417,28.441046,27.596294,26.210464,24.166464
2016-05-16,28.566055,28.297468,27.750765,26.257763,23.783485
2016-05-17,28.374062,28.339258,27.777477,26.260056,23.455427
2016-05-18,28.533485,28.40839,27.672249,25.745987,23.186918
2016-05-19,28.57504,28.32402,27.523806,25.515417,23.81164
2016-05-20,28.973465,28.110113,27.308887,25.317924,24.574762
2016-05-21,28.961624,27.900166,27.209734,25.3497,24.892958
2016-05-22,28.73214,28.061848,26.933264,25.322374,25.256721
2016-05-23,28.742132,28.064053,26.917076,25.461868,25.350063
2016-05-24,28.710785,28.113497,27.132835,25.601986,25.048895
2016-05-25,29.158056,28.08383,27.377396,25.53275,25.38893
2016-05-26,29.153923,28.168737,27.31447,25.690395,25.649311
2016-05-27,29.262146,28.361982,27.166742,25.715048,25.740042
2016-05-28,28.958479,28.521084,27.27257,25.948208,25.506414
2016-05-29,28.93734,28.522356,27.356073,25.921654,24.744562
2016-05-30,29.05668,28.802275,27.217375,25.162619,24.721624
2016-05-31,29.278055,28.732613,27.047861,24.336159,25.867739
2016-06-01,29.068056,28.873962,26.848814,24.134771,26.864855
2016-06-02,29.028542,29.001501,26.798681,24.284319,26.058506
2016-06-03,29.050007,28.948698,26.800056,24.473667,24.83181
2016-06-04,28.747541,28.998741,26.898552,24.789625,24.01394
2016-06-05,29.190022,28.95108,26.902935,24.421055,23.848812
2016-06-06,29.234146,28.96011,26.786,24.554417,23.878902
2016-06-07,29.453625,28.987461,26.721615,24.727306,24.333876
2016-06-08,29.633286,28.938726,26.673838,25.043325,25.484888
2016-06-09,30.03561,28.948881,26.669987,25.230438,26.158443
2016-06-10,30.105396,28.924911,26.693253,25.112993,26.429861
2016-06-11,29.969923,28.908508,26.952354,25.343292,25.885881
2016-06-12,30.17993,28.990738,27.419153,25.334702,25.062864
2016-06-13,29.839687,28.982698,27.47223,25.222021,24.003508
2016-06-14,30.241201,29.148972,27.232145,25.221945,23.458063
2016-06-15,30.111084,29.26985,27.219187,25.213903,24.009087
2016-06-16,30.113403,28.821384,27.099138,25.33807,23.973215
2016-06-17,29.993431,28.711405,26.88114,25.476784,23.69111
2016-06-18,30.014757,28.702423,26.796932,25.2753,23.503067
2016-06-19,30.091702,28.5785,26.77146,25.162853,23.503563
2016-06-20,29.961,28.603012,26.597263,25.284369,23.73136
2016-06-21,29.819084,28.573776,26.344494,25.156597,23.765924
2016-06-22,29.563639,28.543297,26.285845,25.003174,23.982145
2016-06-23,29.306194,28.446377,26.024897,24.560507,24.018337
2016-06-24,29.317867,28.3159,25.823008,24.230701,23.66435
2016-06-25,29.292055,28.109749,25.586906,24.244383,23.264605
2016-06-26,29.394464,27.972582,25.404222,24.190432,23.341387
2016-06-27,29.405222,27.829569,25.315765,24.351507,23.711704
2016-06-28,29.456202,27.871758,25.26972,24.736631,23.710306
2016-06-29,29.65809,27.887085,25.200958,25.509972,24.080254
2016-06-30,29.517576,28.141006,25.295927,25.71605,24.602999
2016-07-01,29.673847,28.017275,25.37221,25.923132,24.79789
2016-07-02,29.532541,28.106064,25.494257,25.666548,25.302095
2016-07-03,29.945667,28.231642,25.560535,25.551361,24.42121
2016-07-04,30.186285,28.46202,25.48633,25.53348,22.694605
2016-07-05,30.149208,28.50754,25.47275,25.6915,22.21926
2016-07-06,30.196598,28.59643,25.422024,25.60941,22.185144
2016-07-07,30.168806,28.471153,25.325512,25.437445,22.396423
2016-07-08,30.459139,28.36862,25.194569,25.364271,22.38396
2016-07-09,30.451605,28.426697,25.199646,24.958187,22.468508
2016-07-10,30.000048,28.468569,25.270771,24.510757,22.342138
2016-07-11,30.347849,28.386211,25.225294,24.399118,22.386541
2016-07-12,30.489058,28.250914,25.255135,24.283861,22.295784
2016-07-13,30.382744,28.214512,25.521896,23.98564,22.392445
2016-07-14,30.407057,28.085825,25.700155,23.75223,22.532743
2016-07-15,30.21649,28.007189,25.636265,23.465395,22.49043
2016-07-16,30.208565,28.078705,25.473028,23.662548,22.721085
2016-07-17,30.34914,28.44011,25.44767,24.321209,22.892433
2016-07-18,30.265112,28.255539,25.452003,24.514208,22.556902
2016-07-19,30.159578,28.21065,25.479132,24.36593,22.059223
2016-07-20,30.162348,28.195288,25.61821,24.599747,22.63129
2016-07-21,30.226501,28.17668,25.856575,24.678339,22.180035
2016-07-22,30.349028,28.13568,25.876583,24.5785,21.807388
2016-07-23,30.183159,28.141138,25.90397,24.588861,21.421446
2016-07-24,30.137135,28.069609,25.884045,24.550507,21.669874
2016-07-25,30.09333,28.005384,26.11882,24.598972,21.872957
2016-07-26,29.998384,27.942577,26.218962,24.586819,21.686876
2016-07-27,30.058928,27.922577,26.38371,24.578028,21.453972
2016-07-28,30.101759,27.891079,26.33198,24.54996,21.814766
2016-07-29,30.227928,27.769999,26.168707,24.449715,21.616056
2016-07-30,30.165617,27.7378,26.094349,24.579952,21.289042
2016-07-31,30.095398,27.674953,26.033937,24.820465,21.159983
2016-08-01,30.027803,27.631659,25.964386,24.9015,21.714144
2016-08-02,29.969444,27.606955,25.89596,24.811659,21.81573
2016-08-03,29.908262,27.617579,25.878666,24.48539,21.72514
2016-08-04,29.895424,27.565672,25.885191,24.151722,21.50098
2016-08-05,29.84924,27.453592,25.820396,24.007994,21.357285
2016-08-06,29.89329,27.278023,25.869812,23.954687,21.082546
2016-08-07,29.8656,27.123217,26.15146,23.869785,20.997322
2016-08-08,29.686176,27.102648,26.089792,24.06514,20.987278
2016-08-09,29.659029,27.278193,25.823158,24.260466,21.070267
2016-08-10,29.634462,27.280151,25.588999,24.09434,21.16771
2016-08-11,29.437664,27.296207,25.451382,24.024778,21.135155
2016-08-12,29.502365,27.606133,25.526482,24.228159,21.218327
2016-08-13,29.601166,27.975435,25.47523,24.340508,21.293333
2016-08-14,29.565504,28.099531,25.555264,24.225742,21.18016
2016-08-15,29.856665,28.021069,25.679218,24.156153,21.077826
2016-08-16,29.754923,27.96591,25.714258,24.126654,21.197382
2016-08-17,30.284315,27.917973,25.613361,24.154173,20.782806
2016-08-18,30.243269,27.873205,25.927168,24.298742,20.252796
2016-08-19,30.198458,27.794706,25.902824,24.697653,20.228437
2016-08-20,30.162407,27.704834,25.657452,24.798674,20.766815
2016-08-21,29.896717,27.6873,25.22028,24.465271,20.50543
2016-08-22,29.90568,27.664267,24.820847,24.339403,20.446854
2016-08-23,29.928007,27.773956,24.53348,24.385021,20.376104
2016-08-24,29.873518,27.689121,24.506153,24.427402,20.596992
2016-08-25,29.80107,27.563059,24.662321,24.439688,20.70886
2016-08-26,29.754045,27.548561,25.185,24.399076,21.038221
2016-08-27,29.692354,27.61244,25.353447,24.281673,21.415382
2016-08-28,29.687391,27.582813,25.427433,24.306799,21.505404
2016-08-29,29.656013,,25.571257,24.293854,21.4932
2016-08-30,29.776133,27.406403,25.661985,24.381834,21.535336
2016-08-31,29.61867,27.40831,25.654749,24.443598,21.39211
2016-09-01,29.784374,27.467258,25.689875,24.437555,21.68309
2016-09-02,29.954107,27.467815,25.770798,24.350492,21.96261
2016-09-03,29.76843,27.419014,25.777605,24.367695,21.940195
2016-09-04,29.579935,27.285439,25.52248,24.549187,21.938082
2016-09-05,29.755749,27.16792,25.25721,24.485542,22.122368
2016-09-06,29.817873,27.078035,25.092062,24.235077,23.420279
2016-09-07,29.691229,27.553394,24.805273,23.996508,24.308107
2016-09-08,29.743862,27.360136,24.881992,24.076319,24.52025
2016-09-09,30.247917,27.170437,24.776848,24.633228,23.947447
2016-09-10,30.297848,27.180117,24.65693,24.479279,24.316004
2016-09-11,30.089758,27.194168,24.862288,24.771034,24.572132
2016-09-12,29.940308,26.87824,25.125431,24.761354,24.547909
2016-09-13,29.643692,26.68031,24.863867,24.523582,24.724442
2016-09-14,29.655937,26.83543,24.935322,24.321278,24.625021
2016-09-15,29.49324,27.039597,25.894485,24.22702,24.389692
2016-09-16,29.420006,26.944391,25.66979,24.259777,24.12886
2016-09-17,29.417923,26.904577,25.672316,24.400757,23.76675
2016-09-18,29.091215,26.899176,25.68791,24.526937,23.066164
2016-09-19,29.222403,26.994955,25.738531,24.463465,22.35373
2016-09-20,29.282389,27.088406,25.768433,24.48518,22.193264
2016-09-21,29.329065,27.134539,25.891645,24.42077,22.37905
2016-09-22,29.60106,26.979229,26.141888,24.609083,22.548243
2016-09-23,29.390755,27.01408,26.287601,24.917978,22.832687
2016-09-24,29.232155,27.005552,26.235159,25.51891,22.914087
2016-09-25,29.126621,27.005375,26.243553,25.913258,22.6657
2016-09-26,29.23312,26.905113,26.303595,25.802576,22.676931
2016-09-27,29.139376,26.838367,26.176062,25.51373,22.387388
2016-09-28,29.228577,26.881817,26.043077,25.218243,22.096087
2016-09-29,29.215918,27.022871,25.93573,25.045673,22.04095
2016-09-30,29.186956,27.015879,25.774237,24.915264,22.121683
2016-10-01,29.171812,27.146418,25.711962,24.726707,21.76895
2016-10-02,29.210428,27.105688,25.328444,24.589293,21.644848
2016-10-03,29.594284,27.16359,24.792894,24.391798,21.327621
2016-10-04,29.677443,26.929491,24.746042,24.409555,21.448402
2016-10-05,29.596008,26.63753,24.988848,24.35852,21.65439
2016-10-06,29.391293,26.354393,24.912527,24.462042,21.140676
2016-10-07,29.278992,26.11689,25.023628,24.45691,21.49
2016-10-08,29.26745,26.143688,24.834429,24.43102,22.725622
2016-10-09,29.319597,26.112411,24.744837,24.373577,24.342342
2016-10-10,29.41814,26.064743,24.87354,24.367493,24.04511
2016-10-11,29.23152,25.98487,26.240911,24.293562,23.045866
2016-10-12,29.097689,26.07259,26.829254,24.402563,22.465279
2016-10-13,28.982721,26.036446,27.062523,24.972952,21.949993
2016-10-14,29.16555,25.964901,27.049994,24.99498,21.849789
2016-10-15,29.060457,26.280304,27.090282,25.059097,21.939947
2016-10-16,28.8552,26.389402,26.938335,25.174639,22.026375
2016-10-17,29.08114,26.335964,26.95956,25.129583,22.154764
2016-10-18,28.946375,26.42415,26.745207,24.854055,22.32739
2016-10-19,29.393663,26.620785,26.627083,24.788473,22.31125
2016-10-20,29.482403,27.003826,26.568125,24.707409,22.147259
2016-10-21,29.567968,26.99833,26.483135,24.597492,22.02015
2016-10-22,29.43673,27.032143,26.320086,24.635666,22.025146
2016-10-23,29.271856,26.94458,26.043604,24.573376,21.994616
2016-10-24,29.236584,26.849487,25.757725,24.542,21.81958
2016-10-25,29.354815,26.729546,25.770111,24.501993,21.729618
2016-10-26,29.649904,26.914282,25.844002,24.47545,21.818861
2016-10-27,29.701017,26.838652,25.89614,24.379799,21.933931
2016-10-28,29.654577,26.807375,25.79865,24.235298,21.779556
2016-10-29,29.636686,27.017233,25.823418,24.21748,21.373161
2016-10-30,29.545366,27.01014,25.74958,24.156124,21.355515
2016-10-31,29.236284,26.936113,25.685104,24.110409,21.607153
2016-11-01,29.116322,26.783415,25.686365,24.053062,21.679834
2016-11-02,29.012516,26.665201,25.737684,24.029646,21.452305
2016-11-03,28.956036,26.44915,25.751482,23.812487,21.35527
2016-11-04,28.976074,26.317081,25.463636,23.796597,21.21217
2016-11-05,29.212982,26.25321,25.238966,23.880583,21.3355
2016-11-06,29.037697,26.427254,24.968866,23.90427,21.321898
2016-11-07,28.899069,26.742462,25.105776,24.027327,21.65897
2016-11-08,28.770824,26.784073,25.516848,24.087673,21.87618
2016-11-09,28.65633,26.537895,25.913387,23.964653,22.130978
2016-11-10,28.681818,26.886286,25.499392,23.902153,22.39398
2016-11-11,28.693079,27.054577,25.203928,23.844847,22.460938
2016-11-12,28.751165,26.961,24.91351,24.30398,22.215084
2016-11-13,28.86658,27.027176,24.873081,24.85439,22.147717
2016-11-14,28.80778,27.259516,25.278292,24.691431,22.25359
2016-11-15,28.847363,27.797691,25.460464,24.360083,22.261309
2016-11-16,28.883148,28.57939,25.848513,24.200382,22.093946
2016-11-17,29.144043,28.789139,26.071747,24.266146,22.12927
2016-11-18,29.238825,28.594206,26.192503,24.329132,22.187832
2016-11-19,29.386307,28.187738,26.313046,24.443459,22.259142
2016-11-20,29.408548,28.026741,26.201475,24.972778,22.052973
2016-11-21,29.463589,27.981676,26.30949,24.971424,21.6145
2016-11-22,29.238558,27.871347,26.36221,24.924868,21.364885
2016-11-23,29.116652,27.592604,26.167679,24.885124,21.388195
2016-11-24,29.083569,27.1777,26.023224,24.722666,21.138292
2016-11-25,29.128649,26.794392,25.95861,24.614298,21.038328
2016-11-26,28.96256,26.858109,25.907831,24.486416,21.002235
2016-11-27,28.964842,26.948256,25.791063,24.334944,21.037247
2016-11-28,29.206278,27.086145,25.739239,24.274403,21.309841
2016-11-29,29.18905,27.307644,25.735111,24.317486,21.227617
2016-11-30,29.320494,27.520786,25.784851,24.357111,21.379427
2016-12-01,29.161215,27.789469,25.808506,24.366041,21.4682
2016-12-02,29.254921,27.909725,25.738575,24.339582,21.681448
2016-12-03,29.14986,27.872503,25.816494,24.305271,21.817738
2016-12-04,29.19879,27.833714,25.940952,24.497473,21.802729
2016-12-05,29.388702,27.542585,25.86869,24.660728,21.939503
2016-12-06,29.54874,27.438126,25.744019,24.807577,22.038382
2016-12-07,29.702658,27.367609,25.802135,24.855938,21.783493
2016-12-08,30.022112,27.308481,25.940903,24.795382,21.572927
2016-12-09,30.014132,27.265562,26.011179,24.382715,21.376492
2016-12-10,30.077143,27.28192,26.040537,24.539173,21.558472
2016-12-11,30.155462,27.064108,25.93983,24.817125,22.083694
2016-12-12,30.371819,27.004797,25.82082,24.822374,22.429941
2016-12-13,30.259922,26.963428,25.87198,25.12348,22.260166
2016-12-14,30.149372,26.95542,25.883219,25.567722,22.149101
2016-12-15,30.2391,26.973354,25.705812,25.440874,22.407864
2016-12-16,30.36061,26.940687,25.615803,25.397388,22.552605
2016-12-17,30.254105,27.094574,25.550215,25.388119,22.736275
2016-12-18,30.45074,27.102463,25.561378,25.298779,22.877575
2016-12-19,30.285555,27.42852,25.471048,25.14189,23.042
2016-12-20,30.509111,27.274231,25.40351,24.960722,23.24455
2016-12-21,30.38812,27.255848,25.520098,25.21952,22.816895
2016-12-22,30.274149,27.468084,25.569605,25.512964,22.651924
2016-12-23,30.116045,27.532433,25.482529,25.641333,23.182575
2016-12-24,30.09597,27.482935,25.461359,25.599459,24.217892
2016-12-25,29.978971,27.406069,25.511415,25.260069,24.967772
2016-12-26,30.101456,27.348888,25.425655,25.334667,24.949482
2016-12-27,30.162727,27.381075,25.343512,25.423702,24.852777
2016-12-28,30.256725,27.286636,25.438772,25.508778,24.676308
2016-12-29,30.224327,27.361843,25.611012,25.468264,24.703367
2016-12-30,30.43435,27.208956,25.767725,25.355507,24.597763
2016-12-31,30.628794,26.952564,25.705643,25.372778,24.035069
2017-01-01,30.485512,26.802427,25.692541,25.401367,23.551027
2017-01-02,30.345911,26.775051,25.876995,25.343208,23.083403
2017-01-03,30.359266,26.752134,25.853567,25.23734,22.74765
2017-01-04,30.13621,26.783562,25.762041,25.127117,22.942034
2017-01-05,30.31104,26.73834,25.645489,25.140764,23.525438
2017-01-06,30.412544,26.587105,25.577213,25.18216,23.603645
2017-01-07,30.456135,26.543024,25.490917,25.141577,23.79301
2017-01-08,30.338312,26.622223,25.094242,25.229784,23.883173
2017-01-09,30.368715,26.640766,24.982218,25.358978,24.198732
2017-01-10,30.377077,26.546114,25.02075,25.408,24.261889
2017-01-11,30.402636,26.493273,25.062584,25.416153,24.25968
2017-01-12,30.431976,26.641708,24.967363,25.385597,24.466244
2017-01-13,30.341719,26.702385,25.022177,25.136417,24.70301
2017-01-14,30.37558,26.978893,25.249369,25.19232,25.419195
2017-01-15,30.350643,27.219051,25.261484,25.294022,25.825897
2017-01-16,30.514456,27.262314,25.232382,25.275202,25.875996
2017-01-17,30.397709,27.143747,25.189608,25.33118,25.36893
2017-01-18,30.359886,27.105947,25.657036,25.427145,24.525515
2017-01-19,30.235628,27.152666,25.926237,25.42516,24.566957
2017-01-20,30.376661,27.21613,25.749485,25.382792,25.096813
2017-01-21,30.333015,27.211056,25.793709,25.340263,25.29905
2017-01-22,30.370356,27.185736,25.99911,25.261736,24.263548
2017-01-23,30.548208,27.22684,25.99124,24.968702,23.806684
2017-01-24,30.472351,27.066761,25.877876,25.055687,23.725948
2017-01-25,30.303553,26.883856,25.818724,25.70977,23.675125
2017-01-26,30.234478,26.848764,25.94286,25.862492,23.702644
2017-01-27,30.30446,26.937735,26.09426,25.828695,23.737797
2017-01-28,30.330729,26.994526,26.083996,25.815151,24.123875
2017-01-29,30.261225,26.989258,26.241972,25.67108,24.732794
2017-01-30,30.307648,26.961803,26.112717,25.57444,24.98014
2017-01-31,30.19055,26.770979,25.967653,25.325756,25.350779
2017-02-01,30.183155,26.47965,25.730309,25.3051,25.985752
2017-02-02,30.236275,26.267317,25.695225,25.401808,26.246801
2017-02-03,30.263424,26.157906,25.723835,25.637903,26.363714
2017-02-04,30.221615,26.164566,25.78851,25.494204,26.295748
2017-02-05,30.070646,26.168365,25.771626,25.615713,26.594778
2017-02-06,29.976362,26.418333,25.678593,25.697142,26.924479
2017-02-07,29.88276,26.346352,25.552498,25.61462,27.49586
2017-02-08,30.150528,26.091091,25.54346,25.544758,27.394894
2017-02-09,30.041271,26.186283,25.676514,25.639805,26.648556
2017-02-10,29.92278,26.226128,25.902025,25.791815,26.141747
2017-02-11,29.877153,26.234869,26.24977,25.980362,26.072062
2017-02-12,29.883015,26.377087,26.20626,26.045198,26.282679
2017-02-13,29.879084,26.732342,26.346104,26.076294,26.514769
2017-02-14,29.92155,27.082922,26.392551,26.000961,26.499708
2017-02-15,29.847376,27.178804,26.357635,26.06039,26.605812
2017-02-16,29.8701,27.150175,26.585272,26.000505,26.772638
2017-02-17,29.861715,27.324326,26.598755,25.87914,26.44505
2017-02-18,29.883757,26.852083,26.668974,25.868376,25.973692
2017-02-19,30.0113,26.42356,26.527725,25.890188,25.589426
2017-02-20,29.893099,26.380573,26.488445,25.90443,26.127506
2017-02-21,29.912886,26.582626,26.341326,25.828852,26.322866
2017-02-22,29.904984,26.771328,26.286386,25.68452,26.468363
2017-02-23,29.871664,26.644514,26.207378,25.767618,26.490063
2017-02-24,29.962137,26.617836,26.257647,26.001682,27.090532
2017-02-25,29.806345,26.559504,26.248981,25.989683,27.639168
2017-02-26,29.771744,26.597692,26.253153,25.96559,27.57614
2017-02-27,29.721003,26.664757,26.14357,25.870365,26.655
2017-02-28,29.105188,26.789125,26.14073,25.945839,26.59365
2017-03-01,28.727282,27.12029,26.138306,25.694288,26.725508
2017-03-02,28.884296,27.104702,26.156197,25.475628,26.633356
2017-03-03,28.760519,27.175154,26.267036,25.762226,26.090643
2017-03-04,28.513878,27.231617,26.115423,25.84837,25.750597
2017-03-05,28.52784,27.101887,26.351032,26.060312,25.87728
2017-03-06,28.55542,27.071953,26.611252,26.06094,26.301756
2017-03-07,28.622837,27.187637,26.638714,25.96291,26.10366
2017-03-08,28.48419,27.364674,26.650843,26.154081,26.040178
2017-03-09,28.088581,27.26147,26.814316,26.21916,26.289845
2017-03-10,28.150946,26.93467,27.379675,26.16881,26.653042
2017-03-11,28.426767,26.874622,27.477242,26.213055,26.901136
2017-03-12,28.403267,26.863094,27.383732,26.585327,27.068472
2017-03-13,28.13969,26.839962,27.350006,26.313858,27.37615
2017-03-14,28.16768,26.954142,27.355503,26.393806,27.808685
2017-03-15,28.113983,27.111704,27.231228,26.497568,27.860624
2017-03-16,28.169527,27.188837,27.102037,26.497398,27.540173
2017-03-17,28.345407,27.094894,26.925625,26.47265,27.517567
2017-03-18,28.272747,27.074053,26.833069,26.543144,27.3865
2017-03-19,28.40174,27.100227,26.800354,26.565578,27.237713
2017-03-20,28.536064,27.158087,26.789116,26.651688,27.182709
2017-03-21,28.3878,27.118946,26.730122,26.610058,27.26982
2017-03-22,28.338228,27.031073,26.754492,26.569902,27.5794
2017-03-23,28.272465,26.907562,26.779066,26.733427,27.342728
2017-03-24,28.351892,26.891706,26.761032,26.738379,26.352367
2017-03-25,28.608484,26.823565,26.70913,26.641092,26.411993
2017-03-26,28.384079,26.843744,26.657705,26.764442,26.92935
2017-03-27,28.357061,26.889362,26.615446,26.904305,26.814222
2017-03-28,28.408493,26.926487,26.617077,27.00387,26.835007
2017-03-29,28.505627,27.03265,26.751642,27.107718,27.071566
2017-03-30,28.664017,27.136816,26.72444,27.304798,27.475368
2017-03-31,28.87183,27.11814,26.745708,27.311459,28.173237
2017-04-01,28.978233,27.244493,26.660236,27.31293,28.258455
2017-04-02,28.86536,27.272383,26.60802,27.116693,28.170652
2017-04-03,28.80619,27.128029,26.683111,27.082176,27.806559
2017-04-04,28.66009,27.251638,26.702436,27.18695,27.234602
2017-04-05,28.933765,27.209063,26.74531,27.186178,27.024529
2017-04-06,28.74667,27.207745,26.82553,27.006924,26.896076
2017-04-07,28.601955,27.24222,27.056183,26.949408,26.93064
2017-04-08,28.606543,27.31812,26.954737,26.93862,27.176664
2017-04-09,28.693075,27.384909,26.946133,26.826551,27.43588
2017-04-10,28.576794,27.305096,26.90947,26.954842,27.04991
2017-04-11,28.602377,27.318872,27.156643,27.107359,27.176357
2017-04-12,28.956968,27.436598,27.016167,27.192694,26.930965
2017-04-13,29.277632,27.862215,27.43113,27.264654,26.259104
2017-04-14,28.876158,27.551039,27.698494,27.503387,26.075924
2017-04-15,28.723478,27.768442,28.250633,27.39306,26.243322
2017-04-16,28.6131,27.96617,28.720724,27.61677,26.349257
2017-04-17,28.66971,27.992376,28.317001,27.274593,26.476973
2017-04-18,28.625422,27.95677,28.115108,27.050823,26.951323
2017-04-19,28.706244,27.903255,28.139359,26.950592,27.136368
2017-04-20,28.690052,27.889523,27.869207,26.92409,27.104727
2017-04-21,28.804003,27.881659,27.661652,27.010406,26.359266
2017-04-22,29.13117,27.84266,27.71518,27.103464,26.364992
2017-04-23,29.322214,27.88189,27.643463,27.172853,26.309706
2017-04-24,29.29644,28.060608,27.636835,27.299414,26.529497
2017-04-25,29.791656,27.843334,27.652683,27.104685,26.8077
2017-04-26,29.340185,27.878193,27.623686,27.223658,26.924181
2017-04-27,29.026672,27.915771,27.715326,27.175404,26.814146
2017-04-28,28.903786,28.014257,27.8452,27.180649,26.50064
2017-04-29,28.59667,28.12656,27.447409,27.002436,26.10198
2017-04-30,28.878439,28.137522,27.614515,26.737045,25.907625
2017-05-01,28.678709,28.248371,27.61259,26.673737,25.907475
2017-05-02,28.795082,28.602797,27.598087,26.862082,25.629488
2017-05-03,28.901329,28.516834,27.704956,27.158476,25.589214
2017-05-04,28.884645,28.685627,27.56177,27.096771,25.766582
2017-05-05,29.130884,28.996649,27.583483,26.981375,25.451818
2017-05-06,29.218239,29.064001,27.727268,26.832197,25.774666
2017-05-07,29.154713,29.111324,28.101248,26.776125,26.092972
2017-05-08,29.281876,29.1141,28.081938,26.887045,25.904503
2017-05-09,29.517487,29.056114,27.853458,27.250196,25.945034
2017-05-10,29.737381,28.869196,27.881922,27.426514,25.96814
2017-05-11,29.933401,28.73761,27.919157,27.574709,26.321909
2017-05-12,29.741123,28.694626,27.969845,27.614697,26.707329
2017-05-13,29.670324,28.750538,,27.587889,26.985867
2017-05-14,29.498661,28.668896,,27.621758,26.757626
2017-05-15,29.46577,28.607256,,27.625662,26.675188
2017-05-16,29.498955,28.579279,,27.503942,26.312567
2017-05-17,29.38634,28.6736,,27.388374,26.222666
2017-05-18,29.249617,28.74449,,27.405632,25.483622
2017-05-19,29.203472,28.658056,,27.550896,25.191154
2017-05-20,29.433168,28.418272,,27.608355,25.13425
2017-05-21,29.3303,28.361387,,27.415232,25.628407
2017-05-22,29.475822,28.547314,,27.348074,26.308979
2017-05-23,29.431162,28.449163,,27.339458,25.962605
2017-05-24,29.318449,28.602798,,27.271296,26.496685
2017-05-25,29.30607,28.338757,,27.289883,26.650099
2017-05-26,29.136055,28.708038,,27.344017,26.615458
2017-05-27,29.142393,28.770216,,27.36389,26.165531
2017-05-28,29.152449,28.891037,,27.442173,25.625084
2017-05-29,29.106321,28.970835,,27.426744,25.2403
2017-05-30,29.200567,28.864464,,27.347292,24.986385
2017-05-31,29.113468,28.757927,,27.332443,25.096832
2017-06-01,29.276943,28.654015,,27.207935,24.825409
2017-06-02,29.41322,28.671646,,27.138811,24.79607
2017-06-03,29.58136,28.799862,,27.005548,24.618336
2017-06-04,29.672377,28.918411,,26.850971,24.592056
2017-06-05,29.612854,29.211985,,26.980768,
2017-06-06,29.731726,29.065453,,26.989933,
2017-06-07,29.862724,28.706062,,26.964941,
2017-06-08,30.243685,28.581978,,26.906775,
2017-06-09,30.228205,28.678268,,26.746845,
2017-06-10,30.43379,28.803362,,26.665672,
2017-06-11,30.435625,28.852058,,26.724842,
2017-06-12,30.253048,28.726202,,26.745937,24.219355
2017-06-13,30.25089,28.69596,,26.771433,24.22342
2017-06-14,30.104452,28.64399,,27.1494,24.393053
2017-06-15,30.053474,28.651024,,27.196579,24.21174
2017-06-16,30.056282,28.557865,,27.368382,24.344955
2017-06-17,30.034697,28.859951,,27.662706,24.39149
2017-06-18,30.015318,28.775835,,27.807325,24.240408
2017-06-19,29.838331,28.92513,,27.845688,24.557873
2017-06-20,29.727743,29.06063,,27.75395,25.385979
2017-06-21,29.588465,29.132994,,27.600166,25.15272
2017-06-22,29.8889,28.831558,,27.444265,24.895987
2017-06-23,29.729437,28.98676,,27.343584,24.513588
2017-06-24,29.98722,29.006912,,27.274267,24.389597
2017-06-25,29.7343,28.90087,,27.091972,24.106571
2017-06-26,29.745483,28.779154,,27.024672,24.102436
2017-06-27,29.89626,28.778763,,27.058992,23.941807
2017-06-28,29.832228,28.814821,,27.14322,23.935505
2017-06-29,30.018835,28.904144,,27.07284,23.900043
2017-06-30,29.84813,29.053978,,27.011675,23.780811
2017-07-01,30.006037,29.214579,,27.026333,23.643484
2017-07-02,29.942472,29.05125,,27.056015,23.601854
2017-07-03,29.940027,28.966717,,27.225426,23.41843
2017-07-04,29.86806,28.858675,,27.323893,23.699852
2017-07-05,29.695948,28.767626,,27.351454,24.121801
2017-07-06,29.904676,28.765816,,27.380209,25.050615
2017-07-07,29.74855,28.750948,,27.32321,25.365505
2017-07-08,29.933052,28.7496,,27.185387,25.321371
2017-07-09,30.090462,28.786552,,26.98258,24.880669
2017-07-10,30.072626,28.82798,,26.80971,24.599796
2017-07-11,30.069801,28.849024,,26.633131,24.79536
2017-07-12,30.170557,28.812035,,26.660109,23.815254
2017-07-13,30.083237,28.74089,,26.766964,23.192234
2017-07-14,30.345026,28.667772,,26.954775,22.994595
2017-07-15,30.059551,28.576471,,27.17791,22.956953
2017-07-16,30.159792,28.729513,,27.266232,22.839348
2017-07-17,30.122948,28.787485,,27.005804,22.7564
2017-07-18,30.070333,28.790287,,26.999933,23.068697
2017-07-19,30.121965,28.685835,,26.854437,23.142866
2017-07-20,30.06286,28.635769,,26.696547,23.339123
2017-07-21,29.981392,28.488226,,26.385927,23.559452
2017-07-22,29.883236,28.492237,,26.171612,23.68082
2017-07-23,29.99012,28.354952,,25.940413,23.61859
2017-07-24,30.084604,28.276491,,25.811655,23.43085
2017-07-25,30.046265,28.230516,,25.57777,23.253668
2017-07-26,29.8789,28.383226,,25.63542,23.043087
2017-07-27,29.786436,28.632856,,25.792736,24.45597
2017-07-28,29.831703,28.23275,,25.99542,24.890274
2017-07-29,29.958214,28.19466,,25.874102,25.111712
2017-07-30,30.003746,28.220554,,25.6563,24.907413
2017-07-31,29.898823,28.237696,,25.457098,24.318745
2017-08-01,29.841488,28.261982,,25.629671,23.579311
2017-08-02,30.082113,28.212439,,25.824839,22.489292
2017-08-03,30.235142,28.091951,,25.720932,22.294437
2017-08-04,29.793566,28.01452,,25.5562,22.022663
2017-08-05,30.034502,27.888706,,25.540627,22.232714
2017-08-06,29.991272,28.033186,,25.46454,22.340355
2017-08-07,30.065132,28.10147,,25.160778,22.547766
2017-08-08,30.07093,28.120848,,25.131504,22.569124
2017-08-09,30.083277,28.158857,,25.166866,22.91078
2017-08-10,,28.046978,,25.160522,23.122402
2017-08-11,30.006758,27.878296,,25.071726,22.946371
2017-08-12,30.023647,27.831118,,24.908085,22.745779
2017-08-13,,27.980742,,24.979221,22.57138
2017-08-14,,28.128922,,24.919065,22.507187
2017-08-15,,28.203737,,24.990171,22.413641
2017-08-16,,28.15474,,24.967382,22.39689
2017-08-17,29.8192,28.028976,,25.214558,22.287352
2017-08-18,29.837452,27.940195,,25.32738,22.250261
2017-08-19,30.041367,27.855516,,24.994982,21.905367
2017-08-20,30.08316,27.81098,,24.749783,21.641737
2017-08-21,30.01522,27.937288,,24.996574,21.272007
2017-08-22,29.884375,27.825079,,25.77866,21.029118
2017-08-23,29.911482,28.025105,,26.4023,21.22797
2017-08-24,29.842997,28.172245,,26.563782,21.604422
2017-08-25,29.786139,28.17826,,26.393557,21.877876
2017-08-26,29.825815,28.083109,,26.411966,22.008287
2017-08-27,29.744385,28.039595,,26.287025,21.82402
2017-08-28,29.811604,28.009354,,25.472614,22.096197
2017-08-29,29.690378,27.994339,,24.857439,22.41755
2017-08-30,29.610718,27.981392,,24.394613,22.689411
2017-08-31,29.966133,27.9087,,24.409073,21.684793
2017-09-01,30.029453,27.784576,,24.774422,21.347164
2017-09-02,30.040426,27.794796,,25.012753,21.071102
2017-09-03,30.137266,27.7521,,25.019749,20.564362
2017-09-04,29.828705,28.127,,24.956566,20.334528
2017-09-05,29.781036,28.255299,,25.053724,20.459585
2017-09-06,29.855692,28.430504,,25.100258,20.345953
2017-09-07,30.325321,28.458397,,25.01562,20.512371
2017-09-08,30.123005,28.345146,,24.932224,20.708658
2017-09-09,29.955282,28.223316,,24.893435,20.595549
2017-09-10,29.71938,27.93901,,24.686825,20.77652
2017-09-11,29.590103,27.78277,,24.558601,20.981026
2017-09-12,29.458158,27.855425,,24.50027,20.818377
2017-09-13,29.396664,27.797781,,24.629803,20.90804
2017-09-14,29.37448,27.767101,,24.79728,20.74408
2017-09-15,29.337992,27.617208,,24.81361,20.58141
2017-09-16,29.291819,27.540878,,24.801615,20.49869
2017-09-17,29.26863,27.61281,,24.759602,20.682177
2017-09-18,29.325027,27.615238,,24.468689,20.9529
2017-09-19,29.482433,27.64487,,24.092695,20.491903
2017-09-20,29.582417,27.40326,,24.13674,20.392962
2017-09-21,29.444458,27.319233,,24.219929,20.51687
2017-09-22,29.386536,27.397085,,24.402205,20.665184
2017-09-23,29.357887,27.587566,,24.696861,20.91056
2017-09-24,29.153322,27.6271,,25.057316,20.887207
2017-09-25,28.970568,27.66866,,25.547447,21.191887
2017-09-26,28.807861,27.678055,,25.6986,21.31918
2017-09-27,28.666264,27.621801,,26.041399,21.460182
2017-09-28,28.642527,27.641325,,26.13285,21.728874
2017-09-29,28.743633,27.800743,,26.25643,22.958303
2017-09-30,28.858309,27.870142,,26.52552,22.012787
2017-10-01,29.23123,27.896069,,26.751493,21.923292
2017-10-02,29.080084,27.885313,,26.554474,21.90879
2017-10-03,29.097832,27.71273,,25.863386,21.971857
2017-10-04,29.064362,27.586067,,25.146706,21.651417
2017-10-05,29.189762,27.557198,,24.507341,21.92849
2017-10-06,29.114069,27.749151,,24.329823,22.549076
2017-10-07,28.709242,27.679941,,24.70984,22.578863
2017-10-08,28.865376,27.663748,,24.834837,22.179977
2017-10-09,28.90022,27.57675,,24.89599,21.526499
2017-10-10,28.67079,27.459091,,25.132097,20.685215
2017-10-11,28.779062,27.410759,,25.225695,20.458773
2017-10-12,28.857492,27.555061,,25.241953,20.317564
2017-10-13,28.756422,27.70432,,25.063562,20.087782
2017-10-14,28.906376,27.517637,,24.82078,19.762684
2017-10-15,28.575401,27.376495,,24.55692,19.742554
2017-10-16,28.535217,27.277908,,24.618755,19.54097
2017-10-17,28.614992,27.14745,,24.762993,19.620361
2017-10-18,28.733624,27.13285,,24.851324,19.900194
2017-10-19,28.932371,26.829216,,24.602764,20.243963
2017-10-20,29.237785,26.45082,,24.536966,20.461512
2017-10-21,29.105314,26.577171,,24.520824,20.663115
2017-10-22,29.160542,26.97224,,24.381577,20.87674
2017-10-23,28.850338,27.228088,,24.284292,21.072468
2017-10-24,28.585205,27.345121,,24.397856,21.166874
2017-10-25,28.823984,27.5165,,24.205296,21.118977
2017-10-26,28.972868,27.793787,,24.595003,21.45582
2017-10-27,29.22975,27.942423,,25.030447,21.60408
2017-10-28,29.006525,27.921482,,25.000034,21.579163
2017-10-29,28.851439,28.00732,,24.81844,21.68337
2017-10-30,29.26889,28.11423,,24.810225,21.605509
2017-10-31,29.464207,27.991827,,24.977251,21.30059
2017-11-01,29.5495,28.19335,,25.018559,21.73934
2017-11-02,29.22378,28.283195,,24.911413,22.71403
2017-11-03,28.858088,28.14284,,24.609259,22.340115
2017-11-04,29.319275,28.029015,,24.209822,22.219501
2017-11-05,29.3961,27.851452,,23.936205,22.166386
2017-11-06,29.128757,27.802269,,23.93993,21.760912
2017-11-07,29.1804,27.742435,,23.99287,21.318762
2017-11-08,29.2781,27.582098,,24.05588,21.304964
2017-11-09,29.194897,27.473154,,24.117546,21.295961
2017-11-10,29.180347,27.167381,,24.297112,21.114002
2017-11-11,29.255625,27.077278,,24.458582,21.176321
2017-11-12,29.09402,27.06085,,24.634289,21.221579
2017-11-13,29.603903,26.982851,,24.711765,21.259605
2017-11-14,29.667515,26.899263,,24.63559,21.285316
2017-11-15,29.393456,26.71264,,24.52055,21.210825
2017-11-16,29.121384,26.59481,,24.487154,21.014513
2017-11-17,29.081745,26.462852,,24.513865,20.58967
2017-11-18,29.081846,26.414465,,24.236795,20.238125
2017-11-19,29.146555,26.386604,,24.07269,20.267666
2017-11-20,29.098343,26.41324,,23.791416,20.221333
2017-11-21,29.422224,26.463003,,23.838905,19.97035
2017-11-22,29.541058,26.550608,,23.909533,20.27663
2017-11-23,29.743622,26.755796,,23.47781,20.288145
2017-11-24,29.788496,,,23.129694,20.099274
2017-11-25,30.041254,,,23.003069,19.919434
2017-11-26,29.797297,,,22.79133,19.789001
2017-11-27,29.674345,,,22.49016,20.556715
2017-11-28,30.15189,,,22.538544,20.834934
2017-11-29,29.836866,,,22.795393,20.52852
2017-11-30,30.007301,,,23.078598,20.408808
2017-12-01,29.907936,,,23.108711,20.458843
2017-12-02,29.795483,,,23.211147,19.760164
2017-12-03,29.782696,,,23.39743,19.831507
2017-12-04,29.498478,,,23.43287,20.241488
2017-12-05,29.454237,,,23.762619,20.365091
2017-12-06,29.728222,,,23.562098,20.125446
2017-12-07,29.54832,,,23.620241,20.39233
2017-12-08,29.48806,,,23.64262,20.463772
2017-12-09,29.399443,,,23.573336,20.640623
2017-12-10,29.535963,,,23.46075,20.571125
2017-12-11,29.445704,,,23.20867,20.489008
2017-12-12,29.520788,,,23.041393,20.49261
2017-12-13,29.506441,,,23.14207,20.498747
2017-12-14,29.428064,,,23.249174,20.465372
2017-12-15,29.761904,,,23.392504,20.418217
2017-12-16,30.202093,,,23.455801,20.478662
2017-12-17,30.389915,,,23.54064,20.43859
2017-12-18,30.435732,,,23.705666,20.828384
2017-12-19,30.03725,,,23.799828,20.80791
2017-12-20,30.039572,,,23.799646,21.00216
2017-12-21,30.082062,,,23.751902,21.412338
2017-12-22,30.060316,,,23.5412,21.54671
2017-12-23,30.09824,,,23.43697,21.599684
2017-12-24,30.110292,,,23.359682,21.836632
2017-12-25,30.005163,,,23.493567,21.81213
2017-12-26,30.219809,,,23.528727,21.776712
2017-12-27,30.195044,,,23.669949,21.529991
2017-12-28,30.154976,,,24.173529,21.277288
2017-12-29,30.205868,,,24.314255,21.274603
2017-12-30,30.237858,,,23.98004,21.514008
2017-12-31,30.289438,,,23.910694,21.602049
2018-01-01,30.222832,,,23.999464,21.438593
2018-01-02,30.226257,,,24.274982,21.362164
2018-01-03,30.183783,,,23.85279,21.40017
2018-01-04,30.218914,,,23.572672,21.345842
2018-01-05,30.266922,,,23.543756,21.21114
2018-01-06,30.351261,,,23.63597,21.368843
2018-01-07,30.419113,,,23.643597,21.53029
2018-01-08,30.352228,,,23.647495,21.506704
2018-01-09,30.312641,,,23.756535,23.189217
2018-01-10,30.377373,,,23.824291,23.804674
2018-01-11,30.251413,,,24.375841,24.127209
2018-01-12,30.16695,,,24.73286,24.528355
2018-01-13,30.153255,,,24.955399,24.528948
2018-01-14,30.109322,,,24.73867,24.545753
2018-01-15,30.05066,,,24.475796,24.08102
2018-01-16,29.933407,,,24.498928,24.179298
2018-01-17,29.760214,,,24.65841,24.41309
2018-01-18,29.71968,,,24.728298,24.34292
2018-01-19,29.641304,,,24.685371,23.987331
2018-01-20,29.4496,,,24.709175,23.680458
2018-01-21,29.337776,,,24.805532,23.306524
2018-01-22,29.183302,,,24.87138,23.727915
2018-01-23,29.124706,,,24.949057,24.20436
2018-01-24,29.14371,,,24.992903,24.18618
2018-01-25,29.090448,,,24.98431,24.163559
2018-01-26,29.033012,,,24.815437,24.153627
2018-01-27,28.99968,,,24.624214,24.316866
2018-01-28,29.022621,,,24.380404,24.360846
2018-01-29,28.999273,,,24.254192,24.42888
2018-01-30,28.945967,,,24.759542,24.322048
2018-01-31,28.972,,,24.795107,24.014399
2018-02-01,28.88437,,,24.646666,23.336874
2018-02-02,29.03886,,,24.525196,22.931917
2018-02-03,29.187893,,,24.325462,22.602222
2018-02-04,29.131943,,,24.223812,22.908104
2018-02-05,28.76908,,,24.092121,22.963566
2018-02-06,29.001184,,,24.164015,22.963829
2018-02-07,28.932528,,,24.116768,23.132679
2018-02-08,29.131771,,,24.387735,23.608015
2018-02-09,29.306252,,,24.71903,23.48951
2018-02-10,29.342457,,,25.107876,23.52619
2018-02-11,29.63982,,,25.066875,23.244291
2018-02-12,29.863792,,,24.88425,23.402998
2018-02-13,29.82445,,,24.625376,23.930408
2018-02-14,29.730358,,,24.55687,24.233757
2018-02-15,29.718174,,,24.381895,24.485083
2018-02-16,29.853937,,,24.35592,24.42858
2018-02-17,29.756193,,,24.259243,24.192816
2018-02-18,29.908113,,,24.189934,24.338888
2018-02-19,29.820766,,,24.070103,24.27474
2018-02-20,29.748104,,,23.730118,24.440062
2018-02-21,30.036049,,,23.522291,24.667025
2018-02-22,30.01764,,,23.820295,25.152086
2018-02-23,29.983519,,,24.527588,25.408129
2018-02-24,30.094194,,,24.42069,25.816832
2018-02-25,30.092335,,,24.35549,26.121998
2018-02-26,29.988928,,,24.418074,26.212967
2018-02-27,29.930435,,,24.55888,26.10136
2018-02-28,29.866089,,,24.357225,26.08331
2018-03-01,29.944477,,,24.034008,26.07744
2018-03-02,29.984371,,,24.16857,26.609251
2018-03-03,30.015854,,,24.424406,26.49037
2018-03-04,30.178255,,,24.49325,25.567127
2018-03-05,29.98141,,,24.429674,25.187355
2018-03-06,30.062677,,,24.659124,25.192148
2018-03-07,29.586815,,,24.924944,25.028543
2018-03-08,29.744095,,,25.128635,25.101292
2018-03-09,29.868113,,,25.271862,25.40826
2018-03-10,29.86312,,,25.472271,24.75256
2018-03-11,29.733122,,,25.657866,24.899904
2018-03-12,29.709063,,,25.476543,25.409172
2018-03-13,29.707289,,,25.348274,25.530092
2018-03-14,29.51093,,,25.392694,25.342646
2018-03-15,29.817402,,,25.1841,24.823069
2018-03-16,29.924957,,,24.875504,24.79558
2018-03-17,29.938175,,,24.785269,24.828262
2018-03-18,29.665655,,,24.746948,24.593563
2018-03-19,29.572865,,,24.766968,24.677382
2018-03-20,29.874643,,,24.966007,24.797907
2018-03-21,29.968634,,,25.082567,24.69291
2018-03-22,29.941961,,,25.191647,24.734512
2018-03-23,29.872028,,,25.34534,25.331741
2018-03-24,29.930807,,,25.538046,25.17515
2018-03-25,29.953241,,,25.73793,25.551262
2018-03-26,29.90375,,,25.926435,25.907967
2018-03-27,29.882786,,,26.016323,25.610785
2018-03-28,29.916763,,,26.117008,26.016954
2018-03-29,29.905315,,,26.298618,25.9027
2018-03-30,29.991787,,,26.348276,25.693644
2018-03-31,29.862787,,,26.175049,25.914373
2018-04-01,29.832874,,,26.106634,26.592787
2018-04-02,29.89121,,,26.132477,26.726957
2018-04-03,30.024849,,,26.10244,27.385927
2018-04-04,30.066536,,,26.085054,27.923534
2018-04-05,30.081137,,,26.119734,27.921976
2018-04-06,29.991499,,,26.207691,27.903942
2018-04-07,29.99798,,,26.24348,27.668753
2018-04-08,30.049038,,,26.344563,26.916975
2018-04-09,30.050701,,,26.425285,26.71172
2018-04-10,30.109015,,,26.519417,26.440657
2018-04-11,30.003965,,,26.500412,26.746622
2018-04-12,29.944683,,,26.545635,26.496374
2018-04-13,29.97158,,,26.485292,26.819857
2018-04-14,30.036621,,,26.379593,26.926868
2018-04-15,30.042889,,,26.364014,27.11566
2018-04-16,30.140192,,,26.449738,26.994873
2018-04-17,30.2033,,,26.485312,26.677608
2018-04-18,30.175638,,,26.472715,26.066973
2018-04-19,30.177076,,,26.410522,25.943985
2018-04-20,29.934483,,,26.256617,25.610315
2018-04-21,29.875332,,,26.20606,25.593758
2018-04-22,29.738842,,,26.37259,25.311314
2018-04-23,29.999485,,,26.549383,25.202
2018-04-24,30.000437,,,26.365164,25.393524
2018-04-25,30.049295,,,26.404589,25.543236
2018-04-26,30.141045,,,26.380272,25.555569
2018-04-27,30.19971,,,26.399775,25.582409
2018-04-28,30.199276,,,26.483513,25.622643
2018-04-29,30.22793,,,26.56943,25.388988
2018-04-30,30.253153,,,26.539576,25.555876
2018-05-01,30.256922,,,26.56946,25.682335
2018-05-02,30.207006,,,26.65164,
2018-05-03,30.12425,,,26.777983,25.69106
2018-05-04,30.091394,,,26.759272,25.598648
2018-05-05,30.145544,,,26.762592,25.505386
2018-05-06,30.435024,,,26.799498,25.339367
2018-05-07,30.269241,,,26.86437,25.286846
2018-05-08,30.357536,,,26.85693,25.262405
2018-05-09,30.211658,,,26.895006,25.582973
2018-05-10,30.223848,,,26.93903,25.582638
2018-05-11,30.261345,,,26.976704,25.34837
2018-05-12,30.229134,,,26.99812,25.377085
2018-05-13,30.202469,,,27.033722,25.751596
2018-05-14,30.183266,,,27.149216,25.716148
2018-05-15,30.15336,,,27.192942,25.77618
2018-05-16,30.259077,,,27.290865,25.683235
2018-05-17,30.221443,,,27.512999,25.276815
2018-05-18,30.17654,,,27.321495,25.413654
2018-05-19,30.132408,,,27.271912,25.576515
2018-05-20,30.093548,,,27.235985,25.60596
2018-05-21,30.099365,,,27.217432,25.814524
2018-05-22,30.187288,,,27.152918,25.95016
2018-05-23,30.207,,,27.160095,26.460382
2018-05-24,30.123413,,,27.066505,26.750713
2018-05-25,30.171568,,,26.94829,26.833918
2018-05-26,30.151064,,,27.013653,26.86166
2018-05-27,30.076902,,,27.030584,26.842075
2018-05-28,30.09135,,,26.925379,26.616909
2018-05-29,30.082485,,,26.803871,26.541859
2018-05-30,30.12408,,,26.710266,26.381008
2018-05-31,30.117668,,,26.687372,26.250578
2018-06-01,30.030386,,,26.700848,26.20639
2018-06-02,30.005806,,,26.815706,26.25723
2018-06-03,29.96723,,,26.98553,26.389784
2018-06-04,30.015762,,,27.031626,26.464403
2018-06-05,29.888565,,,26.966902,26.396305
2018-06-06,29.88823,,,26.985264,26.292051
2018-06-07,29.874706,,,27.069603,26.10067
2018-06-08,29.925287,,,27.1125,25.903233
2018-06-09,30.019938,,,27.080652,25.849052
2018-06-10,29.866493,,,27.144413,25.86162
2018-06-11,29.760818,,,27.252327,25.748014
2018-06-12,29.74661,,,27.382174,25.563133
2018-06-13,29.981535,,,27.355385,25.479723
2018-06-14,29.854801,,,27.323202,25.474682
2018-06-15,29.81989,,,27.208258,25.583942
2018-06-16,29.907505,,,27.244246,25.619148
2018-06-17,29.815569,,,27.346863,25.849112
2018-06-18,30.038189,,,27.489468,25.89327
2018-06-19,30.009167,,,27.497227,25.8737
2018-06-20,29.8755,,,27.513866,25.706297
2018-06-21,29.889584,,,27.646942,25.517979
2018-06-22,30.051609,,,27.446299,25.213087
2018-06-23,29.910963,,,27.346888,24.7234
2018-06-24,30.033907,,,27.278122,24.5061
2018-06-25,30.064165,,,27.205072,24.883009
2018-06-26,30.020803,,,27.13664,25.025808
2018-06-27,30.054688,,,27.05387,25.24651
2018-06-28,30.089853,,,27.037603,25.003126
2018-06-29,30.076519,,,27.008514,24.965662
2018-06-30,30.051624,,,27.01601,24.763704
2018-07-01,30.01245,,,27.064453,24.522772
2018-07-02,30.054106,,,27.1288,24.531878
2018-07-03,29.94881,,,27.09496,24.48961
2018-07-04,29.994076,,,26.980556,24.859438
2018-07-05,30.258112,,,26.86047,25.307152
2018-07-06,30.381254,,,26.761213,25.195856
2018-07-07,30.206318,,,26.780329,25.195793
2018-07-08,30.066471,,,26.927649,25.249062
2018-07-09,30.07512,,,26.928858,25.10267
2018-07-10,30.005241,,,26.84201,24.444784
2018-07-11,29.876879,,,26.779812,23.64432
2018-07-12,29.695137,,,26.743258,23.67685
2018-07-13,29.711042,,,26.688929,23.788797
2018-07-14,29.904903,,,26.59111,24.392633
2018-07-15,29.910898,,,26.559769,24.311068
2018-07-16,29.967825,,,26.463953,24.129814
2018-07-17,30.02984,,,26.467072,24.222359
2018-07-18,30.065119,,,26.521862,23.740604
2018-07-19,29.96923,,,26.413366,23.58909
2018-07-20,30.01991,,,26.319864,23.57664
2018-07-21,30.097687,,,26.23589,23.551086
2018-07-22,30.225464,,,26.189255,23.591106
2018-07-23,30.201315,,,26.187466,23.513393
2018-07-24,30.192806,,,26.38501,23.362463
2018-07-25,30.031258,,,26.499992,23.216986
2018-07-26,30.278984,,,26.544271,23.942436
2018-07-27,30.279736,,,26.40746,24.565073
2018-07-28,30.291925,,,26.186758,24.506842
2018-07-29,30.192484,,,26.28968,23.860102
2018-07-30,30.420296,,,26.515057,22.934238
2018-07-31,30.494246,,,26.547039,22.818512
2018-08-01,30.410997,,,26.39831,22.932613
2018-08-02,30.421183,,,26.155571,23.114304
2018-08-03,30.271652,,,25.982927,23.119091
2018-08-04,30.253714,,,25.903522,23.186815
2018-08-05,30.346478,,,25.616457,23.01874
2018-08-06,30.45327,,,25.513002,22.544203
2018-08-07,30.314857,,,25.552881,22.358215
2018-08-08,30.563915,,,25.607386,22.329044
2018-08-09,30.51311,,,25.839836,22.53465
2018-08-10,30.36229,,,25.800129,22.238342
2018-08-11,30.37328,,,25.775726,22.652592
2018-08-12,30.252996,,,25.908209,22.793575
2018-08-13,30.242455,,,26.026289,23.028353
2018-08-14,30.477222,,,26.02262,23.710665
2018-08-15,30.274385,,,26.12535,23.649775
2018-08-16,30.018095,,,26.190937,23.5424
2018-08-17,30.06124,28.434958,,26.024557,23.47125
2018-08-18,30.207588,28.463787,,25.860786,23.399357
2018-08-19,30.37599,28.5443,,25.913647,24.725166
2018-08-20,29.988422,28.424145,,26.031054,24.170664
2018-08-21,30.211416,28.489094,,26.49732,23.42515
2018-08-22,30.34553,28.47729,,26.748098,22.449272
2018-08-23,30.425858,28.447924,,27.0359,21.874327
2018-08-24,30.347319,28.41899,,27.319294,21.532364
2018-08-25,30.24805,28.38295,,27.14031,21.521194
2018-08-26,30.199833,28.399601,,27.058205,21.272425
2018-08-27,30.302109,28.482147,,26.860209,21.40979
2018-08-28,30.25427,28.779808,,26.56992,21.55049
2018-08-29,30.391973,28.522839,,26.156786,21.55787
2018-08-30,30.309118,28.703459,,25.77712,21.752266
2018-08-31,30.328548,28.60581,,25.576805,21.879011
2018-09-01,30.338743,28.603424,,25.8062,21.715107
2018-09-02,30.301285,28.592468,27.33156,26.046356,21.609186
2018-09-03,30.529161,28.514568,27.15413,26.182362,21.66081
2018-09-04,30.448534,28.512732,27.275942,26.126957,21.87208
2018-09-05,30.403927,28.54864,27.450201,26.277992,21.845032
2018-09-06,30.091106,28.56182,27.860245,26.293879,21.622993
2018-09-07,30.228453,28.705257,27.844044,26.129793,21.46952
2018-09-08,30.293028,28.777822,27.80302,25.718279,22.175722
2018-09-09,30.280672,28.79996,27.763027,25.75713,22.963055
2018-09-10,30.381804,28.844763,27.796654,25.775187,23.86829
2018-09-11,30.30578,28.793053,27.771845,25.906397,24.662144
2018-09-12,30.462847,28.688225,27.692377,26.195404,25.010838
2018-09-13,30.455864,28.637218,27.657328,26.448166,24.984064
2018-09-14,30.306612,28.66068,27.620455,26.396526,24.726477
2018-09-15,30.45171,28.543917,27.476137,26.159786,24.080116
2018-09-16,30.31456,28.470024,27.383709,26.042517,23.761633
2018-09-17,30.386505,28.429993,27.310059,25.684244,23.372238
2018-09-18,30.414087,28.406487,27.28984,25.333773,23.024765
2018-09-19,30.41955,28.3328,27.249338,25.23184,22.690876
2018-09-20,30.531311,28.334427,27.220175,25.502552,22.537643
2018-09-21,30.624672,28.438623,27.24794,25.745937,22.451342
2018-09-22,30.462881,28.787695,27.24127,25.951403,22.489622
2018-09-23,30.458923,28.730997,27.264545,26.22391,22.579897
2018-09-24,30.396427,29.477674,27.341063,26.314484,22.835575
2018-09-25,30.13661,29.420591,27.495022,26.406244,23.184402
2018-09-26,30.248615,29.038815,27.33888,26.45822,24.53477
2018-09-27,30.41508,28.837406,,26.401995,25.082287
2018-09-28,30.207682,28.918818,,26.404568,25.109152
2018-09-29,30.192596,28.967775,,26.36571,25.13174
2018-09-30,30.308392,29.251617,,26.407701,25.137466
2018-10-01,30.402214,29.233398,,26.658781,24.827864
2018-10-02,30.427212,29.285646,,26.863878,24.54139
2018-10-03,30.45952,29.19493,,26.770336,24.61068
2018-10-04,30.470572,28.813875,,26.704626,24.666616
2018-10-05,30.599874,28.740885,,26.677734,24.475306
2018-10-06,30.431189,28.91712,,26.742447,24.371523
2018-10-07,30.700096,29.191935,,27.006813,24.235958
2018-10-08,30.721292,29.594782,,26.971306,25.248695
2018-10-09,30.696413,29.813643,,26.88744,25.616638
2018-10-10,30.671524,29.35908,,26.829676,24.865053
2018-10-11,30.661037,29.20304,,26.758131,24.251125
2018-10-12,30.71353,29.118595,,26.663006,24.040215
2018-10-13,30.625443,28.996714,,26.519573,24.10569
2018-10-14,30.60796,29.03949,,26.487438,23.972765
2018-10-15,30.635523,29.045074,,26.47291,23.90345
2018-10-16,30.776123,28.99404,,26.442598,23.868338
2018-10-17,30.758791,28.979904,,26.434092,23.885208
2018-10-18,30.85834,29.025517,,26.43573,23.994123
2018-10-19,30.751057,28.965607,,26.46974,24.108786
2018-10-20,30.854593,28.981285,,26.494772,24.185122
2018-10-21,30.832874,28.907122,,26.579779,24.213362
2018-10-22,30.881062,28.660992,,26.529593,24.295258
2018-10-23,30.990627,28.46655,,26.518621,24.471401
2018-10-24,30.974909,28.45452,,26.531218,24.410723
2018-10-25,31.040756,28.437653,,26.5631,24.48927
2018-10-26,31.043941,28.247759,,26.62592,24.362825
2018-10-27,30.978403,28.405582,,26.706045,23.904488
2018-10-28,30.824423,28.424147,,26.76247,23.771576
2018-10-29,30.937258,28.329617,,26.858673,23.608686
2018-10-30,30.679806,28.670822,,26.907125,23.651491
2018-10-31,30.679974,29.034609,,27.093525,23.68917
2018-11-01,30.705788,28.806362,,27.179026,23.879366
2018-11-02,30.726404,28.90304,,27.073961,23.966461
2018-11-03,30.75011,29.238838,,27.015633,24.04914
2018-11-04,30.612247,29.157005,,27.002178,24.160948
2018-11-05,30.616507,28.919653,,26.943146,24.205158
2018-11-06,30.960081,28.968712,,26.721296,24.306593
2018-11-07,30.966957,28.843613,,26.490692,24.359118
2018-11-08,30.83506,29.03801,,26.407913,24.43088
2018-11-09,30.583906,28.96583,,26.341236,24.524853
2018-11-10,30.639061,28.89446,,26.431503,24.579063
2018-11-11,30.806114,28.873112,,26.429113,24.590286
2018-11-12,30.598324,28.841852,,26.427654,24.482996
2018-11-13,30.511992,28.83429,,26.364956,24.50851
2018-11-14,30.406069,28.828085,,26.325508,24.60561
2018-11-15,30.41894,28.775894,,26.326157,24.79346
2018-11-16,30.390371,28.75251,,26.273035,24.794493
2018-11-17,30.525688,28.910044,,26.252394,24.73307
2018-11-18,30.392822,28.913153,,26.43087,24.680033
2018-11-19,30.8048,28.80614,,26.454113,24.673882
2018-11-20,30.489061,28.790535,,26.527859,24.63294
2018-11-21,30.499079,28.807245,,26.572248,24.574783
2018-11-22,30.506771,28.91287,,26.51222,24.599184
2018-11-23,30.66157,28.742914,,26.49437,24.774061
2018-11-24,30.657537,28.625511,,26.65511,25.03414
2018-11-25,30.538544,28.54169,,26.783442,25.006363
2018-11-26,30.393644,28.492147,,26.859539,25.143648
2018-11-27,30.194206,28.622448,,26.898355,25.210867
2018-11-28,30.11499,28.514982,,26.86878,25.26724
2018-11-29,30.177876,28.73927,,26.864471,25.192383
2018-11-30,30.167166,29.177254,,26.840801,25.179604
2018-12-01,30.240921,29.305788,,26.84945,25.14612
2018-12-02,30.311886,29.349998,,26.660292,25.021496
2018-12-03,30.362326,29.424767,,26.617327,24.962358
2018-12-04,30.402966,29.478647,,26.564264,24.880732
2018-12-05,30.110672,29.558695,,26.460981,24.666096
2018-12-06,30.422709,29.699884,,26.389023,24.306143
2018-12-07,30.522675,29.639355,,26.388918,24.141638
2018-12-08,30.65789,29.430834,,26.327555,24.223259
2018-12-09,30.6275,29.345781,,26.355642,24.243107
2018-12-10,30.841536,29.112062,,26.42065,24.864563
2018-12-11,30.526789,29.003353,,26.459166,24.859793
2018-12-12,30.377098,,,26.483803,24.756908
2018-12-13,30.497583,,,26.433346,24.763912
2018-12-14,30.46955,,,26.352802,24.733707
2018-12-15,30.352713,,,26.34869,24.71694
2018-12-16,30.167774,,,26.391727,25.057198
2018-12-17,30.225983,,,26.417534,25.812431
2018-12-18,30.30592,,,26.431423,25.8021
2018-12-19,30.189869,,,26.374456,25.535791
2018-12-20,30.205278,,,26.329704,25.269962
2018-12-21,30.284492,,,26.350296,24.923225
2018-12-22,30.406693,,,26.292168,24.460213
2018-12-23,30.510523,,,26.371704,24.298508
2018-12-24,30.702393,,,26.485237,24.35418
2018-12-25,30.29666,,,26.454107,24.399296
2018-12-26,30.43237,,,26.449799,24.61265
2018-12-27,30.40443,,,26.422213,24.793777
2018-12-28,30.172083,,,26.302982,24.635138
2018-12-29,30.260654,,,26.349926,24.656002
2018-12-30,30.18842,,,26.168177,24.53871
2018-12-31,30.123892,,,26.11284,24.672611
2019-01-01,30.181334,,,26.126148,24.735815
2019-01-02,29.752522,,,26.402983,24.756378
2019-01-03,30.028011,,,26.490246,24.4315
2019-01-04,30.24103,,,26.508846,24.026703
2019-01-05,30.490475,,,26.229074,23.88843
2019-01-06,30.413364,,,26.259836,24.370125
2019-01-07,30.41613,,,26.339764,24.401937
2019-01-08,30.546484,,,26.382158,24.43704
2019-01-09,30.49062,,,26.400648,24.399199
2019-01-10,30.331945,,,26.502975,24.391834
2019-01-11,30.18093,,,26.51884,24.563059
2019-01-12,30.089212,,,26.240782,24.554026
2019-01-13,29.981092,,,26.20021,24.527452
2019-01-14,29.9982,,,26.19989,25.193768
2019-01-15,29.938084,,,26.1418,24.877542
2019-01-16,29.930443,,,25.958683,24.642782
2019-01-17,29.95523,,,25.69716,24.691103
2019-01-18,29.948854,,,25.488115,24.964907
2019-01-19,29.940153,,,25.428776,25.082352
2019-01-20,29.849285,,,25.566519,25.001875
2019-01-21,29.92447,,,25.640413,25.054918
2019-01-22,29.988556,,,25.652393,25.173223
2019-01-23,29.987103,,,25.814812,25.168303
2019-01-24,30.018044,,,26.111288,25.257313
2019-01-25,30.072836,,,26.244871,
2019-01-26,30.173515,,,26.356256,25.415651
2019-01-27,30.192823,,,26.011568,25.426775
2019-01-28,30.039787,,,25.77369,25.227467
2019-01-29,30.14828,,,25.915258,25.075832
2019-01-30,30.099659,,,26.107883,24.872478
2019-01-31,30.194128,,,26.147007,
2019-02-01,30.166634,,,26.038235,
2019-02-02,30.197716,,,25.995325,24.910044
2019-02-03,30.153997,,,25.994053,25.716782
2019-02-04,30.202415,,,26.02169,25.953428
2019-02-05,30.026213,,,26.031784,26.699713
2019-02-06,29.948895,,,26.17329,26.996355
2019-02-07,29.84909,,,26.352398,26.965942
2019-02-08,29.833424,,,26.334158,26.927027
2019-02-09,29.860306,,,26.302721,26.573786
2019-02-10,30.002054,,,26.342617,26.809828
2019-02-11,29.977673,,,26.423702,26.368261
2019-02-12,29.950048,,,26.469114,26.602
2019-02-13,29.895985,,,26.443033,26.675295
2019-02-14,29.863106,,,26.396383,26.176447
2019-02-15,29.851522,,,26.337917,26.353104
2019-02-16,29.834362,,,26.392832,26.437973
2019-02-17,29.748163,,,26.43983,26.569078
2019-02-18,29.831366,,,26.50294,26.150894
2019-02-19,30.000893,,,26.498636,26.357899
2019-02-20,29.914183,,,26.582235,26.57278
2019-02-21,29.69848,,,26.798822,26.116438
2019-02-22,29.62801,,,27.03076,26.299103
2019-02-23,29.53057,,,26.950527,26.345633
2019-02-24,29.54933,,,27.002964,26.96622
2019-02-25,29.741032,,,27.232105,27.157263
2019-02-26,29.792244,,,27.298927,27.011908
2019-02-27,29.896423,,,27.214071,26.547281
2019-02-28,30.184769,,,27.135326,26.751846
2019-03-01,29.931686,,,27.058847,27.014574
2019-03-02,30.093367,,,27.425627,27.282547
2019-03-03,30.155272,,,27.333374,27.546204
2019-03-04,29.864622,,,27.45382,27.434376
2019-03-05,29.897997,,,27.694462,27.052162
2019-03-06,29.81446,,,27.755129,27.26009
2019-03-07,29.815596,,,27.590765,26.781845
2019-03-08,29.688786,,,27.569704,
2019-03-09,29.864782,,,27.537008,26.810682
2019-03-10,29.840279,,,27.424406,26.844942
2019-03-11,29.97083,,,27.601765,
2019-03-12,29.903442,,,27.76325,26.880733
2019-03-13,29.854425,,,27.812546,27.16614
2019-03-14,29.749735,,,27.847607,27.059086
2019-03-15,,,,27.937517,27.168196
2019-03-16,29.57724,,,28.13994,27.23441
2019-03-17,29.608429,,,28.098955,27.482573
2019-03-18,29.6001,,,27.922419,
2019-03-19,29.702915,,,27.752886,
2019-03-20,29.929018,,,27.587914,27.644384
2019-03-21,29.654776,,,27.57012,27.731684
2019-03-22,29.678032,,,27.619932,27.737705
2019-03-23,29.93719,,,27.723476,27.631956
2019-03-24,29.75879,,,27.63876,27.471848
2019-03-25,29.774717,,,27.682283,27.363813
2019-03-26,29.72421,,,27.871923,27.332226
2019-03-27,29.623125,,,28.01479,27.42058
2019-03-28,29.69364,,,27.718012,27.335587
2019-03-29,29.775187,,,,
2019-03-30,29.853502,,,,27.07571
2019-03-31,29.921541,,,,
2019-04-01,29.778574,,,,27.182371
2019-04-02,29.821774,,,,27.207058
2019-04-03,29.768986,,,,27.192408
2019-04-04,29.530706,,,,27.300241
2019-04-05,29.49507,,,,27.387934
2019-04-06,29.58657,,,,27.423964
2019-04-07,29.546772,,,,27.343
2019-04-08,29.793028,,,,27.388948
2019-04-09,29.77341,,,,27.354176
2019-04-10,29.355162,,,,27.080574
2019-04-11,29.708794,,,,26.80591
2019-04-12,29.652042,,,,26.728762
2019-04-13,29.694519,,,,27.347775
2019-04-14,29.714329,,,,27.27356
2019-04-15,29.647047,,,,27.502308
2019-04-16,29.716894,,,,27.740416
2019-04-17,29.594189,,,,27.945715
2019-04-18,29.59106,,,,28.237871
2019-04-19,29.648783,,,,28.397863
2019-04-20,29.534597,,,,27.938087
2019-04-21,29.671852,,,,27.65399
2019-04-22,29.686775,,,,27.505566
2019-04-23,29.620611,,,,27.53394
2019-04-24,29.70002,,,,27.505316
2019-04-25,29.643806,,,,27.596224
2019-04-26,29.557377,,,,27.490942
2019-04-27,29.615784,,,,27.570269
2019-04-28,29.66191,,,,27.55928
2019-04-29,29.665245,,,,27.477541
2019-04-30,29.76314,,,,27.46744
2019-05-01,29.814844,,,,27.607618
2019-05-02,29.90339,,,,27.883413
2019-05-03,30.069246,,,,27.918364
2019-05-04,29.563097,,,,27.77798
2019-05-05,29.336754,,,,27.339365
2019-05-06,29.552296,,,,26.841988
2019-05-07,29.55875,,,,26.291777
2019-05-08,29.826097,,,,25.986755
2019-05-09,29.99046,,,,25.73198
2019-05-10,30.058329,,,,25.654707
2019-05-11,30.134655,,,,25.615757
2019-05-12,29.838015,,,,25.767633
2019-05-13,30.409122,,,,25.783686
2019-05-14,29.908237,,,,25.8216
2019-05-15,29.821901,,,,25.807737
2019-05-16,29.852556,,,,25.880135
2019-05-17,30.04316,,,,25.989489
2019-05-18,30.043837,,,,26.120941
2019-05-19,29.82132,,,,26.055174
2019-05-20,29.807535,,,,25.867949
2019-05-21,29.688536,,,,25.817413
2019-05-22,29.571032,,,,26.176086
2019-05-23,29.5927,,,,26.522614
2019-05-24,29.760256,,,,25.78157
2019-05-25,29.747643,,,,24.977324
2019-05-26,29.980663,,,,24.983929
2019-05-27,29.825651,,,,24.750673
2019-05-28,29.963818,,,,24.63508
2019-05-29,29.885778,,,,24.442547
2019-05-30,29.906822,,,,24.381039
2019-05-31,29.925375,,,,24.291374
2019-06-01,30.069971,,,,24.892244
2019-06-02,30.176786,,,,25.066053
2019-06-03,30.05713,,,,24.730927
2019-06-04,30.042698,,,,24.580122
2019-06-05,30.088335,,,,25.524714
2019-06-06,30.14761,,,,25.83824
2019-06-07,30.193056,,,,25.85426
2019-06-08,30.069727,,,,25.677113
2019-06-09,30.211424,,,,25.125362
2019-06-10,30.266657,,,,24.747417
2019-06-11,30.178413,,,,24.24233
2019-06-12,30.067005,,,,23.926928
2019-06-13,30.01021,,,,24.026123
2019-06-14,30.011223,,,,23.637922
2019-06-15,30.095224,,,,23.653858
2019-06-16,29.887707,,,,23.949484
2019-06-17,29.897266,,,,23.696352
2019-06-18,30.110567,,,,23.776016
2019-06-19,30.018538,,,,23.933727
2019-06-20,29.729465,,,,24.157606
2019-06-21,29.84219,,,,24.282038
2019-06-22,,,,,
2019-06-23,,,,,
2019-06-24,,,,,24.34515
2019-06-25,29.847057,,,,24.335424
2019-06-26,30.009102,,,,24.246674
2019-06-27,30.101007,,,,24.140434
2019-06-28,30.008087,,,,24.205244
2019-06-29,30.22062,,,,24.193686
2019-06-30,30.27556,,,,24.170507
2019-07-01,30.42702,,,,24.50662
2019-07-02,30.202562,,,,
2019-07-03,30.124111,,,,24.250074
2019-07-04,29.997507,,,,24.421124
2019-07-05,30.085669,,,,25.28096
2019-07-06,30.394918,,,,25.49559
2019-07-07,30.023937,,,,25.1071
2019-07-08,30.06189,,,,23.847675
2019-07-09,30.147123,,,,23.268309
2019-07-10,30.094643,,,,23.363705
2019-07-11,29.824987,,,,24.077995
2019-07-12,29.850195,,,,23.954622
2019-07-13,30.035583,,,,23.406855
2019-07-14,30.101303,,,,22.921011
2019-07-15,29.779228,,,,22.648624
2019-07-16,29.904865,,,,22.346277
2019-07-17,29.981247,,,,21.901243
2019-07-18,29.971062,,,,21.89924
2019-07-19,29.978601,,,,22.202856
2019-07-20,30.104294,,,,22.72095
2019-07-21,30.165749,,,,22.877201
2019-07-22,30.124084,,,,22.31722
2019-07-23,29.88846,,,,21.836493
2019-07-24,30.157278,,,,22.44786
2019-07-25,30.325472,,,,22.567535
2019-07-26,30.339693,,,,23.078035
2019-07-27,30.311655,,,,24.407038
2019-07-28,30.269514,,,,23.886353
2019-07-29,30.338242,,,,22.579044
2019-07-30,30.366947,,,,22.49952
2019-07-31,30.134872,,,,21.966702
2019-08-01,30.274954,,,,21.444317
2019-08-02,30.279875,,,,21.264343
2019-08-03,30.316105,,,,21.336369
2019-08-04,30.626368,,,,21.28677
2019-08-05,30.668365,,,,21.46729
2019-08-06,30.401117,,,,21.903204
2019-08-07,30.534718,,,,21.979609
2019-08-08,30.210712,,,,22.019707
2019-08-09,30.094185,,,,21.959171
2019-08-10,29.944433,,,,21.895905
2019-08-11,30.057362,,,,22.00955
2019-08-12,30.049139,,,,22.04425
2019-08-13,30.100454,,,,21.872534
2019-08-14,30.236116,,,,21.726566
2019-08-15,30.54521,,,,21.588871
2019-08-16,30.525335,,,,21.497631
2019-08-17,30.422384,,,,21.458324
2019-08-18,30.556591,,,,21.461634
2019-08-19,30.59533,,,,21.571547
2019-08-20,30.698786,,,,21.171995
2019-08-21,30.429365,,,,21.569757
2019-08-22,30.363087,,,,21.586731
2019-08-23,30.34175,,,,21.448202
2019-08-24,30.431435,,,,21.434362
2019-08-25,30.474163,,,,21.468956
2019-08-26,30.517563,,,,23.310852
2019-08-27,30.631683,,,,24.384119
2019-08-28,30.706064,,,,23.84108
2019-08-29,30.289942,,,,23.289835
2019-08-30,30.518618,,,,22.96053
2019-08-31,30.671103,,,,22.832151
2019-09-01,30.465044,,,,22.639727
2019-09-02,30.200493,,,,22.614313
2019-09-03,30.34942,,,,22.787111
2019-09-04,30.735022,,,,22.682459
2019-09-05,30.633188,,,,22.485298
2019-09-06,30.10461,,,,22.532194
2019-09-07,30.476078,,,,22.263338
2019-09-08,30.586515,,,,22.770094
2019-09-09,30.477224,,,,22.982922
2019-09-10,30.384626,,,,22.808037
2019-09-11,30.341244,,,,21.806198
2019-09-12,30.728415,,,,21.164843
2019-09-13,30.385612,,,,21.16425
2019-09-14,30.600508,,,,21.093843
2019-09-15,30.498495,,,,21.27099
2019-09-16,30.621204,,,,21.080711
2019-09-17,30.455605,,,,21.007067
2019-09-18,30.525457,,,,21.068186
2019-09-19,30.34189,,,,20.91456
2019-09-20,30.33432,,,,21.04199
2019-09-21,30.675413,,,,21.045977
2019-09-22,30.667244,,,,21.13291
2019-09-23,30.557829,,,,21.112186
2019-09-24,30.556812,,,,21.12187
2019-09-25,30.476028,,,,21.044716
2019-09-26,30.51524,,,,21.445328
2019-09-27,30.686213,,,,21.465368
2019-09-28,30.583504,,,,21.473766
2019-09-29,30.640615,,,,21.36481
2019-09-30,30.625875,,,,21.743853
2019-10-01,30.698984,,,,23.05515
2019-10-02,30.883463,,,,22.545929
2019-10-03,30.851505,,,,22.291044
2019-10-04,30.995876,,,,22.218464
2019-10-05,30.672924,,,,21.599401
2019-10-06,30.978645,,,,21.696556
2019-10-07,30.94948,,,,21.61558
2019-10-08,31.063446,,,,21.363312
2019-10-09,30.97345,,,,21.467752
2019-10-10,30.902197,,,,21.629978
2019-10-11,30.958527,,,26.275982,21.868431
2019-10-12,30.93825,,,26.322817,22.718214
2019-10-13,30.987278,,,26.252642,23.614862
2019-10-14,30.88653,,,26.281216,24.464417
2019-10-15,30.976673,,,26.322172,24.50509
2019-10-16,30.94171,,,26.395565,24.65218
2019-10-17,31.01379,,,26.54151,24.540905
2019-10-18,30.951574,,,26.565363,23.787678
2019-10-19,30.941496,,,26.460272,23.462826
2019-10-20,31.05566,,,26.447624,23.522299
2019-10-21,31.118639,,,26.427011,23.578056
2019-10-22,30.983828,,,26.598917,23.568659
2019-10-23,31.095438,,,26.682459,23.99618
2019-10-24,30.987068,,,26.59168,24.69984
2019-10-25,31.315538,,,26.559128,24.545893
2019-10-26,31.265694,,,26.500822,24.809898
2019-10-27,31.101763,,,26.583012,24.343344
2019-10-28,31.201048,,,26.551146,24.057661
2019-10-29,30.991285,,,26.545454,23.766552
2019-10-30,31.12703,,,26.453278,23.810043
2019-10-31,30.806566,,,26.377842,23.92024
2019-11-01,30.64246,,,26.293442,23.833979
2019-11-02,30.992455,,,26.149956,23.906984
2019-11-03,31.010538,,,26.081654,23.99232
2019-11-04,30.964815,,,25.983845,24.161465
2019-11-05,30.9221,,,25.912973,24.342161
2019-11-06,30.939734,,,25.80657,24.302692
2019-11-07,30.89035,,,25.719246,24.272728
2019-11-08,30.598925,,,25.648657,24.300198
2019-11-09,30.774536,,,25.645117,24.271244
2019-11-10,30.692417,,,25.582111,24.277828
2019-11-11,30.967047,,,25.57002,24.161554
2019-11-12,30.82348,,,25.756058,24.098467
2019-11-13,30.66514,,,25.837088,24.094263
2019-11-14,30.547054,,,25.749178,24.098774
2019-11-15,30.593082,,,25.718935,24.172966
2019-11-16,30.879154,,,25.830019,24.221195
2019-11-17,30.882544,,,26.05561,24.265127
2019-11-18,30.640303,,,26.109064,24.248413
2019-11-19,30.67182,,,26.11353,24.210718
2019-11-20,30.690794,,,26.009819,24.270529
2019-11-21,30.649511,,,25.874746,24.3903
2019-11-22,30.604908,,,25.799805,24.451412
2019-11-23,30.637466,,,25.816477,24.340052
2019-11-24,30.539762,,,25.653303,24.173847
2019-11-25,30.520226,,,25.638575,23.492159
2019-11-26,30.608381,,,25.575157,23.309673
2019-11-27,30.517056,,,25.588509,23.35746
2019-11-28,30.472027,,,25.57123,23.468386
2019-11-29,30.36714,,,25.372473,23.520912
2019-11-30,30.6963,,,25.24557,23.500751
2019-12-01,30.575033,,,25.129864,23.557684
2019-12-02,30.76512,,,25.186283,23.933157
2019-12-03,30.8657,,,25.554516,23.843445
2019-12-04,30.932571,,,25.883062,23.701757
2019-12-05,30.589598,,,25.760592,23.77129
2019-12-06,30.337875,,,25.713718,24.39207
2019-12-07,30.331844,,,25.597054,24.557644
2019-12-08,30.482307,,,25.432915,24.186703
2019-12-09,30.546848,,,25.396555,23.531479
2019-12-10,30.824987,,,25.317287,23.141363
2019-12-11,30.617294,,,25.212255,22.82991
2019-12-12,30.75767,,,25.295286,22.61053
2019-12-13,30.636908,,,25.313673,22.536797
2019-12-14,30.223595,,,25.834475,22.674444
2019-12-15,30.32677,,,25.833385,22.728512
2019-12-16,30.259064,,,25.90006,22.773844
2019-12-17,30.320068,,,26.007982,22.73789
2019-12-18,30.351667,,,26.090868,22.884552
2019-12-19,30.591402,,,26.114693,23.048513
2019-12-20,30.143726,,,25.965378,23.521536
2019-12-21,30.57307,,,25.597658,23.595541
2019-12-22,30.333061,,,25.39115,23.538965
2019-12-23,30.239918,,,25.372847,23.711655
2019-12-24,30.169458,,,25.307953,23.942778
2019-12-25,30.103794,,,25.375458,24.169935
2019-12-26,29.97995,,,25.637596,24.20663
2019-12-27,30.005882,,,25.830553,24.312326
2019-12-28,29.970177,,,25.940615,24.534494
2019-12-29,30.0506,,,26.097542,24.405523
2019-12-30,30.020607,,,26.317253,24.31894
2019-12-31,29.944256,,,26.453182,23.604683
2020-01-01,29.914547,,,26.442795,23.237408
2020-01-02,30.250404,,,26.346058,23.466413
2020-01-03,30.561607,,,26.337027,23.580286
2020-01-04,30.735569,,,26.382702,24.21575
2020-01-05,30.82632,,,26.479246,24.05365
2020-01-06,30.898214,,,26.319786,23.83993
2020-01-07,30.389029,,,26.193356,23.832281
2020-01-08,30.131723,,,26.230375,23.862234
2020-01-09,30.281685,,,26.243294,24.136646
2020-01-10,30.160563,,,26.307035,23.927551
2020-01-11,30.373877,,,26.28658,23.882284
2020-01-12,30.441248,,,26.252426,23.791811
2020-01-13,30.412914,,,26.226475,23.649952
2020-01-14,30.338448,,,26.186382,23.466082
2020-01-15,30.200272,,,26.060972,23.653925
2020-01-16,29.980556,,,25.959934,23.557451
2020-01-17,29.906677,,,25.869108,23.570616
2020-01-18,29.774157,,,25.81128,23.665081
2020-01-19,29.931557,,,25.86882,23.894878
2020-01-20,29.987392,,,25.883911,24.209389
2020-01-21,30.075768,,,25.632927,24.635593
2020-01-22,29.949854,,,25.758133,24.629543
2020-01-23,30.02459,,,25.785067,24.515425
2020-01-24,30.033916,,,25.855028,24.579683
2020-01-25,30.02615,,,25.76774,24.522812
2020-01-26,30.050123,,,25.741041,24.361874
2020-01-27,30.08337,,,25.685034,24.254606
2020-01-28,30.53299,,,25.668394,24.158815
2020-01-29,30.238153,,,25.569376,24.402544
2020-01-30,30.27737,,,25.586634,24.29584
2020-01-31,30.227396,,,25.902142,24.38515
2020-02-01,30.689478,,,26.104471,24.311676
2020-02-02,30.746862,,,26.238327,24.517223
2020-02-03,30.675615,,,26.099411,24.928555
2020-02-04,30.158083,,,25.828646,25.602005
2020-02-05,30.100033,,,25.67555,25.725607
2020-02-06,30.059263,,,25.647474,25.989164
2020-02-07,29.961054,,,25.534533,25.919271
2020-02-08,30.030664,,,25.536901,25.691772
2020-02-09,29.991993,,,25.573097,25.620676
2020-02-10,29.945194,,,25.622662,25.69166
2020-02-11,30.02326,,,25.576664,25.979666
2020-02-12,29.931416,,,25.563988,25.902058
2020-02-13,29.991802,,,25.52399,25.544062
2020-02-14,29.921625,,,25.54417,25.364342
2020-02-15,29.871931,,,25.64957,25.188953
2020-02-16,29.98733,,,25.875082,25.188017
2020-02-17,30.082153,,,25.990358,25.13299
2020-02-18,29.929474,,,26.073751,25.19034
2020-02-19,30.019224,,,26.085238,25.24031
2020-02-20,30.145916,,,26.15179,25.41169
2020-02-21,30.283005,,,26.338232,25.526354
2020-02-22,30.180244,,,26.50683,25.538603
2020-02-23,30.371658,,,26.601767,25.801302
2020-02-24,30.485794,,,26.615519,25.89098
2020-02-25,30.051445,,,26.727585,25.622332
2020-02-26,30.193766,,,27.009214,25.719007
2020-02-27,30.457258,,,27.122734,25.992702
2020-02-28,30.233723,,,27.128242,26.158113
2020-02-29,30.365173,,,27.05162,25.923143
2020-03-01,30.728601,,,27.053892,25.736023
2020-03-02,30.213013,,,27.168797,25.564358
2020-03-03,29.940548,,,27.308203,25.523165
2020-03-04,29.996635,,,27.250408,25.419407
2020-03-05,30.145786,,,27.088358,24.767979
2020-03-06,30.058838,,,26.88889,24.524113
2020-03-07,30.034409,,,26.626976,24.953289
2020-03-08,30.149721,,,26.530077,25.27622
2020-03-09,30.105951,,,26.59522,25.953005
2020-03-10,30.15263,,,26.794294,26.736223
2020-03-11,30.012924,,,26.987638,26.790428
2020-03-12,29.994942,,,26.988787,26.716045
2020-03-13,30.310879,,,27.087843,26.732094
2020-03-14,30.334883,,,27.292154,26.974463
2020-03-15,30.156744,,,27.61795,26.762823
2020-03-16,30.188553,,,27.703436,26.965712
2020-03-17,30.312162,,,27.807838,26.9585
2020-03-18,29.9723,,,27.665834,26.76492
2020-03-19,30.216658,,,27.412926,27.102112
2020-03-20,29.992683,,,27.176884,26.742155
2020-03-21,29.936579,,,27.278101,26.507002
2020-03-22,30.021269,,,27.261627,26.518616
2020-03-23,30.04036,,,27.200613,26.60135
2020-03-24,30.04633,,,27.126102,26.417526
2020-03-25,29.749111,,,27.133274,26.421518
2020-03-26,29.660574,,,27.071455,26.533934
2020-03-27,29.633465,,,27.073433,26.616728
2020-03-28,29.99124,,,27.10361,26.656212
2020-03-29,30.100811,,,27.123878,26.607494
2020-03-30,29.838453,,,27.157396,26.348896
2020-03-31,29.77074,,27.723423,27.270582,26.507805
2020-04-01,29.766884,,27.709414,27.238169,26.574121
2020-04-02,29.594398,,27.841614,26.935427,26.826548
2020-04-03,29.607012,,,26.719616,26.911127
2020-04-04,29.68758,,27.618578,26.77831,27.332611
2020-04-05,29.638102,,27.567768,26.737032,27.690744
2020-04-06,29.814928,,27.537056,26.976974,27.782846
2020-04-07,30.075169,,27.483637,26.82637,27.84902
2020-04-08,30.495592,,27.519289,26.801266,27.598293
2020-04-09,30.178694,,27.513308,26.814573,27.726965
2020-04-10,30.035858,,27.490494,27.071278,27.90302
2020-04-11,30.431602,,27.54993,27.357756,27.693869
2020-04-12,30.173254,,27.494663,27.525053,27.597605
2020-04-13,30.03035,,27.462608,27.61721,27.62811
2020-04-14,29.78312,,27.554346,27.765026,27.65885
2020-04-15,29.748056,,27.750196,27.810896,27.43463
2020-04-16,29.580776,,27.615404,27.784885,27.229683
2020-04-17,29.686752,,27.679916,27.799309,27.068792
2020-04-18,29.498713,,27.683641,27.758081,27.232464
2020-04-19,29.44811,,27.655098,28.020798,27.393848
2020-04-20,29.488127,,27.751816,27.911816,27.407448
2020-04-21,29.476719,,27.84862,27.79406,27.031286
2020-04-22,29.339764,,27.727718,27.753569,26.936102
2020-04-23,29.309675,,27.835443,27.582844,27.08201
2020-04-24,29.812584,,27.79874,27.392057,27.14944
2020-04-25,29.39005,,27.768358,27.366034,26.982529
2020-04-26,29.260143,,27.633957,27.272163,26.422047
2020-04-27,29.326595,,27.607828,27.028479,26.201689
2020-04-28,29.213388,,27.437613,27.079128,26.374601
2020-04-29,29.338112,,27.385904,27.121557,26.50789
2020-04-30,29.462414,,27.316004,27.102308,26.226234
2020-05-01,29.522936,,27.261179,26.96269,25.645668
2020-05-02,29.714407,,27.206589,26.442219,25.34508
2020-05-03,29.669218,,27.000473,26.560968,24.86474
2020-05-04,29.554916,,26.754038,26.598585,24.861
2020-05-05,29.399723,,26.901764,26.717379,24.862139
2020-05-06,29.492914,,26.716566,26.811922,24.90399
2020-05-07,29.613686,,26.837502,26.58815,25.044134
2020-05-08,29.791788,,27.023468,26.165852,24.991062
2020-05-09,29.596624,,27.098791,25.86697,25.014849
2020-05-10,29.674963,,27.01265,25.846994,24.910234
2020-05-11,29.731388,,26.902027,25.725208,25.08758
2020-05-12,29.781874,,26.804588,25.820381,25.076233
2020-05-13,29.556385,,26.70322,25.838549,25.065678
2020-05-14,29.655972,,26.689804,25.82646,24.807894
2020-05-15,29.57394,,26.650383,25.787899,24.657291
2020-05-16,29.55085,,26.683977,25.789171,24.667126
2020-05-17,29.363495,,26.743576,25.687529,24.511759
2020-05-18,29.30935,,26.765724,25.611282,23.756516
2020-05-19,29.252827,,26.888783,25.256468,23.782213
2020-05-20,29.252003,,26.792046,25.607956,24.026133
2020-05-21,29.26168,,26.640818,25.543653,24.365591
2020-05-22,29.307976,,,25.258688,24.25008
2020-05-23,29.45519,,,25.106228,25.234083
2020-05-24,29.510109,,26.232676,24.854042,25.06113
2020-05-25,29.429436,,26.228949,24.767422,24.452662
2020-05-26,29.629187,,26.149883,24.803608,24.737545
2020-05-27,29.442305,,26.170689,25.101538,24.255238
2020-05-28,29.47303,,26.190323,25.34803,23.764664
2020-05-29,29.371328,,26.534868,25.611855,23.616787
2020-05-30,29.574198,,26.66032,25.56765,23.843985
2020-05-31,29.63451,,26.668398,25.704018,23.656384
2020-06-01,29.342964,,,25.843937,22.799475
2020-06-02,29.2902,,,25.99891,22.375807
2020-06-03,29.311508,,,26.281303,22.89202
2020-06-04,29.506927,,26.823296,26.325626,22.716566
2020-06-05,29.672617,,26.98872,26.239887,23.007624
2020-06-06,29.757576,,26.932938,26.18122,23.054289
2020-06-07,29.920753,,26.99406,26.015633,22.889894
2020-06-08,29.864079,,27.084421,25.88536,22.77219
2020-06-09,29.576656,,27.056747,25.725082,22.713171
2020-06-10,29.80116,,27.199696,25.592669,22.641998
2020-06-11,29.57532,,27.246761,25.882397,22.772718
2020-06-12,29.646423,,27.161594,26.122643,22.37001
2020-06-13,29.459787,,27.139309,26.129646,22.770285
2020-06-14,29.505003,,27.171913,26.199413,23.028297
2020-06-15,29.427874,,27.253773,26.462196,22.665146
2020-06-16,29.64715,,27.27653,26.853296,22.876612
2020-06-17,29.79873,,27.327852,26.956215,23.03512
2020-06-18,29.878382,,27.299345,27.012026,23.035856
2020-06-19,29.968939,,27.317152,27.295082,23.25483
2020-06-20,30.01188,,27.287338,27.164762,23.454235
2020-06-21,30.035683,,27.29141,26.855541,23.445847
2020-06-22,30.014904,,27.333569,26.843044,23.42366
2020-06-23,29.968773,,27.384405,26.952461,23.390518
2020-06-24,29.893255,,27.421078,26.710415,23.497755
2020-06-25,29.895144,,27.408752,26.36057,23.538227
2020-06-26,29.830856,,27.434788,25.890413,23.799702
2020-06-27,29.762197,,27.465195,25.624865,23.891914
2020-06-28,29.717257,,27.443125,25.325968,23.908548
2020-06-29,29.739443,,27.383303,25.550028,23.919725
2020-06-30,29.750454,,27.409628,25.59649,23.759497
2020-07-01,30.072746,,27.445967,25.509003,23.63217
2020-07-02,30.045902,,27.342815,25.713799,23.62496
2020-07-03,29.955652,,27.333015,25.84909,23.318516
2020-07-04,29.707333,,27.41767,25.980556,23.146244
2020-07-05,29.570734,,27.528297,25.96331,23.204018
2020-07-06,29.505255,,27.6122,25.976946,23.421759
2020-07-07,29.453917,,27.723703,25.986122,23.064133
2020-07-08,,,,,
2020-07-09,29.865286,,27.964132,25.949844,22.654205
2020-07-10,,,,,
2020-07-11,29.321255,,27.789486,25.767492,22.585707
2020-07-12,29.292187,,27.703585,25.559814,22.611263
2020-07-13,29.335949,,27.682354,25.56183,22.653843
2020-07-14,29.561893,,27.553816,25.822319,22.858116
2020-07-15,29.600658,,27.312044,26.219574,
2020-07-16,29.590546,,27.255203,26.365639,
2020-07-17,29.312103,,27.230536,26.499266,23.198277
2020-07-18,29.674112,,27.153843,26.5203,23.099548
2020-07-19,29.693644,,27.036636,26.826725,22.974575
2020-07-20,29.848639,,,26.747751,22.867819
2020-07-21,30.047304,,,26.577608,22.624437
2020-07-22,29.960615,,,26.35013,22.896858
2020-07-23,29.914322,,,25.993866,23.252031
2020-07-24,29.6094,,,25.57612,23.781298
2020-07-25,29.281288,,,25.309834,23.907415
2020-07-26,29.105104,,,24.825535,23.98255
2020-07-27,29.074808,,,24.618847,24.482069
2020-07-28,29.098675,,,24.890768,24.276604
2020-07-29,29.309679,,,25.225435,23.32264
2020-07-30,28.972672,,,25.384022,23.082386
2020-07-31,29.100391,,,25.47265,22.608534
2020-08-01,29.028763,,,25.31013,22.27532
2020-08-02,29.050306,,,24.944841,22.090834
2020-08-03,28.93399,,,24.53177,22.179161
2020-08-04,28.891151,,,24.296482,22.197115
2020-08-05,28.878107,,,24.386566,22.272444
2020-08-06,28.818981,,,24.745535,22.723978
2020-08-07,28.751991,,,25.044458,22.75965
2020-08-08,28.688566,,,24.79775,22.91368
2020-08-09,28.634573,,,24.688833,22.995853
2020-08-10,28.577166,,,24.986025,23.018627
2020-08-11,28.636835,,,24.648436,22.886585
2020-08-12,28.774866,,,24.299295,22.457756
2020-08-13,28.66359,,,24.007551,22.368713
2020-08-14,28.676838,,,23.987154,22.574764
2020-08-15,28.927513,,,24.330076,22.984135
2020-08-16,29.072893,,,24.42438,23.262802
2020-08-17,29.17238,,,24.240057,23.251612
2020-08-18,29.593014,,,23.978418,23.313093
2020-08-19,29.2254,,,24.057764,22.493034
2020-08-20,29.434261,,,24.201256,21.582842
2020-08-21,29.359379,,,24.376568,20.999737
2020-08-22,29.46063,,,24.452503,21.149717
2020-08-23,29.468832,,,24.79203,20.893494
2020-08-24,29.47781,,,24.700296,21.00507
2020-08-25,29.491035,,,25.050022,21.352766
2020-08-26,29.772112,,,25.417341,21.412954
2020-08-27,29.613794,,,25.469862,21.17457
2020-08-28,29.409044,,,25.885826,20.92584
2020-08-29,29.254482,,,25.883865,20.676971
2020-08-30,29.253363,,,25.76392,20.915855
2020-08-31,29.013721,,,25.521965,21.13957
2020-09-01,28.980268,,,25.291798,20.94607
2020-09-02,,,,25.162426,20.51917
2020-09-03,29.190662,,,24.887032,20.016468
2020-09-04,28.899662,,,24.774157,19.712404
2020-09-05,28.967632,,,24.785654,19.467451
2020-09-06,28.893812,,,24.713116,19.583237
2020-09-07,28.79596,,,24.7754,19.574724
2020-09-08,28.8536,,,24.790257,19.218601
2020-09-09,29.077007,,,24.745623,18.91532
2020-09-10,29.104712,,,24.549854,18.765453
2020-09-11,28.930086,,,24.397894,20.389675
2020-09-12,28.705143,,,24.340515,21.449339
2020-09-13,28.582186,,,24.23989,22.285723
2020-09-14,28.482424,,,24.517593,21.639277
2020-09-15,28.532347,,,24.576778,20.57063
2020-09-16,28.46594,,,24.475595,20.656046
2020-09-17,28.466478,,,24.331709,20.974203
2020-09-18,28.379404,,,24.11445,21.525934
2020-09-19,28.510612,,,24.081587,22.561205
2020-09-20,28.511963,,,24.023125,23.047743
2020-09-21,28.365545,,,24.25252,22.861673
2020-09-22,28.426905,,,24.33805,22.690857
2020-09-23,28.537935,,,24.205666,22.524628
2020-09-24,28.490103,,,24.029222,21.50143
2020-09-25,28.45501,,,24.069412,20.352058
2020-09-26,28.32405,,,24.274343,19.904898
2020-09-27,28.40215,,,24.616833,20.097393
2020-09-28,28.53665,,,24.513067,20.472681
2020-09-29,28.466352,,,24.611912,20.57357
2020-09-30,28.426533,,,24.659895,20.670496
2020-10-01,28.509834,,,24.575409,20.494104
2020-10-02,28.289558,,,24.762486,20.200584
2020-10-03,28.262602,26.74903,,25.069805,20.350376
2020-10-04,28.602716,26.58499,,25.17997,20.260025
2020-10-05,28.585825,26.439684,,25.196207,20.021992
2020-10-06,28.530294,26.410273,,24.836819,19.629593
2020-10-07,28.632647,26.44017,,24.538893,19.677277
2020-10-08,28.669441,26.588772,,24.451784,19.86304
2020-10-09,28.488665,26.679562,,24.229069,19.771591
2020-10-10,28.433704,26.76503,,23.914621,19.980055
2020-10-11,28.61128,26.787043,,23.716202,20.169973
2020-10-12,28.537628,26.655758,,23.704332,20.311636
2020-10-13,28.459631,26.545195,,23.636078,20.291431
2020-10-14,28.475548,26.391573,,23.819994,20.219887
2020-10-15,28.374435,26.338888,,24.029697,20.088547
2020-10-16,28.412085,26.316908,,24.165194,19.94746
2020-10-17,28.32868,26.29644,,24.259539,20.171974
2020-10-18,28.28445,26.370731,,24.07214,20.371155
2020-10-19,28.168535,26.261452,,23.743126,20.594488
2020-10-20,28.215704,26.232199,,23.431684,20.631012
2020-10-21,,26.05128,,23.054577,20.929995
2020-10-22,,26.039698,,22.836407,20.945501
2020-10-23,,26.09479,,22.89303,20.922869
2020-10-24,,26.50444,,23.049608,20.666298
2020-10-25,,26.903728,,23.387037,20.685463
2020-10-26,,27.008238,,23.027555,20.902084
2020-10-27,,27.038141,,22.829391,21.448788
2020-10-28,,26.977644,,22.55941,21.607538
2020-10-29,,,,22.318789,21.809357
2020-10-30,,,,22.281754,21.72146
2020-10-31,,,,21.760246,22.374905
2020-11-01,,,,21.929092,22.965313
2020-11-02,,,,22.370134,23.54455
2020-11-03,,,,22.910292,23.071674
2020-11-04,,,,23.068577,21.962095
2020-11-05,,,,,
2020-11-06,,,,23.318092,20.817282
2020-11-07,,,,23.89609,21.109674
2020-11-08,,,,24.31826,21.0027
2020-11-09,,,,24.702429,20.890139
2020-11-10,,,,24.821386,21.134542
2020-11-11,,,,25.731564,21.239311
2020-11-12,,,,25.477667,20.861961
2020-11-13,,,,25.083769,21.014416
2020-11-14,,,,24.95469,21.071045
2020-11-15,,,,24.563522,21.462564
2020-11-16,,,,24.184258,22.586191
2020-11-17,,,,24.145632,23.46925
2020-11-18,,,,23.944345,23.442635
2020-11-19,,,,23.546272,22.285173
2020-11-20,,,,23.563643,20.949028
2020-11-21,,,,23.649193,20.284363
2020-11-22,,,,24.032059,
2020-11-23,,,,24.35448,
2020-11-24,,,,24.594666,
2020-11-25,,,,24.685452,
2020-11-26,,,,24.65908,
2020-11-27,,,,24.658508,
2020-11-28,,,,24.61259,
2020-11-29,,,,24.592834,
2020-11-30,,,,24.392365,
2020-12-01,,,,24.02084,
2020-12-02,,,,23.820173,
2020-12-03,,,,23.73055,
2020-12-04,,,,23.713947,
2020-12-05,,,,23.870968,
2020-12-06,,,,24.009043,
2020-12-07,,,,23.930754,
2020-12-08,,,,23.955091,
2020-12-09,,,,23.665527,
2020-12-10,,,,23.51128,
2020-12-11,,,,23.537708,
2020-12-12,,,,23.574543,
2020-12-13,,,,23.698807,
2020-12-14,,,,23.828033,
2020-12-15,,,,23.925037,
2020-12-16,,,,24.011877,
2020-12-17,,,,24.08802,
2020-12-18,,,,24.135887,
2020-12-19,,,,24.416433,
2020-12-20,,,,24.431614,
2020-12-21,,,,24.501568,
2020-12-22,,,,24.928951,
2020-12-23,,,,25.1186,
2020-12-24,,,,25.141012,
2020-12-25,,,,25.056784,
2020-12-26,,,,24.928425,
2020-12-27,,,,24.68826,
2020-12-28,,,,24.261982,
2020-12-29,,,,23.898077,
2020-12-30,,,,23.974134,
2020-12-31,,,,24.164087,
2021-01-01,,,,24.24251,
2021-01-02,,,,24.331505,
2021-01-03,,,,24.451015,
2021-01-04,,,,24.505745,
2021-01-05,,,,24.34449,
2021-01-06,,,,24.29724,
2021-01-07,,,,24.082067,
2021-01-08,,,,24.006365,
2021-01-09,,,,24.059677,
2021-01-10,,,,24.254759,
2021-01-11,,,,24.324875,
2021-01-12,,,,24.39592,
2021-01-13,,,,24.29696,
2021-01-14,,,,24.291866,
2021-01-15,,,,24.012056,
2021-01-16,,,,23.816233,
2021-01-17,,,,23.503613,
2021-01-18,,,,23.540813,
2021-01-19,,,,23.943903,
2021-01-20,,,,24.354324,
2021-01-21,,,,24.421722,
2021-01-22,,,,24.427204,
2021-01-23,,,,24.508026,
2021-01-24,,,,24.730904,
2021-01-25,,,,24.605635,
2021-01-26,,,,24.421867,
2021-01-27,,,,24.807928,
2021-01-28,,,,24.839794,
2021-01-29,,,,24.770756,
2021-01-30,,,,24.835175,
2021-01-31,,,,25.290014,
2021-02-01,,,,25.48404,
2021-02-02,,,,25.046642,
2021-02-03,,,,24.837093,
2021-02-04,,,,24.683043,
2021-02-05,,,,24.503023,
2021-02-06,,,,24.077066,
2021-02-07,,,,24.291384,
2021-02-08,,,,24.607521,
2021-02-09,,,,24.991575,
2021-02-10,,,,24.7701,
2021-02-11,,,,24.445196,
2021-02-12,,,,24.723303,
2021-02-13,,,,24.47042,
2021-02-14,,,,24.334398,
2021-02-15,,,,24.425915,
2021-02-16,,,,24.488739,
2021-02-17,,,,24.328974,
2021-02-18,,,,24.335201,
2021-02-19,,,,24.325365,
2021-02-20,,,,23.988129,
2021-02-21,,,,23.660225,
2021-02-22,,,,23.512337,
2021-02-23,,,,23.511972,
2021-02-24,,,,23.421478,
2021-02-25,,,,23.332064,
2021-02-26,,,,23.549425,
2021-02-27,,,,23.549501,
2021-02-28,,,,23.733408,
2021-03-01,,,,23.89559,
2021-03-02,,,,24.522795,
2021-03-03,,,,25.293627,
2021-03-04,,,,25.416336,
2021-03-05,,,,25.051966,
2021-03-06,,,,,
2021-03-07,,,,,
2021-03-08,,,,,
2021-03-09,,,,,
2021-03-10,,,,,
2021-03-11,,,,,
2021-03-12,,,,,
2021-03-13,,,,,
2021-03-14,,,,,
2021-03-15,,,,,
2021-03-16,,,,,
2021-03-17,,,,,
2021-03-18,,,,,
2021-03-19,,,,,
2021-03-20,,,,,
2021-03-21,,,,,
2021-03-22,,,,,
2021-03-23,,,,,
2021-03-24,,,,,
2021-03-25,,,,,
2021-03-26,,,,,
2021-03-27,,,,,
2021-03-28,,,,,
2021-03-29,,,,,
2021-03-30,,,,,
2021-03-31,,,,,
2021-04-01,,,,,
2021-04-02,,,,,
2021-04-03,,,,,
2021-04-04,,,,,
2021-04-05,,,,,
2021-04-06,,,,,
2021-04-07,,,,,
2021-04-08,,,,,
2021-04-09,,,,,
2021-04-10,,,,,
2021-04-11,,,,,
2021-04-12,,,,,
2021-04-13,,,,,
2021-04-14,,,,,
2021-04-15,,,,,
2021-04-16,,,,,
2021-04-17,,,,,
2021-04-18,,,,,
2021-04-19,,,,,
2021-04-20,,,,,
2021-04-21,,,,,
2021-04-22,,,,,
2021-04-23,,,,,
2021-04-24,,,,,
2021-04-25,,,,,
2021-04-26,,,,,
2021-04-27,,,,,
2021-04-28,,,,,
2021-04-29,,,,,
2021-04-30,,,,,
2021-05-01,,,,,
2021-05-02,,,,,
2021-05-03,,,,,
2021-05-04,,,,,
2021-05-05,,,,,
2021-05-06,,,,,
2021-05-07,,,,,
2021-05-08,,,,,
2021-05-09,,,,,
2021-05-10,,,,,
2021-05-11,,,,,
2021-05-12,,,,,
2021-05-13,,,,,
2021-05-14,,,,,
2021-05-15,,,,,
2021-05-16,,,,,
2021-05-17,,,,,
2021-05-18,,,,,
2021-05-19,,,,,
2021-05-20,,,,,
2021-05-21,,,,,
2021-05-22,,,,,
2021-05-23,,,,,
2021-05-24,,,,,
2021-05-25,,,,,
2021-05-26,,,,,
2021-05-27,,,,,
2021-05-28,,,,,
2021-05-29,,,,,
2021-05-30,,,,,
2021-05-31,,,,,
2021-06-01,,,,,
2021-06-02,,,,,
2021-06-03,,,,,
2021-06-04,,,,,
2021-06-05,,,,,
2021-06-06,,,,,
2021-06-07,,,,,
2021-06-08,,,,,
2021-06-09,,,,,
2021-06-10,,,,,
2021-06-11,,,,,
2021-06-12,,,,,
2021-06-13,,,,,
2021-06-14,,,,,
2021-06-15,,,,,
2021-06-16,,,,,
2021-06-17,,,,,
2021-06-18,,,,,
2021-06-19,,,,,
2021-06-20,,,,,
2021-06-21,,,,,
2021-06-22,,,,,
2021-06-23,,,,,
2021-06-24,,,,,
2021-06-25,,,,,
2021-06-26,,,,,
2021-06-27,,,,,
2021-06-28,,,,,
2021-06-29,,,,,
2021-06-30,,,,,
2021-07-01,,,,,
2021-07-02,,,,,
2021-07-03,,,,,
2021-07-04,,,,,
2021-07-05,,,,,
2021-07-06,,,,,
2021-07-07,,,,,
2021-07-08,,,,,
2021-07-09,,,,,
2021-07-10,,,,,
2021-07-11,,,,,
2021-07-12,,,,,
2021-07-13,,,,,
2021-07-14,,,,,
2021-07-15,,,,,
2021-07-16,,,,,
2021-07-17,,,,,
2021-07-18,,,,,
2021-07-19,,,,,
2021-07-20,,,,,
2021-07-21,,,,,
2021-07-22,,,,,
2021-07-23,,,,,
2021-07-24,,,,,
2021-07-25,,,,,
2021-07-26,,,,,
2021-07-27,,,,,
2021-07-28,,,,,
2021-07-29,,,,,
2021-07-30,,,,,
2021-07-31,,,,,
2021-08-01,,,,,
2021-08-02,,,,,
2021-08-03,,,,,
2021-08-04,,,,,
2021-08-05,,,,,
2021-08-06,,,,,
2021-08-07,,,,,
2021-08-08,,,,,
2021-08-09,,,,,
2021-08-10,,,,,
2021-08-11,,,,,
2021-08-12,,,,,
2021-08-13,,,,,
2021-08-14,,,,,
2021-08-15,,,,,
2021-08-16,,,,,
2021-08-17,,,,,
2021-08-18,,,,,
2021-08-19,,,,,
2021-08-20,,,,,
2021-08-21,,,,,
2021-08-22,,,,,
2021-08-23,,,,,
2021-08-24,,,,,
2021-08-25,,,,,
2021-08-26,,,,,
2021-08-27,,,,,
2021-08-28,,,,,
2021-08-29,,,,,
2021-08-30,,,,,
2021-08-31,,,,,
2021-09-01,,,,,
2021-09-02,,,,,
2021-09-03,,,,,
2021-09-04,,,,,
2021-09-05,,,,,
2021-09-06,,,,,
2021-09-07,,,,,
2021-09-08,,,,,
2021-09-09,,,,,
2021-09-10,,,,,
2021-09-11,,,,,
2021-09-12,,,,,
2021-09-13,,,,,
2021-09-14,,,,,
2021-09-15,,,,,
2021-09-16,,,,,
2021-09-17,,,,,
2021-09-18,,,,,
2021-09-19,,,,,
2021-09-20,,,,,
2021-09-21,,,,,
2021-09-22,,,,,
2021-09-23,,,,,
2021-09-24,,,,,
2021-09-25,,,,,
2021-09-26,,,26.06821,,
2021-09-27,,,25.724792,,
2021-09-28,,,25.59852,,
2021-09-29,,,25.654333,,
2021-09-30,,,25.642717,,
2021-10-01,,,25.53924,,
2021-10-02,,,25.405443,,
2021-10-03,,,25.16485,,
2021-10-04,,,25.703583,,
2021-10-05,,,26.454168,,
2021-10-06,,,26.643663,,
2021-10-07,,,26.716604,,
2021-10-08,,,27.053867,,
2021-10-09,,,26.718843,,
2021-10-10,,,26.236786,,
2021-10-11,,,25.64729,,
2021-10-12,,,25.833471,,
2021-10-13,,,26.148209,,
2021-10-14,,,26.30247,,
2021-10-15,,,26.512762,,
2021-10-16,,,26.61597,,
2021-10-17,,,26.658886,,
2021-10-18,,,26.381052,,
2021-10-19,,,25.90661,,
2021-10-20,,,25.68045,,
2021-10-21,,,25.723589,,
2021-10-22,,,25.616734,,
2021-10-23,,,25.579506,,
2021-10-24,,,25.871424,,
2021-10-25,,,25.851177,,
2021-10-26,,,25.600697,,
2021-10-27,,,25.130552,,
2021-10-28,,,24.807516,,
2021-10-29,,,24.864048,,
2021-10-30,,,24.888302,,
2021-10-31,,,25.005718,,
2021-11-01,,,25.126186,,
2021-11-02,,,25.257086,,
2021-11-03,,,25.311775,,
2021-11-04,,,25.427834,,
2021-11-05,,,25.452503,,
2021-11-06,,,25.469381,,
2021-11-07,,,25.508127,,
2021-11-08,,,25.482433,,
2021-11-09,,,25.527878,,
2021-11-10,,,25.735527,,
2021-11-11,,,25.747574,,
2021-11-12,,,25.63818,,
2021-11-13,,,25.554163,,
2021-11-14,,,25.65281,,
2021-11-15,,,25.785769,,
2021-11-16,,,25.701555,,21.059608
2021-11-17,,,25.73539,,21.38095
2021-11-18,,,25.811445,,20.754995
2021-11-19,,,25.867266,,19.4753
2021-11-20,,,25.840427,,19.050825
2021-11-21,,,25.81312,,19.083553
2021-11-22,,,25.873022,,18.846663
2021-11-23,,,25.871084,,18.726805
2021-11-24,,,25.5873,,18.224468
2021-11-25,,,25.39855,,18.445524
2021-11-26,,,25.483408,,18.653954
2021-11-27,,,25.617203,,19.130808
2021-11-28,,,25.613325,,19.305023
2021-11-29,,,25.548819,,19.847527
2021-11-30,,,25.341198,,20.196285
2021-12-01,,,25.220255,,20.555683
2021-12-02,,,25.2128,,20.041601
2021-12-03,,,25.070059,,20.11606
2021-12-04,,,25.150795,,20.009048
2021-12-05,,,25.243813,,20.510727
2021-12-06,,,25.358538,,20.641697
2021-12-07,,,25.38452,,20.79847
2021-12-08,,,25.403542,,20.890018
2021-12-09,,,25.419939,,20.79189
2021-12-10,,,25.520823,,20.87159
2021-12-11,,,25.814405,,21.076954
2021-12-12,,,26.035639,,20.884157
2021-12-13,,,25.97432,,21.292692
2021-12-14,,,25.561123,,21.577547
2021-12-15,,,25.242683,,21.698149
2021-12-16,,,25.143164,,21.932726
2021-12-17,,,25.292809,,21.794786
2021-12-18,,,25.441483,,21.679571
2021-12-19,,,25.713076,,21.900934
2021-12-20,,,25.936333,,21.965202
2021-12-21,,,25.960127,,21.766724
2021-12-22,,,26.002115,,21.816051
2021-12-23,,,26.07634,,22.148478
2021-12-24,,,26.02971,,21.982729
2021-12-25,,,26.00057,,22.01405
2021-12-26,,,26.016308,,22.207544
2021-12-27,,,25.957422,,22.1758
2021-12-28,,,25.876005,,21.34901
2021-12-29,,,25.672544,,21.10426
2021-12-30,,,25.495953,,20.943176
2021-12-31,,,25.494219,,21.02318
2022-01-01,,,25.516752,,20.959711
2022-01-02,,,25.521055,,20.833355
2022-01-03,,,25.520273,,21.061535
2022-01-04,,,25.521767,,20.825438
2022-01-05,,,25.493866,,21.431435
2022-01-06,,,25.44458,,21.356882
2022-01-07,,,25.487259,,22.105959
2022-01-08,,,25.455908,,22.926178
2022-01-09,,,25.419893,,23.254978
2022-01-10,,,25.339708,,24.373331
2022-01-11,,,25.35224,,24.989346
2022-01-12,,,25.401894,,
2022-01-13,,,25.531248,,
2022-01-14,,,25.635092,,
2022-01-15,,,25.581459,,
2022-01-16,,,25.586214,,
2022-01-17,,,25.651058,,
2022-01-18,,,25.715483,,
2022-01-19,,,25.729467,,
2022-01-20,,,25.74967,,
2022-01-21,,,25.763006,,
2022-01-22,,,25.79923,,
2022-01-23,,,25.8337,,
2022-01-24,,,25.88914,,
2022-01-25,,,25.871668,,
2022-01-26,,,25.906393,,
2022-01-27,,,25.858356,,
2022-01-28,,,25.816557,,
2022-01-29,,,25.795067,,
2022-01-30,,,25.764597,,
2022-01-31,,,25.750746,,
2022-02-01,,,25.765978,,
2022-02-02,,,25.720528,,
2022-02-03,,,25.659214,,
2022-02-04,,,25.672247,,
2022-02-05,,,25.753796,,
2022-02-06,,,25.873423,,
2022-02-07,,,26.090673,,
2022-02-08,,,26.170015,,
2022-02-09,,,26.22644,,
2022-02-10,,,26.268335,,
2022-02-11,,,26.221537,,
2022-02-12,,,26.138247,,
2022-02-13,,,26.090374,,
2022-02-14,,,26.01526,,
2022-02-15,,,25.939253,,
2022-02-16,,,25.870947,,
2022-02-17,,,25.892107,,
2022-02-18,,,25.910576,,
2022-02-19,,,25.926588,,
2022-02-20,,,25.763906,,
2022-02-21,,,25.677492,,
2022-02-22,,,25.746637,,
2022-02-23,,,25.701973,,
2022-02-24,,,25.557566,,
2022-02-25,,,25.441732,,
2022-02-26,,,25.503723,,
2022-02-27,,,25.638037,,
2022-02-28,,,25.663635,,
2022-03-01,,,25.70686,,
2022-03-02,,,25.583626,,
2022-03-03,,,25.294983,,
2022-03-04,,,25.114998,,
2022-03-05,,,25.126589,,
2022-03-06,,,25.114397,,
2022-03-07,,,25.005571,,
2022-03-08,,,24.899422,,
2022-03-09,,,24.949198,,
2022-03-10,,,24.893114,,
2022-03-11,,,25.016432,,
2022-03-12,,,25.242226,,
2022-03-13,,,25.382496,,
2022-03-14,,,25.356585,,
2022-03-15,,,25.31153,,
2022-03-16,,,25.297169,,
2022-03-17,,,25.268423,,
2022-03-18,,,25.402365,,
2022-03-19,,,25.22164,,
2022-03-20,,,25.316359,,
2022-03-21,,,25.244469,,
2022-03-22,,,25.278421,,
2022-03-23,,,25.399565,,
2022-03-24,,,25.468582,,
2022-03-25,,,25.73035,26.089966,
2022-03-26,,,25.835737,26.063807,
2022-03-27,,,25.762749,25.888031,
2022-03-28,,,25.565634,25.808449,
2022-03-29,,,25.544758,25.660315,
2022-03-30,,,25.761326,25.5866,
2022-03-31,,,25.918217,25.80411,
2022-04-01,,,25.917389,25.879328,
2022-04-02,,,25.987375,25.700037,
2022-04-03,,,25.8376,25.44546,
2022-04-04,,,25.565691,25.350544,
2022-04-05,,,25.604454,25.410862,
2022-04-06,,,25.782295,25.566956,
2022-04-07,,,25.906183,25.389425,
2022-04-08,,,25.93317,25.401646,
2022-04-09,,,26.031134,25.496904,
2022-04-10,,,26.017633,25.420732,
2022-04-11,,,25.935421,25.262587,
2022-04-12,,,25.98015,25.495483,
2022-04-13,,,25.970606,25.448408,
2022-04-14,,,25.944557,25.34087,
2022-04-15,,,25.905924,25.40054,
2022-04-16,,,25.90973,25.424139,
2022-04-17,,,25.938484,25.665222,
2022-04-18,,,25.883436,25.882254,
2022-04-19,,,25.903069,25.992855,
2022-04-20,,,25.747595,25.986067,
2022-04-21,,,25.70592,25.92879,
2022-04-22,,,25.744724,25.788628,
2022-04-23,,,25.786474,25.762077,
2022-04-24,,,25.847273,25.676352,
2022-04-25,,,25.932793,25.537169,
2022-04-26,,,25.85368,25.457838,
2022-04-27,,,25.828056,25.43235,
2022-04-28,,,25.889433,25.363012,
2022-04-29,,,25.941153,25.295082,
2022-04-30,,,25.945057,25.232527,
2022-05-01,,,,25.355637,
2022-05-02,,,,25.428951,
2022-05-03,,,,25.562212,
2022-05-04,,,,25.596298,
2022-05-05,,,,25.78633,
2022-05-06,,,,25.68014,
2022-05-07,,,,25.784609,
2022-05-08,,,,25.747927,
2022-05-09,,,,25.77186,
2022-05-10,,,,25.725134,
2022-05-11,,,,25.753626,
2022-05-12,,,,25.683865,
2022-05-13,,,,25.76084,
2022-05-14,,,,25.885838,
2022-05-15,,,,26.084965,
2022-05-16,,,,26.311396,
2022-05-17,,,,26.318108,
2022-05-18,,,,26.296463,
2022-05-19,,,,26.1582,
2022-05-20,,,,26.18958,
2022-05-21,,,,26.294245,
2022-05-22,,,,26.21706,
2022-05-23,,,,25.991787,
2022-05-24,,,,25.627682,
2022-05-25,,,,25.548178,
2022-05-26,,,,25.618193,
2022-05-27,,,,25.576384,
2022-05-28,,,,25.548643,
2022-05-29,,,,25.563597,
2022-05-30,,,,25.674849,
2022-05-31,,,,25.937286,
2022-06-01,,,,26.028,
2022-06-02,,,,26.079643,
2022-06-03,,,,26.07754,
2022-06-04,,,,26.139538,
2022-06-05,,,,26.250156,
2022-06-06,,,,26.335484,
2022-06-07,,,,26.375603,
2022-06-08,,,,,
2022-06-09,,,,,
2022-06-10,,,,,
2022-06-11,,,,,
2022-06-12,,,,,
2022-06-13,,,,,
2022-06-14,,,,,
2022-06-15,,,,,
2022-06-16,,,,,
2022-06-17,,,,,
2022-06-18,,,,,
2022-06-19,,,,,
2022-06-20,,,,,
2022-06-21,,,,,
2022-06-22,,,,,
2022-06-23,,,,,
2022-06-24,,,,,
2022-06-25,,,,,
2022-06-26,,,,,
2022-06-27,,,,,
2022-06-28,,,,,
2022-06-29,,,,,
2022-06-30,,,,,
2022-07-01,,,,,
2022-07-02,,,,,
2022-07-03,,,,,
2022-07-04,,,,,
2022-07-05,,,,,
2022-07-06,,,,,
2022-07-07,,,,,
2022-07-08,,,,,
2022-07-09,,,,,
2022-07-10,,,,,
2022-07-11,,,,,
2022-07-12,,,,,
2022-07-13,,,,,
2022-07-14,,,,,
2022-07-15,,,,,
2022-07-16,,,,,
2022-07-17,,,,,
2022-07-18,,,,,
2022-07-19,,,,,
2022-07-20,,,,,
2022-07-21,,,,,
2022-07-22,,,,,
2022-07-23,,,,,
2022-07-24,,,,,
2022-07-25,,,,,
2022-07-26,,,,,
2022-07-27,,,,,
2022-07-28,,,,,
2022-07-29,,,,,
2022-07-30,,,,,
2022-07-31,,,,,
2022-08-01,,,,,
2022-08-02,,,,,
2022-08-03,,,,,
2022-08-04,,,,,
2022-08-05,,,,,
2022-08-06,,,,,
2022-08-07,,,,,
2022-08-08,,,,,
2022-08-09,,,,,
2022-08-10,,,,,
2022-08-11,,,,,
2022-08-12,,,,,
2022-08-13,,,,,
2022-08-14,,,,,
2022-08-15,,,,,
2022-08-16,,,,,
2022-08-17,,,,,
2022-08-18,,,,,
2022-08-19,,,,,
2022-08-20,,,,,
2022-08-21,,,,,
2022-08-22,,,,,
2022-08-23,,,,,
2022-08-24,28.644161,,,,
2022-08-25,28.56801,,,,
2022-08-26,28.613764,,,,
2022-08-27,28.356995,,,,
2022-08-28,28.270315,,,,
2022-08-29,28.032568,,,,
2022-08-30,27.986252,,,,
2022-08-31,28.000444,,,,
2022-09-01,27.902916,,,,
2022-09-02,27.890236,,,,
2022-09-03,27.889582,,,,
2022-09-04,27.98338,,,,
2022-09-05,27.963684,,,,
2022-09-06,27.886593,,,,
2022-09-07,27.861553,,,,
2022-09-08,27.886747,,,,
2022-09-09,27.954475,,,,
2022-09-10,27.911383,,,,
2022-09-11,27.897018,,,,
2022-09-12,27.926569,,,,
2022-09-13,28.262918,,,,
2022-09-14,28.371473,,,,
2022-09-15,28.271282,,,,
2022-09-16,28.274563,,,,
2022-09-17,28.398018,,,,
2022-09-18,28.377388,,,,
2022-09-19,28.353394,,,,
2022-09-20,28.313942,,,,
2022-09-21,28.58901,,,,
2022-09-22,28.768518,,,,
2022-09-23,28.501797,,,,
2022-09-24,28.386835,,,,
2022-09-25,28.386948,,,,
2022-09-26,28.399563,,,,
2022-09-27,28.26027,,,,
2022-09-28,28.254047,,,,
2022-09-29,28.23196,,,,
2022-09-30,28.218489,,,,
2022-10-01,28.170288,,26.015846,,
2022-10-02,28.132172,,26.003616,,
2022-10-03,28.205107,,25.900923,,
2022-10-04,28.126734,,25.873154,,
2022-10-05,28.100473,,25.896801,,
2022-10-06,28.016106,,25.865238,,
2022-10-07,28.105408,,25.704847,,
2022-10-08,28.13888,,25.58155,,
2022-10-09,28.113249,,25.571793,,
2022-10-10,28.226194,,25.717493,,
2022-10-11,28.144281,,25.939531,,
2022-10-12,28.152914,,25.97622,,
2022-10-13,28.086065,26.657984,26.024195,,
2022-10-14,28.054562,26.638466,26.074133,,
2022-10-15,28.08157,26.598522,26.204866,,
2022-10-16,28.097075,26.502617,26.297844,,
2022-10-17,28.141003,26.50371,26.199123,,
2022-10-18,28.1942,26.503178,26.018196,,
2022-10-19,28.274118,26.642303,25.90445,,
2022-10-20,28.276588,26.723942,25.796633,,
2022-10-21,28.479246,26.65604,25.690548,,
2022-10-22,28.901085,26.564928,25.622364,,
2022-10-23,28.694704,26.6374,25.721502,,
2022-10-24,28.38643,26.841173,25.728271,,
2022-10-25,28.559156,27.093004,25.556007,,
2022-10-26,28.632504,26.706774,25.410194,,
2022-10-27,28.585575,26.523941,25.3289,,
2022-10-28,28.368868,26.463041,25.360657,,
2022-10-29,28.28182,26.424004,25.520903,,
2022-10-30,28.362875,26.34228,25.621517,,
2022-10-31,28.351248,26.236279,25.779366,,
2022-11-01,28.34499,26.193634,25.915785,,
2022-11-02,28.466652,26.320585,26.060575,,
2022-11-03,28.5093,26.390076,26.120337,,
2022-11-04,28.576235,26.55391,26.1422,,
2022-11-05,28.478891,26.908436,26.286629,,
2022-11-06,28.406923,27.058279,26.566761,,
2022-11-07,28.541712,26.96467,26.527231,,
2022-11-08,28.648699,27.05819,26.398914,,
2022-11-09,28.580982,26.964193,26.279633,,
2022-11-10,28.414,27.026505,26.237036,,
2022-11-11,28.310509,26.99287,26.192589,,
2022-11-12,28.33371,26.958952,26.213686,,
2022-11-13,28.373922,26.92147,26.184843,,
2022-11-14,28.359596,26.93457,26.167366,,
2022-11-15,28.382215,26.93282,26.12157,,
2022-11-16,28.450342,26.937868,26.059538,,
2022-11-17,28.513006,26.9127,26.043617,,
2022-11-18,28.414389,26.916838,26.052742,,
2022-11-19,28.237719,26.995754,26.120638,,
2022-11-20,28.109005,26.933096,26.190798,,
2022-11-21,28.170425,26.930784,26.201159,,
2022-11-22,28.441463,26.935051,26.125296,,
2022-11-23,28.486464,26.912287,25.953526,,
2022-11-24,28.723047,26.99005,25.868528,,
2022-11-25,28.722355,27.012173,25.835035,,
2022-11-26,28.721783,26.896791,25.83593,,
2022-11-27,28.750452,26.970366,25.75177,,
2022-11-28,28.815111,26.925203,25.824385,,
2022-11-29,28.761154,26.877918,25.752466,,
2022-11-30,28.769585,26.916967,25.764204,,
2022-12-01,28.731276,26.96659,25.77934,,
2022-12-02,28.713224,26.973694,25.80775,,
2022-12-03,28.547655,26.992905,25.723856,,
2022-12-04,28.43686,26.996191,25.705439,,
2022-12-05,28.384274,27.019735,25.638237,,
2022-12-06,28.44177,27.080824,25.582207,,
2022-12-07,28.54675,27.180218,25.557276,,
2022-12-08,28.521042,27.027334,25.612368,,
2022-12-09,28.478058,26.982742,25.79759,,
2022-12-10,28.40083,27.014631,25.89414,,
2022-12-11,28.361238,27.103294,25.945187,,
2022-12-12,28.419178,27.262947,25.9465,,
2022-12-13,28.484407,27.030716,25.959175,,
2022-12-14,28.89141,26.97602,25.970938,,
2022-12-15,29.074148,26.942255,25.920792,,
2022-12-16,29.029335,26.902313,25.8483,,
2022-12-17,29.098967,26.809824,25.7977,,
2022-12-18,29.260195,26.747456,25.757418,,
2022-12-19,29.02113,26.722406,25.686134,,
2022-12-20,28.999454,26.70343,25.76185,,
2022-12-21,28.982428,26.724657,25.705442,,
2022-12-22,28.989252,26.712433,25.606495,,
2022-12-23,28.951614,26.69825,25.528439,,
2022-12-24,28.942665,26.681147,25.50352,,
2022-12-25,28.902002,26.732714,25.59124,,
2022-12-26,28.75648,26.826378,25.590942,,
2022-12-27,28.730812,26.848057,25.586441,,
2022-12-28,28.637747,26.829165,25.60135,,
2022-12-29,28.619741,26.784664,25.574572,,
2022-12-30,28.6391,26.763926,25.30551,,
2022-12-31,28.85529,26.82064,25.240774,,
2023-01-01,28.734476,26.788197,25.12004,,
2023-01-02,28.679495,26.725079,25.075073,,
2023-01-03,28.636759,26.661446,25.123148,,
2023-01-04,28.66184,26.679937,25.280432,,
2023-01-05,28.692856,26.708265,25.418297,,
2023-01-06,28.677147,26.646704,25.456474,,
2023-01-07,28.678131,26.50411,25.474703,,
2023-01-08,28.730383,26.44823,25.575544,,
2023-01-09,28.888197,26.457975,25.673489,,
2023-01-10,28.816713,26.554823,25.505201,,
2023-01-11,28.679918,26.55446,25.516466,,
2023-01-12,28.645882,26.580824,25.55831,,
2023-01-13,28.776657,26.643839,25.530933,,
2023-01-14,28.524075,26.652216,25.510393,,
2023-01-15,28.673628,26.611115,25.616241,,
2023-01-16,28.607922,26.669008,25.663166,,
2023-01-17,28.67086,26.62028,25.74074,,
2023-01-18,28.73263,26.581318,25.713037,,
2023-01-19,28.589495,26.546753,25.640133,,
2023-01-20,28.563553,26.50381,25.620504,,
2023-01-21,28.567904,26.520365,25.634817,,
2023-01-22,28.593245,26.483887,25.55066,,
2023-01-23,28.655817,26.482475,25.438322,,
2023-01-24,28.535885,26.549463,25.3405,,
2023-01-25,28.518991,26.576212,25.199648,,
2023-01-26,28.54141,26.584866,25.113863,,
2023-01-27,28.43453,26.554575,25.065496,,
2023-01-28,28.440332,26.55136,25.144909,,
2023-01-29,28.368568,26.578732,25.06667,,
2023-01-30,28.261747,26.616152,25.063622,,
2023-01-31,28.235329,26.739464,25.284468,,
2023-02-01,28.250124,26.865587,25.395573,,
2023-02-02,28.24096,26.82586,25.60958,,
2023-02-03,28.284672,26.794792,25.718328,,
2023-02-04,28.357574,26.81289,25.759665,,
2023-02-05,28.251928,26.82977,25.832226,,
2023-02-06,28.293804,26.739193,25.929575,,
2023-02-07,28.187223,26.706635,25.950626,,
2023-02-08,28.135838,26.702621,25.899673,,
2023-02-09,28.148302,26.63944,25.838314,,
2023-02-10,28.14544,26.591105,25.83914,,
2023-02-11,28.153126,26.595146,25.833012,,
2023-02-12,28.38057,26.63462,25.934956,,
2023-02-13,28.4866,26.648676,25.905046,,
2023-02-14,28.425827,26.697023,26.04658,,
2023-02-15,28.303371,26.851654,25.979092,,
2023-02-16,28.347136,26.987598,26.081831,,
2023-02-17,28.729952,26.92626,26.112892,,
2023-02-18,28.346502,26.7721,26.336351,,
2023-02-19,28.592678,26.781008,26.381536,,
2023-02-20,28.533766,26.721254,26.387886,,
2023-02-21,28.762512,26.667198,26.512209,,
2023-02-22,29.167042,26.671614,26.349709,,
2023-02-23,29.013933,26.712343,26.180553,,
2023-02-24,29.087809,26.718054,26.120588,,
2023-02-25,28.924152,26.768414,26.084288,,
2023-02-26,28.991507,26.642952,26.195469,,
2023-02-27,28.882795,26.605755,26.319979,,
2023-02-28,28.866528,26.66399,26.46605,,
2023-03-01,29.01132,26.726357,26.443266,,
2023-03-02,28.822409,26.750923,26.412655,,
2023-03-03,28.679693,26.740831,26.440722,,
2023-03-04,28.77659,26.771929,26.468647,,
2023-03-05,28.907207,26.840311,26.492622,,
2023-03-06,28.878101,27.079865,26.567682,,
2023-03-07,29.099102,27.094437,26.620361,,
2023-03-08,29.280087,27.103123,26.616169,,
2023-03-09,29.039503,27.10787,26.646786,,
2023-03-10,28.807766,27.31062,26.667952,,
2023-03-11,28.76643,27.273354,26.702854,,
2023-03-12,28.776619,27.250332,26.802,,
2023-03-13,28.772062,27.239056,26.777235,,
2023-03-14,28.781143,27.286999,26.835825,,
2023-03-15,28.786097,27.252008,26.720661,,
2023-03-16,28.922817,27.203094,26.678064,,
2023-03-17,29.021793,27.20578,26.704655,,
2023-03-18,29.042826,27.258152,26.735197,,
2023-03-19,29.072538,27.365728,26.639376,,
2023-03-20,29.539492,27.515625,26.714281,,
2023-03-21,29.01256,27.525684,26.719486,,
2023-03-22,28.84632,27.421247,26.719004,,
2023-03-23,28.827396,27.381186,26.724716,,
2023-03-24,28.942259,27.29814,26.704063,,
2023-03-25,29.05416,27.322409,26.731028,,
2023-03-26,29.060452,27.32417,26.766144,,
2023-03-27,29.099382,27.361515,26.921385,,
2023-03-28,29.01687,27.308756,26.977709,,
2023-03-29,29.204643,27.274078,26.972822,,
2023-03-30,29.202955,27.20601,27.022543,,
2023-03-31,29.419298,27.344887,27.074999,,
2023-04-01,29.402336,27.578993,27.145144,,
2023-04-02,29.440166,27.587097,27.335377,,
2023-04-03,29.423458,27.66896,27.242924,,
2023-04-04,29.294193,27.650173,27.379738,,
2023-04-05,29.318144,27.647936,27.292297,,
2023-04-06,29.378693,27.66799,27.419998,,
2023-04-07,29.06906,27.735945,27.4299,,
2023-04-08,29.06245,27.771858,27.587934,,27.722885
2023-04-09,29.101286,27.842268,27.69932,,27.900051
2023-04-10,29.244019,28.100788,27.798616,,27.53735
2023-04-11,29.669874,28.433662,27.582212,,27.527214
2023-04-12,29.810375,28.41975,28.01198,,27.385141
2023-04-13,29.58679,28.214018,28.08523,,26.90323
2023-04-14,29.53752,28.301323,27.82353,,26.965387
2023-04-15,29.73344,28.262264,27.802322,,27.352655
2023-04-16,29.633678,28.36428,27.735083,,27.343935
2023-04-17,29.435278,28.599297,27.74306,,27.010612
2023-04-18,29.673258,28.557283,27.786755,,27.241781
2023-04-19,29.744835,28.93929,27.758568,,27.634901
2023-04-20,29.771135,28.723038,27.718388,,27.482721
2023-04-21,29.841928,28.735773,27.696875,,27.406908
2023-04-22,29.7376,28.584953,27.525131,,27.531168
2023-04-23,29.70833,28.467674,27.596823,,27.600746
2023-04-24,29.78448,28.43363,27.501707,,27.405895
2023-04-25,29.82235,28.254257,27.560375,,27.365326
2023-04-26,29.742588,28.215279,27.56626,,27.683271
2023-04-27,29.719292,28.238403,27.77245,,27.559319
2023-04-28,29.711544,28.178194,27.800732,,27.524048
2023-04-29,29.734451,28.195759,27.732876,,27.590376
2023-04-30,29.714535,28.250025,27.81024,,27.596865
2023-05-01,29.710066,28.28799,27.881191,,27.60935
2023-05-02,29.786648,28.365376,27.831059,,27.764318
2023-05-03,29.963203,28.402695,27.864534,,27.911598
2023-05-04,29.895975,28.357214,27.88726,,28.152359
2023-05-05,29.61368,28.270353,27.866913,,28.375626
2023-05-06,30.04694,28.253145,27.914362,,28.151554
2023-05-07,29.877165,28.389149,27.99215,,28.036802
2023-05-08,30.012236,28.40106,27.944147,,28.038794
2023-05-09,29.734764,28.387068,27.914825,,27.893005
2023-05-10,29.721188,28.401628,27.96367,,27.743536
2023-05-11,29.805754,28.505266,28.127497,,27.82017
2023-05-12,29.793327,28.534779,28.246683,,27.627512
2023-05-13,29.930273,28.614204,28.349033,,27.383759
2023-05-14,29.930033,28.608046,28.467098,,27.350805
2023-05-15,29.8712,28.66691,28.33675,,27.214106
2023-05-16,29.711363,28.67642,28.32207,,27.117575
2023-05-17,29.762243,28.712677,28.215904,,
2023-05-18,30.148258,28.849297,28.091373,,
2023-05-19,29.994394,28.677761,28.138193,,
2023-05-20,30.106575,28.573927,28.114344,,
2023-05-21,30.395159,28.654696,28.247253,,
2023-05-22,29.641762,28.649784,28.141462,,
2023-05-23,29.864403,28.621584,28.082823,,
2023-05-24,29.724703,28.672626,28.267246,,
2023-05-25,30.072826,28.90257,28.479626,,
2023-05-26,29.865465,28.884567,28.481737,,
2023-05-27,30.19364,28.874475,28.458754,,
2023-05-28,30.204628,28.881613,28.503109,,
2023-05-29,30.331406,28.960243,28.542576,,
2023-05-30,30.041008,28.93042,28.597527,,
2023-05-31,30.122337,28.880854,28.585697,,
2023-06-01,30.412745,28.898033,28.558765,,
2023-06-02,30.331001,28.945368,28.592663,,
2023-06-03,30.391676,29.133028,28.70322,,
2023-06-04,30.260252,29.189434,28.647615,,
2023-06-05,30.40222,29.159958,28.815613,,
2023-06-06,30.241638,29.197014,28.785358,,
2023-06-07,30.13562,29.091122,28.80262,,
2023-06-08,30.331678,29.113169,28.690144,,
2023-06-09,29.96611,29.147549,28.715302,,27.881527
2023-06-10,29.972708,29.137976,28.754797,,
2023-06-11,30.07304,29.241087,28.785782,,
2023-06-12,29.915165,29.2128,28.813902,,
2023-06-13,30.296902,29.05675,28.726011,,
2023-06-14,30.086367,29.09114,28.688038,,26.52595
2023-06-15,30.067902,29.133356,28.636347,,26.562574
2023-06-16,30.075617,29.150875,28.570494,,26.51623
2023-06-17,30.275023,29.185335,28.582705,,
2023-06-18,30.27128,29.264126,28.682304,,
2023-06-19,30.279036,29.30023,28.606636,,
2023-06-20,30.019415,29.194534,28.714981,,
2023-06-21,30.167267,29.254501,28.77955,,
2023-06-22,30.08257,29.195513,28.764524,,
2023-06-23,30.191,29.111727,28.703423,,
2023-06-24,30.212769,29.157967,28.530256,,
2023-06-25,30.313076,29.223808,28.449001,,
2023-06-26,29.73237,29.305649,28.445013,,
2023-06-27,30.022171,29.337189,28.427448,,
2023-06-28,29.56477,29.28687,28.452454,,
2023-06-29,29.79042,29.287458,28.47737,,
2023-06-30,29.967468,29.320446,28.486048,,
2023-07-01,29.922598,29.28288,28.559341,,
2023-07-02,30.053434,29.261248,28.620699,,
2023-07-03,29.92093,29.279985,28.637707,,
2023-07-04,30.002459,29.299974,28.682825,,
2023-07-05,29.979765,29.3637,28.619698,,
2023-07-06,29.908216,29.449123,28.586199,,
2023-07-07,29.7635,29.382772,28.571352,,
2023-07-08,29.98569,29.234324,28.530468,,
2023-07-09,29.806927,29.210716,28.464714,,
2023-07-10,29.871052,29.218817,28.48749,,
2023-07-11,30.037489,29.27705,28.483698,,
2023-07-12,29.783052,29.322659,28.456299,,
2023-07-13,30.0337,29.407598,28.234318,,
2023-07-14,29.992613,29.407064,28.51306,,
2023-07-15,30.000883,29.470772,28.460245,,
2023-07-16,30.107042,29.514336,28.40697,,
2023-07-17,30.058,29.407042,28.354362,,
2023-07-18,30.08408,29.491314,28.33897,,
2023-07-19,29.957815,29.443714,28.438805,,
2023-07-20,29.843887,29.452562,28.429947,,
2023-07-21,29.876017,29.53144,28.457085,,
2023-07-22,29.773962,29.675308,28.380178,,
2023-07-23,30.208078,29.617825,28.375704,,
2023-07-24,30.230211,29.639233,28.474829,,
2023-07-25,30.062155,29.519224,28.622322,,
2023-07-26,29.88161,29.455685,28.512188,,
2023-07-27,29.804968,29.414682,28.561447,,
2023-07-28,29.815275,29.353558,28.549103,,
2023-07-29,29.949627,29.197187,28.56087,,
2023-07-30,30.094889,29.113167,28.503279,,
2023-07-31,29.977024,29.092985,28.457294,,
2023-08-01,29.861723,29.153294,28.448183,,
2023-08-02,29.701199,29.228138,28.37413,,
2023-08-03,30.061089,29.271648,28.451685,,
2023-08-04,29.883087,29.33748,28.587128,,
2023-08-05,30.114363,29.493818,29.09582,,
2023-08-06,30.316912,29.57311,29.117584,,
2023-08-07,30.223541,29.602287,28.890974,,
2023-08-08,29.540794,29.686115,28.799335,,
2023-08-09,29.501204,29.769579,28.74925,,
2023-08-10,29.715712,29.83713,28.712902,,
2023-08-11,29.788145,29.830034,28.713219,,
2023-08-12,29.44129,29.878344,28.718735,,
2023-08-13,29.666487,29.776392,28.708723,,
2023-08-14,29.591284,29.732151,28.68014,,
2023-08-15,29.862127,29.721634,28.737896,,
2023-08-16,29.75245,29.792612,28.68306,,
2023-08-17,29.82837,29.878967,28.647417,,
2023-08-18,29.774021,29.92852,28.650661,,
2023-08-19,30.046621,29.94215,28.54487,,
2023-08-20,29.902853,29.92001,28.596762,,
2023-08-21,30.07267,29.816153,28.7065,,
2023-08-22,29.985607,29.82916,28.514961,,
2023-08-23,30.138308,29.871458,28.555025,,
2023-08-24,30.357912,29.874474,28.553642,,
2023-08-25,30.421913,29.90365,28.537834,,
2023-08-26,30.08032,29.953161,28.526491,,
2023-08-27,30.071949,29.879286,28.54003,,
2023-08-28,29.950274,29.87663,28.63498,,
2023-08-29,30.365889,29.86766,28.665356,,
2023-08-30,30.522993,29.956768,28.74527,,
2023-08-31,30.335775,29.932465,28.656864,,
2023-09-01,29.990599,29.950064,28.659916,,
2023-09-02,30.024199,29.98171,28.591234,,
2023-09-03,30.041527,30.022572,28.556871,,
2023-09-04,29.95056,30.129402,28.569534,,
2023-09-05,29.990026,30.054972,28.719957,,
2023-09-06,29.997805,29.996323,28.778152,,
2023-09-07,29.94101,29.976545,28.808233,,
2023-09-08,29.939304,29.970137,28.806213,,
2023-09-09,29.92844,29.988943,28.772745,,
2023-09-10,30.186108,29.940628,28.692854,,
2023-09-11,30.39111,29.978588,28.627663,,
2023-09-12,30.458117,30.090965,28.749071,,
2023-09-13,30.123943,30.048666,28.85753,,
2023-09-14,30.126257,30.05617,28.958914,,
2023-09-15,30.399666,29.986618,28.903051,,
2023-09-16,30.667507,29.77645,28.880537,,
2023-09-17,30.557755,29.874777,28.936766,,
2023-09-18,30.276947,29.932726,28.835407,,
2023-09-19,30.597208,30.130672,28.675205,,
2023-09-20,30.557518,30.013544,28.619751,,
2023-09-21,30.3173,30.120485,28.496643,,
2023-09-22,30.059309,30.02752,28.6256,,
2023-09-23,29.996668,29.86614,28.783295,,
2023-09-24,30.11398,29.860079,28.819103,,
2023-09-25,30.19774,29.801744,28.74746,,
2023-09-26,30.124657,29.823158,28.754295,,
2023-09-27,30.480545,29.839188,28.729517,,
2023-09-28,30.356579,29.729118,28.722103,,
2023-09-29,30.24958,29.60482,28.640326,,
2023-09-30,29.938349,30.041195,28.352482,,
2023-10-01,30.058737,29.66337,28.228437,,
2023-10-02,30.234594,29.652845,28.405739,,
2023-10-03,30.328629,29.738184,28.33824,,
2023-10-04,30.61994,29.737629,28.183119,,
2023-10-05,30.137733,29.761642,,,
2023-10-06,30.21648,29.778002,28.357359,,
2023-10-07,30.054865,29.74999,28.343622,,
2023-10-08,29.93411,29.791803,28.356943,,
2023-10-09,29.902292,29.858324,28.276558,,
2023-10-10,30.046095,29.942507,28.21014,,
2023-10-11,30.180576,29.91698,28.329441,,
2023-10-12,30.450342,29.867369,28.452051,,
2023-10-13,30.75573,30.108627,28.54971,,
2023-10-14,30.733189,30.26615,28.484888,,
2023-10-15,30.42523,30.14499,28.58655,,
2023-10-16,30.473759,30.426544,28.431408,,
2023-10-17,29.96786,30.36094,28.385584,,
2023-10-18,29.851545,30.086523,28.40038,,
2023-10-19,29.85633,30.010025,28.540274,,
2023-10-20,29.872816,30.262459,28.364346,,
2023-10-21,29.762115,30.222752,28.142204,,
2023-10-22,29.74646,30.282389,28.039154,,
2023-10-23,29.995264,30.284283,28.09139,,
2023-10-24,29.950323,30.358503,28.278221,,
2023-10-25,29.849432,30.179935,28.362902,,
2023-10-26,30.29702,30.215311,28.422564,,
2023-10-27,30.42549,30.16359,28.59646,,
2023-10-28,30.196825,30.2081,28.548607,,
2023-10-29,30.257092,30.2307,28.564932,,
2023-10-30,30.504658,30.087122,28.441778,,
2023-10-31,30.640467,29.984907,28.432575,,
2023-11-01,30.570742,30.091717,28.520382,,
2023-11-02,30.372864,30.24603,28.429674,,
2023-11-03,30.25603,30.311363,28.4277,,
2023-11-04,30.328773,30.493538,28.521418,,
2023-11-05,30.147741,30.498878,28.623064,,
2023-11-06,30.144182,30.393251,28.524178,,
2023-11-07,30.032764,30.168444,28.554375,,
2023-11-08,30.116669,30.289062,28.596703,,
2023-11-09,30.047066,30.236097,28.513971,,
2023-11-10,29.973564,30.183481,28.326653,,
2023-11-11,29.799309,30.172241,28.349867,,
2023-11-12,29.709595,30.39314,28.41962,,
2023-11-13,29.547295,30.751179,28.450094,,
2023-11-14,29.504707,30.831614,28.632977,,
2023-11-15,29.445217,30.779789,28.666027,,
2023-11-16,29.485622,30.850483,28.721031,,
2023-11-17,29.827808,30.916698,29.158415,,
2023-11-18,29.694168,30.838516,28.950792,,
2023-11-19,29.820349,30.826107,28.708738,,
2023-11-20,29.939146,30.917429,28.646418,,
2023-11-21,29.896944,31.131508,28.662012,,
2023-11-22,29.904749,30.880493,28.727312,,
2023-11-23,30.173834,31.007647,28.837122,,
2023-11-24,30.4173,31.044044,28.993414,,
2023-11-25,30.33486,30.885553,28.954859,,
2023-11-26,30.428225,30.937708,28.952175,,
2023-11-27,30.301466,30.881895,28.94274,,
2023-11-28,30.49268,30.855068,28.930988,,
2023-11-29,30.100494,30.825485,28.865433,,
2023-11-30,29.926506,30.776794,28.798191,,
2023-12-01,29.922106,30.742935,28.806644,,
2023-12-02,29.932661,30.732159,28.827106,,
2023-12-03,29.895462,30.700125,28.816904,,
2023-12-04,29.608147,30.620825,28.755478,,
2023-12-05,29.799383,30.695936,28.80244,,
2023-12-06,29.877533,30.80117,28.791887,,
2023-12-07,29.778591,30.713308,28.70092,,
2023-12-08,29.799622,30.706661,28.690294,,
2023-12-09,29.967995,30.711622,28.699417,,
2023-12-10,29.992014,30.679974,28.645895,,
2023-12-11,30.000498,30.743427,28.61414,,
2023-12-12,30.081175,30.75195,28.548779,,
2023-12-13,30.093367,30.818296,28.60506,,
2023-12-14,30.13904,30.68369,28.591301,,
2023-12-15,30.068102,30.712814,28.473372,,
2023-12-16,30.150427,30.886633,28.40001,,
2023-12-17,30.001884,30.611507,28.48484,,
2023-12-18,30.025719,30.62804,28.431273,,
2023-12-19,29.978909,30.28166,28.462885,,
2023-12-20,29.989988,30.450512,28.633099,,
2023-12-21,29.822508,30.728363,28.573544,,
2023-12-22,29.82337,30.773079,28.544327,,
2023-12-23,30.046854,30.738691,28.487719,,
2023-12-24,29.882515,30.745968,28.560366,,
2023-12-25,30.053238,30.753248,28.585752,,
2023-12-26,30.07282,30.720467,28.487963,,
2023-12-27,30.220106,30.698124,28.512005,,
2023-12-28,29.832096,30.729736,28.710978,,
2023-12-29,29.90577,30.694664,28.541264,,
2023-12-30,30.305622,30.724915,28.45007,,
2023-12-31,30.00164,30.708292,28.50786,,
2024-01-01,30.076834,30.956633,28.794226,,
2024-01-02,30.065668,30.828602,28.597116,,
2024-01-03,30.14181,30.708933,28.573826,,
2024-01-04,29.957117,30.603907,28.4457,,
2024-01-05,30.156223,30.538895,28.35133,,
2024-01-06,30.376331,30.42602,28.313164,,
2024-01-07,,30.208881,28.322678,,
2024-01-08,,29.9712,28.432217,,
2024-01-09,,29.74087,28.592237,,
2024-01-10,,29.650524,28.361336,,
2024-01-11,,29.313057,28.239174,,
2024-01-12,,29.255219,28.150066,,
2024-01-13,,29.231215,28.08236,,
2024-01-14,,29.120115,28.075176,,
2024-01-15,,29.140364,28.099445,,
2024-01-16,,29.218422,28.08904,,
2024-01-17,,29.17339,27.991062,,
2024-01-18,,29.099495,27.79504,,
2024-01-19,,29.087019,27.82328,,
2024-01-20,,29.011114,27.866886,,
2024-01-21,,,27.923525,,
2024-01-22,,29.044249,27.732605,,
2024-01-23,,,27.88626,,
2024-01-24,,,28.116175,,
2024-01-25,,,28.117247,,
2024-01-26,,,27.9752,,
2024-01-27,,,27.78766,,
2024-01-28,,,27.66934,,
2024-01-29,,28.92312,27.869667,,
2024-01-30,,28.945454,28.006147,,
2024-01-31,,29.307007,28.645548,,
2024-02-01,,29.321072,28.76406,,
2024-02-02,,29.020954,28.922153,,
2024-02-03,,29.041311,28.497663,,
2024-02-04,,29.057627,28.568188,,
2024-02-05,,28.875832,28.664007,,
2024-02-06,,28.921696,28.55358,,
2024-02-07,,29.135317,28.342438,,
2024-02-08,,28.88219,28.389515,,
2024-02-09,,28.894634,28.43383,,
2024-02-10,,28.784506,28.342348,,
2024-02-11,,28.611814,28.249954,,
2024-02-12,,28.47786,28.071636,,
2024-02-13,,28.44082,28.151405,,
2024-02-14,,28.643507,28.358166,,
2024-02-15,,,28.334978,,
2024-02-16,,28.676035,28.075644,,
2024-02-17,,28.667608,27.954948,,
2024-02-18,,28.717968,27.85,,
2024-02-19,,,27.865492,,
2024-02-20,,,27.856205,,
2024-02-21,,,27.880243,,
2024-02-22,,28.570452,27.791483,,
2024-02-23,,28.39563,27.690905,,
2024-02-24,,28.40831,27.564762,,
2024-02-25,,28.566523,27.63853,,
2024-02-26,,28.50609,27.773022,,
2024-02-27,,,27.839418,,
2024-02-28,,,28.01953,,
2024-02-29,,28.714544,28.06022,,
2024-03-01,,,27.973644,,
2024-03-02,,28.75415,27.865805,,
2024-03-03,,28.616442,27.871304,,
2024-03-04,,28.608055,27.934958,,
2024-03-05,,28.577341,27.957825,,
2024-03-06,,28.49575,28.015896,,
2024-03-07,,28.449965,28.539846,,
2024-03-08,,28.27258,28.478125,,
2024-03-09,,28.299557,28.57075,,
2024-03-10,,28.318768,28.168781,,
2024-03-11,,,28.224987,,
2024-03-12,,,28.155355,,
2024-03-13,,,28.048407,,
2024-03-14,,,28.092653,,
2024-03-15,,,28.055452,,
2024-03-16,,,28.258429,,
2024-03-17,,,28.620771,,
2024-03-18,,28.426384,28.48494,,
2024-03-19,,28.485565,28.72073,,
2024-03-20,,28.810923,28.805061,,
2024-03-21,,28.586042,29.031694,,
2024-03-22,,28.465654,28.691238,,
2024-03-23,,28.381205,28.403751,,
2024-03-24,,28.372168,27.931997,,
2024-03-25,,28.25232,27.811848,,
2024-03-26,,28.13513,27.898815,,
2024-03-27,,28.114975,28.297743,,
2024-03-28,,28.346172,28.549406,,
2024-03-29,,28.350767,29.007332,,
2024-03-30,,28.774685,29.309708,,
2024-03-31,,28.548178,29.194242,,
2024-04-01,,28.85897,28.959093,,
2024-04-02,,29.053452,28.93475,,
2024-04-03,,29.02256,28.759695,,
2024-04-04,,28.862902,28.496939,,
2024-04-05,,29.041567,28.140192,,
2024-04-06,,28.85775,28.009441,,
2024-04-07,,28.68279,28.010996,,
2024-04-08,,28.525978,27.843416,,
2024-04-09,,28.417805,27.794718,,
2024-04-10,,28.45354,27.627546,,
2024-04-11,,28.506918,27.4598,,
2024-04-12,,28.40988,27.504478,,
2024-04-13,,28.46355,27.649525,,
2024-04-14,,28.550623,28.099482,,
2024-04-15,,28.704287,28.498499,,
2024-04-16,,29.084919,28.585482,,
2024-04-17,,29.172852,28.403692,,
2024-04-18,,29.453445,28.272755,,
2024-04-19,,29.159128,28.289522,,
2024-04-20,,29.075487,28.192177,,
2024-04-21,,29.039764,28.147266,,
2024-04-22,,29.030651,28.227247,,
2024-04-23,,29.061083,28.22104,,
2024-04-24,,29.045897,28.449326,,
2024-04-25,,29.039774,28.40836,,
2024-04-26,,28.97695,28.251377,,
2024-04-27,,29.015244,28.24217,,
2024-04-28,,28.909994,28.041458,,
2024-04-29,,28.832201,27.997168,,
2024-04-30,,29.055515,28.093456,,
2024-05-01,,28.899729,28.22159,,
2024-05-02,,28.926664,28.14073,,
2024-05-03,,28.914537,27.977116,,
2024-05-04,,29.02138,27.755524,,
2024-05-05,,29.056011,27.553423,,
2024-05-06,,29.134304,27.516588,,
2024-05-07,,29.110775,27.451546,,
2024-05-08,,29.121964,27.332123,,
2024-05-09,,29.138384,27.455156,,
2024-05-10,,29.165428,27.53046,,
2024-05-11,,29.15758,27.394669,,
2024-05-12,,29.258669,27.447756,,
2024-05-13,,29.185219,27.501188,,
2024-05-14,,29.052835,27.592422,,
2024-05-15,,29.095398,27.711275,,
2024-05-16,,29.117496,27.779562,,
2024-05-17,,29.069517,27.613369,,
2024-05-18,,29.083971,27.513222,,
2024-05-19,,29.099264,27.60541,,
2024-05-20,,29.100372,27.398932,,
2024-05-21,,29.125793,27.379238,,
2024-05-22,,29.241505,27.446327,,
2024-05-23,,29.294441,27.338757,,
2024-05-24,,29.300148,27.37744,,
2024-05-25,,29.262047,27.377264,,
2024-05-26,,29.153828,27.400822,,
2024-05-27,,29.067839,27.325863,,
2024-05-28,,29.025002,27.19595,,
2024-05-29,,28.958723,27.154598,,
2024-05-30,,29.111387,27.228662,,
2024-05-31,,29.232586,27.426903,,
2024-06-01,,29.129076,27.64999,,
2024-06-02,,29.208797,27.504696,,
2024-06-03,,29.264988,27.50158,,
2024-06-04,,29.32752,28.04867,,
2024-06-05,,29.369968,27.982193,,
2024-06-06,,29.235647,27.966707,,
2024-06-07,,29.1468,27.945667,,
2024-06-08,,29.205244,27.85653,,
2024-06-09,,29.19191,27.75149,,
2024-06-10,,29.241055,27.709003,,
2024-06-11,,29.242104,27.79771,,
2024-06-12,,29.233938,27.649725,,
2024-06-13,,29.156376,27.67296,,
2024-06-14,,29.188707,27.62293,,
2024-06-15,,29.244696,27.504139,,
2024-06-16,,29.175957,27.43599,,
2024-06-17,,29.148058,27.539724,,
2024-06-18,,29.168583,27.538626,,
2024-06-19,,29.18985,27.526403,,
2024-06-20,,29.18384,27.434855,,
2024-06-21,,29.186829,27.440432,,
2024-06-22,,29.353825,27.619184,,
2024-06-23,,29.236797,27.911798,,
2024-06-24,,29.319048,27.924961,,
2024-06-25,,29.28562,27.967787,,
2024-06-26,,29.318192,28.06347,,
2024-06-27,,29.179186,27.818172,,
2024-06-28,,29.081308,27.687695,,
2024-06-29,,29.045954,27.625273,,
2024-06-30,,29.046537,27.501352,,
2024-07-01,,29.06848,27.445766,,
2024-07-02,,28.980602,27.463688,,
2024-07-03,,28.937279,27.496368,,
2024-07-04,,28.860321,27.471138,,
2024-07-05,,28.809814,27.474415,,
2024-07-06,,28.770004,27.372942,,
2024-07-07,,28.763815,27.221333,,
2024-07-08,,28.757732,27.10099,,
2024-07-09,,28.836878,27.110872,,
2024-07-10,,28.81798,27.253942,,
2024-07-11,,28.817278,27.122238,,
2024-07-12,,28.775627,27.082813,,
2024-07-13,,28.73937,27.172907,,
2024-07-14,,28.765133,27.250824,,
2024-07-15,,28.74004,27.257532,,
2024-07-16,,28.721321,27.1954,,
2024-07-17,,28.690973,26.952805,,
2024-07-18,,28.575815,26.819313,,
2024-07-19,,28.541702,26.767555,,
2024-07-20,,28.574818,26.86639,,
2024-07-21,,28.594137,26.867838,,
2024-07-22,,28.495348,26.873127,,
2024-07-23,,28.437733,26.824287,,
2024-07-24,,28.314398,26.703741,,
2024-07-25,,28.249388,26.437437,,
2024-07-26,,28.233109,26.261189,,
2024-07-27,,28.458038,26.506283,,
2024-07-28,,28.465273,26.283888,,
2024-07-29,,28.55459,26.180414,,
2024-07-30,,28.495455,26.134745,,
2024-07-31,,28.38169,26.112595,,
2024-08-01,,28.414625,26.189468,,
2024-08-02,,28.518839,26.050863,,
2024-08-03,,28.825586,26.139614,,
2024-08-04,30.537046,28.623737,26.329243,,
2024-08-05,30.61768,28.770155,26.79624,,
2024-08-06,30.71248,28.749,26.620941,,
2024-08-07,30.696163,28.839014,26.538595,,
2024-08-08,30.625132,28.793955,26.651253,,
2024-08-09,30.806118,28.799654,26.747686,,
2024-08-10,30.729555,28.7972,26.72044,,
2024-08-11,30.62537,28.825987,26.507317,,
2024-08-12,30.848164,28.83466,26.65424,,
2024-08-13,30.66952,28.831572,26.788033,,
2024-08-14,30.624084,28.811745,26.9134,,
2024-08-15,30.71082,28.788296,27.032328,,
2024-08-16,30.675407,28.795998,27.123276,,
2024-08-17,30.861076,28.740862,27.151371,,
2024-08-18,30.635248,28.675552,27.19597,,
2024-08-19,30.569294,28.523518,27.226171,,
2024-08-20,30.791388,28.41096,27.255684,,
2024-08-21,30.576494,28.342964,27.249767,,
2024-08-22,30.434761,,27.025305,,
2024-08-23,30.28259,,26.840546,,
2024-08-24,30.30246,,26.770557,,
2024-08-25,30.47796,,26.631264,,
2024-08-26,30.345156,,26.576288,,
2024-08-27,30.618818,28.291872,26.518631,,
2024-08-28,30.387293,27.97743,26.673576,,
2024-08-29,30.1907,27.915518,26.938953,,
2024-08-30,30.174696,27.929296,26.99525,,
2024-08-31,30.158318,28.102667,26.819897,,
2024-09-01,30.002302,28.227274,26.545704,,
2024-09-02,29.937151,28.107168,26.357216,,
2024-09-03,30.013475,27.91623,26.21133,,
2024-09-04,30.107267,27.942707,26.060997,,
2024-09-05,29.675125,27.873259,26.058777,,
2024-09-06,29.413794,27.702387,26.149237,,
2024-09-07,29.903517,27.590809,26.33111,,
2024-09-08,30.026373,27.463377,26.461971,,
2024-09-09,30.075863,27.423365,26.452045,,
2024-09-10,30.030252,27.607933,26.217615,,
2024-09-11,29.797884,27.519913,26.07529,,
2024-09-12,29.832735,27.397755,26.00495,,
2024-09-13,29.959923,27.201523,26.018538,,
2024-09-14,30.275421,27.242676,26.037054,,
2024-09-15,30.298063,27.133419,25.689201,,
2024-09-16,30.244734,27.31765,25.51002,,
2024-09-17,30.33683,27.200628,25.3096,,
2024-09-18,30.378872,27.34454,25.23912,,
2024-09-19,30.212004,27.373575,25.517845,,
2024-09-20,30.161804,27.440762,25.677109,,
2024-09-21,30.147999,27.540585,25.812387,,
2024-09-22,30.294758,27.941301,25.52643,,
2024-09-23,30.330704,28.084372,25.28205,,
2024-09-24,30.685009,28.237171,25.25113,,
2024-09-25,30.515736,28.460342,25.538267,,
2024-09-26,30.678429,28.140223,25.718407,,
2024-09-27,30.599922,28.318073,25.996696,,
2024-09-28,30.657976,28.275106,26.391985,,
2024-09-29,30.51384,28.294464,26.161482,,
2024-09-30,30.464664,28.276875,26.159,,
2024-10-01,30.246786,28.312887,25.70097,,
2024-10-02,30.219458,28.213968,25.536057,,
2024-10-03,30.284714,28.11363,25.53565,,
2024-10-04,30.368502,28.05162,25.567417,,
2024-10-05,30.046667,28.023878,25.649704,,
2024-10-06,30.022236,27.93898,25.696524,,
2024-10-07,29.894201,27.914286,25.58745,24.685183,
2024-10-08,29.986134,27.930048,25.503975,24.749289,
2024-10-09,30.23762,27.806202,25.601456,24.81634,
2024-10-10,29.940777,27.833176,25.779903,24.315197,
2024-10-11,29.916174,27.95258,25.759846,23.99313,
2024-10-12,29.65204,27.98224,25.707592,23.912313,
2024-10-13,29.614428,27.927471,25.84935,24.06591,
2024-10-14,29.566628,27.899208,25.943695,24.092447,
2024-10-15,29.540846,27.976486,25.945824,24.154316,
2024-10-16,29.449303,27.951687,25.888363,24.239767,
2024-10-17,29.494041,27.988043,25.846952,24.283436,
2024-10-18,29.500038,27.95299,25.826515,24.462074,
2024-10-19,29.594564,27.9058,25.741684,24.557364,
2024-10-20,29.586182,27.856483,25.558674,24.646532,
2024-10-21,29.539349,27.636717,25.433031,24.661924,
2024-10-22,29.412855,27.48263,25.46879,24.507545,
2024-10-23,29.369127,27.525164,25.45108,24.306446,
2024-10-24,29.41403,27.563992,25.924427,24.103558,
2024-10-25,29.69085,27.474411,26.090042,24.152954,
2024-10-26,29.75488,27.384026,26.238688,24.409212,
2024-10-27,29.882147,27.58164,26.146667,24.395447,
2024-10-28,29.832602,27.60516,25.911924,24.282522,
2024-10-29,30.372269,27.92033,25.836023,24.495853,
2024-10-30,30.548168,27.868168,26.829477,24.708817,
2024-10-31,30.628536,27.435371,27.044424,24.27962,
2024-11-01,30.864109,27.409595,26.95345,23.991144,
2024-11-02,30.954857,27.640291,27.126596,23.9262,
2024-11-03,30.632698,27.481401,27.39039,23.728418,
2024-11-04,30.779762,27.281706,27.138145,23.857584,
2024-11-05,30.580872,27.243267,26.87826,24.229073,
2024-11-06,30.713486,27.362518,27.333735,24.587467,
2024-11-07,30.626127,27.262003,27.900043,24.63726,
2024-11-08,30.606869,27.229425,27.802946,24.687363,
2024-11-09,30.469103,27.300455,27.763365,24.87816,
2024-11-10,30.404184,27.342424,27.761463,24.850666,
2024-11-11,30.291084,27.364319,27.943949,24.966099,
2024-11-12,30.222939,27.340723,27.893116,25.15816,
2024-11-13,30.139706,27.408087,27.839499,25.173668,
2024-11-14,30.184729,27.637966,27.85955,25.053072,
2024-11-15,30.244127,27.717106,27.81521,25.275219,
2024-11-16,30.304302,27.804657,27.55888,25.553602,
2024-11-17,30.377836,27.963158,27.334846,25.37006,
2024-11-18,30.488037,27.86292,27.127636,25.327456,
2024-11-19,30.473953,27.852388,26.774376,25.320799,
2024-11-20,30.11857,27.816557,26.523932,25.322006,
2024-11-21,30.033634,27.844364,26.37594,25.27878,
2024-11-22,30.021404,27.777548,26.291004,25.184008,
2024-11-23,29.974274,27.63939,26.213266,25.353415,
2024-11-24,29.916845,27.536919,26.230732,25.413284,
2024-11-25,29.789669,27.618067,26.265425,25.432976,
2024-11-26,29.580545,27.562801,26.24126,25.614403,
2024-11-27,29.478642,27.507082,26.115726,25.664364,
2024-11-28,29.364056,27.359753,26.106327,25.6265,
2024-11-29,29.461092,27.171879,26.091028,25.614407,
2024-11-30,29.323753,27.118032,26.040394,25.526783,
2024-12-01,29.320015,26.869274,26.092731,25.260252,
2024-12-02,29.244081,26.723,26.186897,24.904982,
2024-12-03,29.161945,26.630304,26.010826,24.570263,
2024-12-04,29.200817,26.63784,26.21944,24.502697,
2024-12-05,29.018536,26.889576,26.279608,24.679873,
2024-12-06,28.97298,27.012064,26.098911,24.959833,
2024-12-07,28.948792,26.926012,26.057573,24.96232,
2024-12-08,28.956839,26.828428,25.88365,24.884912,
2024-12-09,29.196856,26.859888,25.720774,24.60421,
2024-12-10,28.9783,26.93042,25.63003,24.35302,
2024-12-11,28.799017,27.093061,25.56501,24.300642,
2024-12-12,28.955185,27.117167,25.57508,24.362158,
2024-12-13,28.897003,26.90154,25.631609,24.452457,
2024-12-14,28.994677,26.808445,25.585402,24.4802,
2024-12-15,29.631523,26.790756,25.493929,24.250605,
2024-12-16,29.49011,26.657982,25.354286,24.088366,
2024-12-17,29.349482,26.415,25.28524,24.075989,
2024-12-18,29.537386,26.137241,25.11175,24.029436,
2024-12-19,29.498976,26.016539,24.990473,23.981226,
2024-12-20,29.411776,26.161446,24.859121,24.12624,
2024-12-21,29.222742,26.346975,24.653877,24.173758,
2024-12-22,29.182037,26.288208,24.453714,23.99905,
2024-12-23,29.029623,26.355516,24.362204,23.717642,
2024-12-24,28.951365,26.301819,24.151863,23.66322,
2024-12-25,28.87212,25.953772,23.94801,23.653608,
2024-12-26,28.88299,25.46718,24.015257,23.722345,
2024-12-27,28.81974,25.344984,24.021069,24.04417,
2024-12-28,28.839102,25.616333,24.167782,24.172726,
2024-12-29,28.855015,25.636456,24.330677,24.290743,
2024-12-30,28.802498,25.412151,24.378725,24.309483,
2024-12-31,28.914158,25.199656,24.572645,24.512424,
2025-01-01,28.829765,25.08368,24.482798,24.428663,
2025-01-02,28.900663,25.077732,24.911394,23.863235,
2025-01-03,28.677694,25.26507,25.39048,24.182487,
2025-01-04,28.8684,25.521873,25.341644,24.426348,
2025-01-05,29.10704,25.76942,25.120825,24.857817,
2025-01-06,29.089695,25.776772,25.235205,25.5064,
2025-01-07,29.354168,25.910372,25.211172,25.634676,
2025-01-08,29.108078,26.150194,24.814222,25.068401,
2025-01-09,29.06288,26.151588,24.602701,24.339296,
2025-01-10,29.01443,26.013977,24.723005,23.433027,
2025-01-11,29.079466,25.998096,24.807192,23.827503,
2025-01-12,29.303022,26.085417,25.115568,24.394627,
2025-01-13,29.148624,26.218466,25.12045,24.45145,
2025-01-14,29.036406,26.184761,25.11208,24.720686,
2025-01-15,29.00031,26.233295,24.921066,24.970182,
2025-01-16,28.940859,26.21943,24.915804,25.163086,
2025-01-17,28.93284,26.084946,24.817518,24.790274,
2025-01-18,28.928816,25.976301,24.700586,24.51322,
2025-01-19,28.820763,25.891293,24.592993,24.224869,
2025-01-20,28.828547,25.783634,24.670433,23.814367,
2025-01-21,28.845785,25.766987,24.592106,23.984037,
2025-01-22,28.840742,25.796917,24.557428,23.742352,
2025-01-23,28.889448,25.747244,24.614555,23.807856,
2025-01-24,28.881514,25.767803,24.671295,23.700073,
2025-01-25,28.862112,25.814564,24.717003,23.572845,
2025-01-26,28.867628,25.909664,24.772272,23.822826,
2025-01-27,28.85041,25.92789,24.744434,23.275328,
2025-01-28,28.809494,25.888113,24.613953,23.260988,
2025-01-29,28.738605,25.861195,24.671549,23.482775,
2025-01-30,28.31701,25.889994,24.651445,23.51932,
2025-01-31,28.299952,25.896507,24.630173,23.783648,
2025-02-01,28.320784,25.874378,24.724163,24.217663,
2025-02-02,28.569523,25.849215,24.803366,24.172897,
2025-02-03,28.556665,25.754034,24.83422,24.406097,
2025-02-04,28.469755,25.692339,24.766184,24.484331,
2025-02-05,28.27864,25.670628,24.800753,24.529284,
2025-02-06,28.09326,25.672947,24.82309,24.49898,
2025-02-07,27.902712,25.73447,24.83569,24.396358,
2025-02-08,27.961258,25.78806,24.94619,24.387995,
2025-02-09,27.86056,25.971142,25.007933,24.390018,
2025-02-10,27.905294,26.013327,25.02299,24.452585,
2025-02-11,27.956312,25.866104,24.982931,24.594229,
2025-02-12,28.310415,25.785154,24.909931,24.896563,
2025-02-13,28.381626,25.695156,24.836826,25.100204,
2025-02-14,28.77323,25.75416,24.969051,25.286633,
2025-02-15,29.103262,25.834885,25.285774,25.453178,
2025-02-16,28.977358,25.839935,25.369757,26.082308,
2025-02-17,28.73492,26.216455,25.584003,25.94196,
2025-02-18,28.720102,26.46517,25.68607,25.858204,
2025-02-19,28.823132,26.305214,25.5803,25.304914,
2025-02-20,28.699322,26.07271,25.550476,25.112377,
2025-02-21,28.60131,25.994167,25.451094,24.843,
2025-02-22,28.603296,25.96828,25.175484,24.865496,
2025-02-23,28.71564,25.913025,24.786345,24.914776,
2025-02-24,28.430399,25.707401,24.743206,25.73405,
2025-02-25,28.421152,25.59686,24.939587,25.800837,
2025-02-26,28.430344,25.715036,25.057577,26.345982,
2025-02-27,28.566477,25.683163,25.219568,27.048635,
2025-02-28,28.587889,25.806393,25.50667,27.49586,
2025-03-01,28.641062,25.952753,25.904398,26.755548,
2025-03-02,28.634245,26.22146,26.035202,26.459349,
2025-03-03,28.57329,26.088814,25.754263,26.034832,
2025-03-04,28.45821,25.959726,25.679224,25.844948,
2025-03-05,28.395212,26.100727,25.896141,25.68611,
2025-03-06,28.354712,26.178219,26.159618,25.518486,
2025-03-07,28.36285,26.19911,26.45797,26.294312,
2025-03-08,28.256113,26.147608,26.658083,26.5741,
2025-03-09,28.196152,26.153574,26.678186,26.716307,
2025-03-10,28.252634,26.170895,26.685118,27.069572,
2025-03-11,28.287031,26.228249,26.788443,27.371227,
2025-03-12,28.185797,26.454672,26.618504,27.942904,
2025-03-13,28.23667,26.411776,26.758804,28.082369,
2025-03-14,28.245192,26.473055,26.669514,26.751608,
2025-03-15,28.308527,26.469702,26.594025,26.496967,
2025-03-16,28.276943,26.513847,26.488289,26.24518,
2025-03-17,28.287346,26.411587,26.340265,25.63954,
2025-03-18,28.309998,26.535473,26.134974,25.162603,
2025-03-19,28.319824,26.620834,26.074224,25.594645,
2025-03-20,28.320076,26.618057,26.281921,25.270596,
2025-03-21,28.328587,26.688978,26.379978,25.195421,
2025-03-22,28.262499,26.754995,26.059631,25.912987,
2025-03-23,28.24142,26.817968,26.28866,25.911572,
2025-03-24,28.301126,26.69246,26.235016,26.678629,
2025-03-25,28.337538,26.881516,26.228647,26.498903,
2025-03-26,28.44342,26.896332,26.140633,25.807005,
2025-03-27,28.43463,26.90676,26.067347,25.768427,
2025-03-28,28.431997,26.976965,26.182453,25.66639,
2025-03-29,28.438543,27.035591,26.302532,25.801659,
2025-03-30,28.462645,27.216343,26.38533,25.784004,
2025-03-31,28.436663,27.469357,26.267542,25.841076,
2025-04-01,28.378437,27.326038,26.373869,25.905714,
2025-04-02,28.411587,27.261833,26.410082,26.071505,
2025-04-03,28.567047,27.279673,26.701284,26.064425,
2025-04-04,28.724457,27.37157,26.665073,26.027304,
2025-04-05,28.62076,27.346882,26.449259,26.141434,
2025-04-06,28.535704,27.452778,26.475595,26.42964,
2025-04-07,28.503675,27.445751,26.702217,26.615248,
2025-04-08,28.777958,27.455614,26.934843,26.282263,
2025-04-09,28.852837,27.451628,27.034323,26.331987,
2025-04-10,29.014605,27.592712,27.021536,26.225117,
2025-04-11,29.326498,27.395124,27.141659,26.162292,
2025-04-12,29.208424,27.409327,27.214346,26.230837,
2025-04-13,28.954487,27.508827,27.34391,26.593817,
2025-04-14,28.738173,27.59904,27.44416,26.482023,
2025-04-15,28.82963,27.797064,27.498487,26.441452,
2025-04-16,28.788567,27.983057,27.542019,26.75929,
2025-04-17,28.756023,28.24591,27.575186,26.897049,
2025-04-18,28.85608,28.34052,27.672789,26.863287,
2025-04-19,29.209078,28.362309,27.51561,26.75953,
2025-04-20,29.20618,28.352716,27.376417,26.684975,
2025-04-21,29.14301,28.340103,27.356905,26.753143,
2025-04-22,28.955881,28.418467,27.250439,26.744696,
2025-04-23,28.932909,28.611822,27.281704,26.654411,
2025-04-24,29.050745,28.594273,27.243519,26.51777,
2025-04-25,28.948328,28.52646,27.30091,26.595644,
2025-04-26,28.851824,28.470524,27.349813,26.664543,
2025-04-27,29.041704,28.612709,27.530075,26.679098,
2025-04-28,29.21869,28.490026,27.52347,26.695576,
2025-04-29,29.332626,28.460297,27.366245,26.548948,
2025-04-30,29.483715,28.241703,27.41642,26.650204,
2025-05-01,29.215645,28.274288,27.570452,26.911484,
2025-05-02,29.291895,28.219658,27.56112,27.098486,
2025-05-03,29.295013,28.271078,27.565607,27.239704,25.505793
2025-05-04,29.432835,28.23402,27.565754,27.236193,24.962963
2025-05-05,29.231922,28.160294,27.454576,27.221973,24.897911
2025-05-06,29.199274,27.992832,27.475899,27.155724,25.004591
2025-05-07,29.319996,27.845325,27.495144,27.254307,25.056183
2025-05-08,29.492699,27.811867,27.478456,27.238798,25.260727
2025-05-09,29.61335,27.877306,27.483011,27.166021,25.089174
2025-05-10,29.708353,27.95271,27.38912,27.091064,25.120703
2025-05-11,29.425129,27.976418,27.319939,27.045107,25.162476
2025-05-12,29.33009,28.056892,27.34459,26.852365,25.396488
2025-05-13,29.289034,28.069746,27.269855,26.989058,25.395432
2025-05-14,29.327757,27.999535,27.241774,27.08633,24.982227
2025-05-15,29.345055,28.00792,27.3051,27.068632,25.023153
2025-05-16,29.323503,28.028553,27.47575,27.047539,25.141598
2025-05-17,29.30945,28.039232,27.387365,27.015684,25.135593
2025-05-18,29.295734,28.086473,27.162037,26.917997,25.261583
2025-05-19,29.295263,28.004211,27.0838,26.871805,25.21696
2025-05-20,29.318531,27.951088,27.14227,26.897293,25.030333
2025-05-21,29.364532,27.980272,27.25877,26.769424,24.790821
2025-05-22,29.310316,27.97183,27.431177,26.78322,24.561068
2025-05-23,29.329817,27.945524,27.458231,26.938112,24.56644
2025-05-24,29.262766,27.866917,27.404947,26.79126,24.894825
2025-05-25,29.226772,27.8403,27.436598,26.653606,24.99753
2025-05-26,29.496637,27.85142,27.408825,26.548178,24.97953
2025-05-27,29.601904,27.902292,27.452564,26.621393,25.013557
2025-05-28,29.406145,27.90163,27.535133,26.650505,25.314224
2025-05-29,29.381134,27.88567,27.43318,26.733822,25.763832
2025-05-30,29.356049,28.071964,27.509144,26.79802,26.09672
2025-05-31,,28.231873,27.555101,26.890305,26.216558
2025-06-01,,28.340023,27.760586,27.021204,26.38825
2025-06-02,,28.350994,27.89822,27.059357,26.090498
2025-06-03,,28.2718,27.673876,27.002445,26.031763
2025-06-04,,28.155245,27.516233,27.022142,26.238321
2025-06-05,,28.04835,27.395012,27.054537,26.100958
2025-06-06,,28.0752,27.303394,27.079332,25.098875
2025-06-07,,28.046797,27.24333,27.091803,24.848223
2025-06-08,,28.09911,27.335238,27.04668,24.562653
2025-06-09,,28.191135,27.395405,26.986307,24.96663
2025-06-10,,28.32379,27.481318,26.905926,25.286863
2025-06-11,,28.387608,27.548378,26.708138,25.36188
2025-06-12,,28.472591,27.540386,26.777689,25.591572
2025-06-13,,28.46043,27.522863,26.810581,25.512703
2025-06-14,,28.502628,27.506334,26.836056,25.368298
2025-06-15,,28.467552,27.37387,26.819298,25.400208
2025-06-16,,28.593676,27.30355,26.71586,24.948168
2025-06-17,,28.768187,27.35284,26.615685,23.760582
2025-06-18,,28.753159,27.425829,26.806974,23.294376
2025-06-19,,28.809265,27.50612,26.95524,23.456802
2025-06-20,,28.77131,27.517452,26.986685,23.843502
2025-06-21,,28.697588,27.455873,26.814337,24.085764
2025-06-22,,28.675875,27.371923,26.618258,23.979313
2025-06-23,,28.673584,27.15842,26.567326,23.322058
2025-06-24,,28.611563,27.053728,26.535114,23.337057
2025-06-25,,28.60771,27.155132,26.493359,23.710304
2025-06-26,,28.570206,27.28667,26.567595,23.894197
2025-06-27,,28.566515,27.329502,26.720308,23.871773
2025-06-28,,28.58849,27.36063,26.814161,23.660759
2025-06-29,,28.499891,27.403599,26.87764,23.642149
2025-06-30,,28.547665,27.480156,26.782423,23.733297
2025-07-01,,28.564192,27.53739,26.751783,24.253696
2025-07-02,,28.535582,27.439848,26.787857,25.082296
2025-07-03,,28.547958,27.418398,26.699354,26.461882
2025-07-04,,28.560377,27.569212,26.641907,26.64439
2025-07-05,,28.603052,,26.550442,26.70059
2025-07-06,,28.63699,,26.422688,26.498491
2025-07-07,,28.649094,,26.22247,25.610205
2025-07-08,,28.611948,,26.004166,24.644909
2025-07-09,,28.614784,,25.82645,23.601452
2025-07-10,,28.520262,,25.900476,23.28305
2025-07-11,,28.422836,,25.968975,23.337133
2025-07-12,,28.305624,,25.72973,23.556742
2025-07-13,,28.20045,,25.583858,23.711977
2025-07-14,,28.109318,,25.68017,23.867762
2025-07-15,,28.08882,,25.844385,23.880632
2025-07-16,,28.058378,,25.834417,23.753069
2025-07-17,,28.058947,,25.94152,23.449848
2025-07-18,,28.04106,,26.071741,23.07286
2025-07-19,,27.983625,,26.027363,24.03161
2025-07-20,,27.912933,,25.586859,24.51362
2025-07-21,,27.785143,,25.47786,24.58368
2025-07-22,,27.785395,,25.406366,25.089714
2025-07-23,,27.91817,,25.303284,25.434351
2025-07-24,,28.054287,,25.120537,25.678953
2025-07-25,,27.97935,,25.157974,25.228466
2025-07-26,,28.003773,,25.142607,23.696161
2025-07-27,,28.078484,,25.481565,22.43619
2025-07-28,,28.117893,,25.8948,22.34557
2025-07-29,,28.0623,,25.769493,22.225021
2025-07-30,,28.028442,,25.362892,22.217813
2025-07-31,,28.029299,,25.401281,22.321625
2025-08-01,,28.115976,,26.019909,22.342503
2025-08-02,,28.24845,,26.006252,22.479542
2025-08-03,,28.33059,,25.183329,22.391384
2025-08-04,,28.592268,,24.67752,22.477207
2025-08-05,,28.583578,,24.516521,22.562326
2025-08-06,,28.33161,,24.803185,22.388346
2025-08-07,,28.23472,,24.85008,21.799929
2025-08-08,,28.14963,,24.794857,21.254658
2025-08-09,,28.124578,,24.836382,21.653324
2025-08-10,,28.20748,,24.810911,21.412209
2025-08-11,,28.170385,,24.736393,21.285315
2025-08-12,,28.13985,,24.819658,22.584171
2025-08-13,,28.179907,,24.878765,23.16359
2025-08-14,,28.200014,,24.88433,23.109053
2025-08-15,,28.195328,,25.075527,23.931023
2025-08-16,,28.160196,,25.232313,24.176355
2025-08-17,,28.166145,,25.368156,23.29481
2025-08-18,,28.232752,,25.444214,22.759085
2025-08-19,,28.159218,,25.526945,22.285994
2025-08-20,,28.178362,,25.406652,22.067522
2025-08-21,,28.162872,,25.00775,21.854221
2025-08-22,,28.07245,,24.79196,21.91987
2025-08-23,29.489454,28.000248,,25.236319,21.565731
2025-08-24,29.53267,27.94802,,25.458277,21.187199
2025-08-25,29.593142,27.843071,,25.384642,21.183126
2025-08-26,29.692732,27.779522,,25.7521,21.103146
2025-08-27,29.70672,27.759756,,26.078753,21.214348
2025-08-28,29.517756,27.801342,,25.973635,21.319214
2025-08-29,29.437634,27.689054,,25.894575,21.539074
2025-08-30,29.396152,27.706837,,26.029766,21.44688
2025-08-31,29.473038,27.732813,,25.981506,20.99709
2025-09-01,29.4302,27.701342,,25.477783,21.25801
2025-09-02,29.29628,27.59413,,25.191536,21.29366
2025-09-03,29.334364,27.505962,,24.99873,21.424353
2025-09-04,29.320652,27.721739,,24.839142,21.511303
2025-09-05,29.208355,27.784767,,25.096565,21.693474
2025-09-06,29.279877,27.48898,,25.269526,21.897264
2025-09-07,29.15787,27.272713,,25.281256,21.654995
2025-09-08,29.30789,27.213314,,25.221317,21.327204
2025-09-09,29.458414,27.240519,,25.101433,21.346323
2025-09-10,29.585745,27.29398,,25.001226,20.911312
2025-09-11,29.556046,27.396925,,24.934526,20.641739
2025-09-12,29.522947,27.267359,,24.708357,20.845108
2025-09-13,29.358614,27.17715,,24.251173,21.213753
2025-09-14,29.289827,27.352787,,23.907896,21.09728
2025-09-15,29.313215,27.365953,,23.992872,21.639214
2025-09-16,29.3365,27.556356,,24.189854,21.613943
2025-09-17,29.373121,27.657757,,23.833908,21.751783
2025-09-18,29.440388,27.698568,,23.72424,22.042475
2025-09-19,29.62315,27.910902,,23.78201,22.189789
2025-09-20,29.573792,,,23.706818,22.300734
2025-09-21,29.42486,26.689863,,23.761501,22.362774
2025-09-22,29.32181,26.903488,,24.048101,22.226019
2025-09-23,29.270214,27.041555,,24.288578,22.850828
2025-09-24,29.538912,27.446396,,24.118195,23.124155
2025-09-25,29.54065,27.481325,,24.094261,22.652523
2025-09-26,29.279755,27.634832,,24.665651,22.347507
2025-09-27,28.986082,27.778492,,24.807734,22.368462
2025-09-28,29.310446,27.706635,,25.017546,22.685328
2025-09-29,29.378317,27.837814,,24.852438,23.773571
2025-09-30,29.45917,27.94037,,24.33688,24.611391
2025-10-01,29.015764,27.808777,,24.324753,24.166698
2025-10-02,29.0436,27.809156,,24.181688,23.60097
2025-10-03,29.103945,27.70813,,24.284883,22.299595
2025-10-04,29.059378,27.505066,,24.263403,22.64083
2025-10-05,29.001184,27.352255,,24.323776,21.753132
2025-10-06,28.974056,27.352926,26.00809,24.513153,21.461779
2025-10-07,29.034193,27.568378,26.1058,24.787169,21.603582
2025-10-08,29.051088,27.527082,25.950417,24.922178,21.849348
2025-10-09,29.125673,27.837694,25.90187,25.018845,22.020855
2025-10-10,29.312323,27.608904,25.974028,25.051535,22.154232
2025-10-11,29.483265,27.627968,25.831999,25.141531,21.971634
2025-10-12,29.644184,27.666433,25.676512,25.046074,21.684738
2025-10-13,29.772375,27.748653,25.795115,24.51145,21.223658
2025-10-14,30.111012,27.795227,26.016378,24.714317,21.22351
2025-10-15,29.912687,27.811357,25.986769,25.610023,21.508915
2025-10-16,29.94875,27.807482,25.836184,25.808653,21.64908
2025-10-17,29.739536,27.788855,25.956339,26.088303,21.722435
2025-10-18,29.685402,27.765545,26.189009,26.149446,22.020145
2025-10-19,29.677977,27.70612,26.32813,26.197214,22.657623
2025-10-20,29.633314,27.577087,26.34374,26.283312,21.350819
2025-10-21,29.444437,27.410946,26.332174,26.086357,20.986946
2025-10-22,29.430872,27.325909,26.319878,25.08767,21.498724
2025-10-23,29.568676,27.3102,26.185911,24.064947,21.924395
2025-10-24,29.613153,27.243052,25.975458,24.219425,21.098328
2025-10-25,29.601051,27.224174,25.790592,24.423115,20.609598
2025-10-26,29.440388,27.231503,25.64478,24.812933,20.682507
2025-10-27,29.235897,27.139568,25.583178,24.983982,21.090544
2025-10-28,28.973833,27.10875,25.639233,25.123749,20.807676
2025-10-29,28.838713,27.164986,25.766916,25.320807,20.804596
2025-10-30,28.920685,27.024254,25.782913,25.446987,21.237272
2025-10-31,29.175932,26.94019,25.823654,25.538786,21.111412
2025-11-01,29.31328,26.820738,25.873188,25.6512,20.991936
2025-11-02,29.530664,26.880836,25.868752,25.65634,21.106087
2025-11-03,29.181297,27.139584,25.85218,25.467379,21.129496
2025-11-04,29.112728,27.019436,25.830864,25.203209,21.24649
2025-11-05,29.409739,26.966389,25.778025,24.980274,21.249546
2025-11-06,29.562733,26.834644,25.853502,24.677402,21.159664
2025-11-07,29.398645,26.779411,25.898136,24.5269,21.36313
2025-11-08,29.232203,26.466452,25.804018,24.664022,21.312176
2025-11-09,29.1316,26.445478,25.753994,24.86242,21.344967
2025-11-10,29.20242,26.620584,25.565,24.783314,21.459988
2025-11-11,29.290802,26.372667,25.39734,24.36176,21.440868
2025-11-12,29.19405,26.438948,25.146227,23.986904,21.602245
2025-11-13,29.600649,26.674088,24.942186,23.891962,21.758625
2025-11-14,29.740978,26.919699,24.865145,23.963692,21.835394
2025-11-15,29.410944,27.164505,24.867708,24.038164,21.946047
2025-11-16,29.676523,27.162153,24.701128,24.178663,21.979826
2025-11-17,29.811605,27.066875,24.660606,24.234726,22.0884
2025-11-18,29.922853,26.974298,24.591276,24.538504,21.9925
2025-11-19,29.950195,26.91704,24.869408,24.684446,21.843025
2025-11-20,29.976292,26.840738,25.006565,24.712986,22.062937
2025-11-21,29.784168,26.671618,25.05325,24.60407,22.092169
2025-11-22,30.116552,26.409597,25.034527,24.43148,22.097803
2025-11-23,29.597204,26.448593,25.212864,24.753046,22.038082
2025-11-24,29.494257,26.46077,25.503521,25.104452,21.816294
2025-11-25,29.800264,26.425468,25.51395,25.287241,21.698864
2025-11-26,29.59301,26.619446,25.514742,25.946512,21.439796
2025-11-27,29.591085,26.654276,25.642553,26.070286,21.674877
2025-11-28,29.46273,26.752409,25.712234,25.900534,21.84387
2025-11-29,29.537859,26.778086,25.67274,25.678894,21.918295
2025-11-30,29.71203,26.827663,25.577494,25.179544,22.085228
2025-12-01,29.768988,26.971367,25.497938,24.46835,21.850338
2025-12-02,29.881578,27.236595,25.494139,24.135286,22.116768
2025-12-03,29.993324,27.303267,25.532848,24.271795,21.996992
2025-12-04,30.194975,27.688578,25.524693,24.514614,21.865828
2025-12-05,30.54396,28.20734,25.542408,24.730282,21.922384
2025-12-06,30.437708,27.919842,25.470465,24.851774,22.205448
2025-12-07,30.560305,27.766619,25.490768,25.025082,22.08806
2025-12-08,30.292364,27.562565,25.612099,25.238161,21.909157
2025-12-09,29.964676,27.33147,25.941721,25.386051,21.660513
2025-12-10,29.891298,27.149633,26.145557,25.18789,21.391315
2025-12-11,29.987278,26.968193,26.114384,25.10295,21.445477
2025-12-12,30.044413,26.868422,26.101568,24.605124,21.42551
2025-12-13,29.914204,26.986055,26.066696,24.41529,21.46708
2025-12-14,30.120783,27.091005,26.049433,24.303967,21.305092
2025-12-15,30.1297,27.283531,26.042843,24.153494,21.084364
2025-12-16,30.140057,27.388708,26.077322,24.056637,20.989042
2025-12-17,30.099573,27.362755,26.030909,24.283348,21.071556
2025-12-18,30.044897,27.374884,25.967245,24.565601,21.2906
2025-12-19,30.051739,27.285805,25.910233,24.714802,21.393982
2025-12-20,30.16495,27.109608,25.854118,24.630936,21.452526
2025-12-21,30.128202,27.03486,25.821617,24.471033,21.542297
2025-12-22,30.2217,26.963484,25.833189,24.377794,21.565979
2025-12-23,30.161797,26.782686,25.818491,24.374813,23.041
2025-12-24,30.121181,26.536438,25.77199,24.457802,23.10193
2025-12-25,30.098572,26.709885,25.732344,24.484652,22.758041
2025-12-26,30.108194,26.80645,25.733675,24.38526,23.133219
2025-12-27,30.095585,26.67305,25.780558,24.306122,23.732975
2025-12-28,30.110474,26.597366,25.82148,24.299868,23.551636
2025-12-29,30.406296,26.647821,25.884508,24.365564,23.363863
2025-12-30,30.27558,26.672775,25.898159,24.519125,23.038591
2025-12-31,30.295015,26.668518,25.935719,24.604925,22.58333
2026-01-01,30.220993,26.718657,26.08293,24.692314,22.645472
2026-01-02,30.332481,26.728369,25.949272,24.865131,22.483011
2026-01-03,30.270075,26.814117,26.036758,25.055656,22.506836
2026-01-04,30.036207,26.88401,26.249493,25.137533,23.006529
2026-01-05,30.217274,26.903044,26.168503,25.11191,23.7553
2026-01-06,30.058231,26.805784,26.166195,25.120182,24.023798
2026-01-07,30.009235,26.823164,26.200577,25.231659,23.673878
2026-01-08,29.982244,26.795206,26.180798,25.221966,22.811897
2026-01-09,29.95249,26.756355,26.139713,25.135296,22.471369
2026-01-10,29.958788,26.656042,26.104738,25.089668,22.621515
2026-01-11,30.012915,26.659025,25.960293,25.040407,23.140244
2026-01-12,29.965855,26.78629,25.76221,24.727924,23.604109
2026-01-13,30.127703,26.943937,25.651445,24.483942,22.95764
2026-01-14,30.078909,27.169447,25.567137,24.55252,23.198622
2026-01-15,30.108047,27.337126,25.577696,24.540594,23.834412
2026-01-16,30.03596,27.338427,25.358025,24.537756,23.725227
2026-01-17,30.057884,27.351383,25.312164,24.53327,23.740223
2026-01-18,30.305779,27.277676,25.324121,24.625708,23.858473
2026-01-19,30.340786,27.168331,25.258644,24.631098,24.101896
2026-01-20,30.199913,27.151596,25.382074,24.646854,24.287785
2026-01-21,30.199022,27.067997,25.543373,24.695143,24.353428
2026-01-22,30.362812,27.068487,25.666,24.69835,24.463438
2026-01-23,30.424368,27.181305,25.622343,24.686068,24.329788
2026-01-24,30.575527,26.958578,25.579052,24.847399,24.483006
2026-01-25,30.316818,26.816376,25.546127,24.750826,24.499166
2026-01-26,30.5322,26.995266,25.71339,24.879652,24.487434
2026-01-27,30.34541,27.123436,25.605387,25.194912,24.27046
2026-01-28,30.312855,26.917953,25.607807,25.317255,24.479273
2026-01-29,30.482216,26.95902,25.735079,25.27021,24.71811
2026-01-30,30.324392,27.044775,25.823164,25.110886,25.22304
2026-01-31,30.270615,26.978006,25.948223,24.952412,25.402449
2026-02-01,29.796251,26.965746,26.03737,24.964602,25.320162
2026-02-02,30.250801,26.97368,26.004707,25.098867,25.22211
2026-02-03,30.358389,26.99874,25.929155,24.902128,25.053308
2026-02-04,30.431746,26.989767,25.887049,25.102768,25.205688
2026-02-05,30.308043,27.012121,25.854843,25.388783,25.14219
2026-02-06,30.373598,27.024963,25.678438,25.495457,24.296888
2026-02-07,30.292856,27.13653,25.655046,25.31506,24.232347
2026-02-08,30.172377,27.09245,25.606619,25.34379,24.6026
2026-02-09,30.231543,27.067543,25.620798,25.43365,24.552183
2026-02-10,30.467314,27.013206,25.714252,25.299479,25.077143
2026-02-11,30.119026,27.021824,25.808237,25.091927,25.299614
2026-02-12,30.179638,27.237806,25.837135,25.021948,25.740267
2026-02-13,30.20062,27.295633,25.92678,24.888609,25.689116
2026-02-14,30.414963,27.297306,25.918612,25.00501,26.012226
2026-02-15,30.373817,27.082344,26.010626,25.042957,25.574373
2026-02-16,30.393063,27.021149,26.229158,25.38962,25.671856
2026-02-17,30.322666,27.08028,26.248,25.33566,25.78698
2026-02-18,30.387518,27.14747,26.492224,25.39582,25.613539
2026-02-19,30.266405,27.27182,26.58554,25.467613,25.472795
2026-02-20,30.358517,27.400463,26.392746,25.562687,25.92607
2026-02-21,30.350855,27.426973,26.501972,25.60591,26.375809
2026-02-22,30.43431,27.352686,26.70471,25.417362,26.454386
2026-02-23,30.788881,27.258888,26.60413,25.367805,26.673857
2026-02-24,30.639809,27.317308,26.638891,25.426497,26.048216
2026-02-25,30.513582,27.32817,26.547583,25.554476,25.830498
2026-02-26,30.48252,27.325956,26.552896,25.671019,25.860676
2026-02-27,30.442114,27.24379,26.554544,25.662804,25.786324
2026-02-28,30.383722,27.168543,26.372452,25.737473,25.899742
2026-03-01,30.364872,27.152252,26.259766,25.892462,25.721157
2026-03-02,30.62536,27.120176,26.274126,25.977016,26.233364
2026-03-03,30.413818,27.084774,26.266531,26.030682,26.452785
2026-03-04,30.506432,27.071302,26.297241,26.030857,26.583618
2026-03-05,30.55141,27.108225,26.384024,26.001507,27.345905
2026-03-06,30.506084,27.09093,26.489674,26.161608,27.69974
2026-03-07,30.384203,27.02569,26.454859,26.337587,27.384659
2026-03-08,30.32717,27.044403,26.50131,26.214287,27.429735
2026-03-09,30.13827,27.04337,26.554914,25.987524,27.40673
2026-03-10,30.365057,27.099003,26.512934,25.833689,28.318548
2026-03-11,30.562525,27.164734,26.397232,25.84755,28.222986
2026-03-12,30.622921,27.089458,26.304693,26.02756,28.117325
2026-03-13,30.66405,27.061039,26.27735,26.256914,27.906208
2026-03-14,30.681715,27.159914,26.295458,26.501764,27.622684
2026-03-15,30.77523,27.56324,26.281082,26.681623,27.314411
2026-03-16,30.76311,27.932558,26.363,26.722418,27.051125
2026-03-17,30.996721,27.721308,26.494728,26.671778,27.25935
2026-03-18,30.579245,27.754356,26.63439,26.556828,27.068558
2026-03-19,30.292156,27.78622,26.56758,26.430779,27.186666
2026-03-20,30.38851,27.824057,26.517263,26.105944,26.965967
2026-03-21,30.575617,27.918806,26.581644,26.116821,26.754148
2026-03-22,30.65475,27.941921,26.582413,26.222378,26.518032
2026-03-23,30.73491,28.057232,26.733458,26.271053,26.287893
2026-03-24,30.79044,28.033333,26.894215,26.404446,26.213333
2026-03-25,30.674084,28.144054,27.03448,,26.264858
2026-03-26,30.59995,28.355728,27.100065,26.312939,26.321795
2026-03-27,30.698683,28.231155,27.332462,26.269262,26.327799
2026-03-28,30.54509,28.208523,27.204481,26.288523,26.641119
2026-03-29,30.591753,28.123682,27.281761,26.184172,26.505976
2026-03-30,30.499933,28.04982,27.367493,26.398245,26.242842
2026-03-31,30.615143,27.998222,27.470577,26.430122,26.287558
2026-04-01,30.570024,28.087437,27.640913,26.472795,26.44172
2026-04-02,30.54592,28.04668,27.501707,26.926735,26.494862
2026-04-03,30.521065,27.912966,27.47513,27.063953,26.52892
2026-04-04,30.461985,27.998371,27.669296,27.122637,26.444193
2026-04-05,30.62959,28.070204,27.862041,27.039213,26.242413
2026-04-06,30.617329,28.021849,27.846855,26.980717,25.938883
2026-04-07,30.528603,28.091839,27.863632,26.907162,25.825216
2026-04-08,30.5927,28.298613,27.554811,26.964106,25.738085
2026-04-09,30.0511,28.236055,27.410475,27.168262,26.184326
2026-04-10,30.308987,28.224634,27.446138,27.229683,26.713228
2026-04-11,30.341614,28.219719,27.687061,27.235294,26.541899
2026-04-12,30.353996,28.327145,27.766537,27.275436,26.189583
2026-04-13,30.589739,28.404285,27.91284,27.342445,25.88753
2026-04-14,30.579937,28.563868,27.949759,27.557907,26.383955
2026-04-15,30.268995,28.63256,27.830656,27.798376,26.690151
2026-04-16,30.406471,28.528568,28.06412,27.941694,26.798086
2026-04-17,30.425451,28.568495,28.049646,27.761717,26.866278
2026-04-18,30.414528,28.757092,28.090876,27.669884,27.095448
2026-04-19,30.32322,28.746456,28.045362,27.647285,27.492014
2026-04-20,30.322908,28.736797,28.084478,27.731842,27.50285
2026-04-21,30.320978,28.689869,28.051369,27.823502,27.420341
2026-04-22,30.451773,28.745283,28.166622,27.76001,27.551731
2026-04-23,30.234253,28.710876,28.162502,27.739365,27.511795
2026-04-24,30.373684,28.822844,28.090338,27.713205,27.4921
2026-04-25,30.231632,28.922451,28.06894,27.619658,27.06679
2026-04-26,30.127016,28.823553,28.135548,27.673033,27.073872
2026-04-27,29.833391,28.846653,27.996883,27.715956,26.929893
2026-04-28,30.381704,29.03749,28.153938,27.928947,26.93143
2026-04-29,30.579184,29.082314,28.325665,28.288412,26.932518
2026-04-30,30.65297,29.089937,28.411478,28.500687,27.012207
2026-05-01,30.33159,29.042418,28.410645,28.341845,27.156082
2026-05-02,30.149492,29.070343,28.324875,28.288254,27.298397
2026-05-03,30.236088,29.251604,28.319136,28.244766,27.307217
2026-05-04,30.559433,29.400581,28.509483,28.134546,27.570583
2026-05-05,30.26402,29.397337,28.528778,28.146858,27.82163
2026-05-06,30.1934,29.275537,28.376583,27.906633,27.774553
2026-05-07,30.074984,29.441742,28.301891,27.826271,27.920973
2026-05-08,30.35077,29.354925,28.308868,27.9803,27.93102
2026-05-09,30.303074,29.313929,28.492361,27.980652,28.03277
2026-05-10,30.28022,29.278448,28.611168,28.096039,28.174898
2026-05-11,30.376513,29.341925,28.630444,28.24764,27.961048
2026-05-12,30.770622,29.407328,28.700726,28.161758,27.839838
2026-05-13,30.832863,29.226278,28.692163,28.231112,27.684734
2026-05-14,30.746141,29.432127,28.723238,28.259846,27.74247
2026-05-15,30.47396,29.80515,28.728865,28.344381,27.861399
2026-05-16,30.55117,29.773005,28.824165,28.26546,27.825161
2026-05-17,30.624472,29.708967,28.95379,28.237688,27.774605
2026-05-18,30.457869,29.547565,28.898619,28.286512,27.621353
2026-05-19,30.493612,29.49111,28.921358,28.289927,27.353283
2026-05-20,30.42471,29.498823,28.909805,28.377481,27.2631
2026-05-21,30.37236,29.549677,28.85581,28.391178,27.261013
2026-05-22,30.478588,29.570559,28.868385,28.398209,27.191044
2026-05-23,30.300138,29.561928,28.958078,28.349754,27.13763
2026-05-24,30.58986,29.784666,28.87072,28.146109,27.241486
2026-05-25,30.762993,29.936653,29.060928,28.135244,27.354567
2026-05-26,30.771402,29.689608,28.948013,28.185951,27.329748
2026-05-27,31.031315,29.93801,28.898949,28.26244,27.32806
2026-05-28,31.004328,29.757889,28.938446,28.245651,27.339327
2026-05-29,31.182028,29.758234,28.882076,28.29372,27.255482
2026-05-30,30.857073,29.713093,28.857391,28.336273,27.153412
2026-05-31,30.64053,29.979656,29.067768,28.34135,27.227861
2026-06-01,30.356066,30.249191,29.42486,28.33677,27.254019
2026-06-02,30.426834,30.193476,29.418987,28.317911,27.269108
2026-06-03,30.4544,30.128078,29.60255,28.416786,27.259102
2026-06-04,30.392452,30.215591,29.859737,28.52497,27.292034
2026-06-05,30.532917,30.346157,29.79028,28.518612,27.320879
2026-06-06,30.365036,30.396317,29.412832,28.471642,27.341373
2026-06-07,30.552805,30.5376,29.115395,28.514769,27.45872
2026-06-08,30.5162,30.41748,29.092422,28.531403,27.448978
2026-06-09,30.11661,30.354336,29.09267,28.482693,27.43476
2026-06-10,30.314466,30.38894,29.296707,28.493145,27.42201
2026-06-11,30.261976,30.479015,29.250376,28.576084,27.347385
2026-06-12,30.11127,30.527176,29.431305,28.598911,27.225424
2026-06-13,30.067793,30.333054,29.611948,28.71692,27.269598
2026-06-14,30.01926,30.457825,29.792309,28.788553,27.281065
2026-06-15,29.944897,30.497866,29.583609,28.688663,27.484072
2026-06-16,29.886093,30.575752,29.608917,28.737299,27.88801
2026-06-17,29.725569,30.759739,29.417736,28.712343,27.984606
2026-06-18,29.77013,30.678413,29.499523,28.695023,27.95119
2026-06-19,30.04488,30.632336,29.3604,28.701595,27.72837
2026-06-20,29.959826,30.422235,29.244982,28.70769,27.67809
2026-06-21,29.749302,30.54692,29.124258,28.769203,27.762712
2026-06-22,29.871502,30.659245,29.246607,28.81086,27.779713
2026-06-23,29.742344,30.662016,29.288507,28.876314,27.78095
2026-06-24,29.698307,30.36075,29.22535,28.756998,27.761646
2026-06-25,29.789326,30.594809,29.20985,28.581352,27.840693
2026-06-26,29.698183,30.679304,29.241611,28.456959,27.958138
2026-06-27,29.462563,30.628227,29.593773,28.369318,27.962261
2026-06-28,29.438696,30.558422,29.52176,28.314316,27.924736
2026-06-29,29.50752,30.628336,29.494993,28.296677,27.70049
2026-06-30,29.420406,30.684134,29.423923,28.427322,27.509947
2026-07-01,29.552357,30.634897,29.389883,28.34633,27.444384
2026-07-02,,,29.41281,28.321104,27.388863
